CustomerID,Age,Gender,Location,ComChannel,DependentChildren,MotorID,HealthID,TravelID
100001,24,Male,Urban,Email,0,M100001,H100001,T100001
100002,22,Female,Urban,Email,0,M100002,,
100003,50,Male,Rural,Email,0,M100003,,T100003
100004,24,Female,Rural,Email,0,M100004,H100004,
100005,49,Male,Rural,Email,3,M100005,,T100005
100006,48,Female,Urban,Email,0,M100006,,T100006
100007,62,Female,Rural,Email,2,M100007,,
100008,21,Male,Urban,Email,0,M100008,,T100008
100009,52,Male,Urban,Email,0,M100009,H100009,
100010,22,Female,Urban,Phone,0,,,T100010
100011,63,Female,Urban,SMS,2,,H100011,T100011
100012,69,Male,Urban,Phone,2,M100012,H100012,
100013,45,Male,Rural,Email,0,M100013,H100013,
100014,49,Female,Urban,SMS,0,M100014,,T100014
100015,22,Male,Urban,SMS,0,M100015,H100015,T100015
100016,53,Female,Rural,Phone,2,M100016,H100016,T100016
100017,47,Male,Rural,Email,1,,H100017,T100017
100018,23,Female,Urban,SMS,1,M100018,,
100019,53,Female,Rural,SMS,0,,H100019,T100019
100020,53,Male,Urban,Phone,0,M100020,,
100021,53,Female,Urban,Phone,0,M100021,H100021,
100022,54,Male,Rural,Phone,0,M100022,H100022,
100023,51,Female,Urban,SMS,1,M100023,H100023,T100023
100024,48,Female,Urban,Email,1,M100024,H100024,T100024
100025,21,Male,Urban,Email,0,,H100025,
100026,42,Male,Urban,Phone,1,M100026,H100026,T100026
100027,19,Female,Urban,Email,0,,,T100027
100028,51,Male,Rural,Email,1,M100028,H100028,
100029,50,Female,Urban,Email,3,M100029,H100029,T100029
100030,51,Male,Rural,Email,1,,H100030,T100030
100031,20,Female,Urban,Email,0,,H100031,T100031
100032,23,Male,Rural,Phone,0,M100032,,T100032
100033,45,Female,Urban,Email,0,M100033,,T100033
100034,23,Male,Urban,Email,0,M100034,,
100035,23,Male,Urban,Email,1,M100035,H100035,
100036,53,Male,Urban,SMS,1,M100036,H100036,T100036
100037,44,Female,Rural,Phone,0,M100037,H100037,
100038,38,Female,Rural,SMS,1,,H100038,T100038
100039,45,Female,Rural,Email,1,M100039,,
100040,51,Male,Urban,Email,1,M100040,H100040,T100040
100041,25,Female,Rural,SMS,0,M100041,,
100042,47,Male,Rural,Phone,2,M100042,H100042,
100043,62,Female,Rural,Email,2,M100043,H100043,T100043
100044,50,Non-binary,Rural,Phone,0,,H100044,T100044
100045,51,Male,Rural,Phone,2,M100045,,
100046,52,Male,Urban,Email,2,M100046,,T100046
100047,46,Male,Rural,Phone,1,M100047,H100047,
100048,42,Male,Urban,Email,2,M100048,,T100048
100049,50,Male,Urban,Email,2,M100049,,
100050,29,Male,Rural,SMS,0,M100050,H100050,T100050
100051,21,Male,Urban,Email,0,M100051,H100051,T100051
100052,40,Female,Urban,Phone,2,M100052,,T100052
100053,21,Female,Urban,SMS,0,,H100053,
100054,38,Male,Urban,SMS,1,M100054,,T100054
100055,47,Male,Rural,Phone,0,M100055,,
100056,56,Female,Rural,Phone,1,M100056,,T100056
100057,20,Female,Urban,Email,0,M100057,,T100057
100058,47,Male,Rural,Phone,1,M100058,,T100058
100059,50,Female,Rural,Phone,1,M100059,H100059,T100059
100060,24,Male,Rural,Phone,0,M100060,H100060,T100060
100061,18,Male,Urban,Email,0,,H100061,T100061
100062,20,Female,Urban,Email,0,M100062,H100062,T100062
100063,18,Female,Urban,SMS,0,,H100063,T100063
100064,24,Female,Urban,SMS,0,M100064,,
100065,42,Female,Rural,Email,2,,,
100066,47,Male,Urban,Phone,2,,H100066,T100066
100067,20,Male,Urban,Email,0,,H100067,T100067
100068,23,Male,Rural,SMS,0,M100068,,
100069,24,Female,Urban,Email,0,M100069,H100069,T100069
100070,50,Male,Urban,Phone,1,M100070,H100070,
100071,27,Female,Rural,Email,0,M100071,,
100072,51,Male,Rural,Email,2,,,
100073,22,Female,Urban,SMS,0,M100073,H100073,T100073
100074,22,Male,Rural,Email,0,M100074,H100074,T100074
100075,55,Male,Rural,Email,2,M100075,,
100076,22,Female,Rural,Email,0,M100076,H100076,T100076
100077,18,Male,Urban,Email,0,M100077,H100077,
100078,24,Female,Rural,Phone,0,M100078,H100078,T100078
100079,78,Female,Rural,Phone,0,,H100079,T100079
100080,50,Male,Urban,Phone,0,,H100080,T100080
100081,51,Male,Rural,Phone,3,M100081,H100081,T100081
100082,66,Female,Rural,Phone,1,M100082,,T100082
100083,24,Female,Urban,SMS,0,M100083,H100083,T100083
100084,69,Female,Rural,Email,2,M100084,H100084,
100085,19,Male,Urban,Email,0,M100085,H100085,
100086,52,Male,Rural,Email,1,M100086,,
100087,54,Female,Rural,Email,1,M100087,H100087,T100087
100088,39,Female,Urban,Email,2,,H100088,T100088
100089,60,Male,Urban,Email,1,M100089,H100089,
100090,21,Male,Urban,SMS,0,M100090,,T100090
100091,69,Female,Rural,Phone,1,M100091,H100091,
100092,40,Male,Urban,SMS,3,M100092,H100092,
100093,54,Female,Rural,Phone,0,M100093,,
100094,70,Female,Urban,Phone,1,M100094,H100094,
100095,23,Male,Urban,Email,0,M100095,H100095,T100095
100096,62,Male,Rural,Phone,1,M100096,H100096,
100097,53,Female,Urban,Email,0,M100097,,
100098,52,Male,Urban,SMS,0,M100098,,T100098
100099,24,Male,Urban,SMS,0,M100099,,T100099
100100,52,Male,Urban,Email,1,M100100,H100100,
100101,54,Male,Urban,Phone,1,M100101,,T100101
100102,52,Male,Urban,Phone,0,,H100102,T100102
100103,23,Male,Rural,Phone,0,M100103,H100103,T100103
100104,24,Female,Urban,Email,0,,H100104,T100104
100105,54,Male,Urban,Phone,3,M100105,,
100106,22,Female,Urban,SMS,0,M100106,H100106,T100106
100107,52,Male,Urban,Email,2,,H100107,T100107
100108,79,Female,Rural,Phone,3,,H100108,T100108
100109,20,Female,Urban,Email,0,M100109,,T100109
100110,18,Male,Urban,SMS,0,M100110,H100110,T100110
100111,53,Female,Rural,Email,2,M100111,H100111,T100111
100112,22,Female,Rural,Email,0,,,
100113,49,Female,Rural,Email,0,,H100113,T100113
100114,52,Male,Rural,Phone,1,M100114,H100114,
100115,45,Female,Rural,Phone,1,M100115,,T100115
100116,39,Female,Rural,Email,0,M100116,,T100116
100117,47,Male,Rural,Email,1,M100117,,
100118,47,Male,Urban,Phone,1,M100118,,T100118
100119,24,Male,Rural,Email,0,M100119,H100119,
100120,50,Female,Rural,Email,2,M100120,H100120,T100120
100121,46,Male,Rural,SMS,0,M100121,H100121,T100121
100122,48,Male,Urban,Email,0,M100122,H100122,
100123,47,Male,Rural,Phone,1,M100123,H100123,T100123
100124,34,Male,Urban,Email,5,M100124,H100124,T100124
100125,20,Female,Rural,Phone,0,M100125,H100125,T100125
100126,20,Male,Urban,SMS,0,M100126,H100126,
100127,20,Male,Rural,Email,0,M100127,H100127,
100128,67,Female,Rural,Phone,0,M100128,H100128,
100129,23,Female,Urban,SMS,0,M100129,H100129,T100129
100130,50,Female,Urban,Phone,1,M100130,,T100130
100131,21,Male,Urban,Email,0,M100131,,T100131
100132,20,Female,Rural,Email,0,M100132,,
100133,41,Male,Rural,Phone,1,M100133,,T100133
100134,25,Male,Rural,Email,0,M100134,H100134,T100134
100135,54,Female,Urban,Email,2,M100135,H100135,
100136,60,Female,Rural,Phone,0,M100136,H100136,
100137,47,Female,Rural,Phone,2,M100137,H100137,
100138,21,Female,Urban,Email,0,,,
100139,53,Male,Urban,Email,1,M100139,H100139,T100139
100140,19,Male,Urban,Phone,0,,H100140,T100140
100141,60,Male,Urban,Email,0,M100141,H100141,
100142,50,Non-binary,Urban,Email,1,M100142,,
100143,33,Female,Urban,Email,2,M100143,,
100144,21,Male,Urban,Email,0,,H100144,T100144
100145,23,Female,Urban,SMS,0,M100145,,T100145
100146,23,Female,Urban,Email,1,M100146,H100146,
100147,63,Female,Rural,Phone,1,M100147,H100147,T100147
100148,48,Female,Urban,Phone,4,M100148,H100148,
100149,75,Male,Urban,Email,0,M100149,,T100149
100150,19,Male,Rural,Email,0,M100150,H100150,T100150
100151,53,Female,Urban,Phone,2,,,
100152,24,Female,Urban,Email,0,M100152,,T100152
100153,47,Male,Urban,Email,1,M100153,,T100153
100154,30,Male,Urban,SMS,4,,H100154,T100154
100155,23,Male,Rural,Email,0,M100155,H100155,
100156,45,Female,Urban,SMS,1,M100156,H100156,
100157,22,Female,Urban,Email,0,M100157,,
100158,53,Male,Urban,Email,0,,,T100158
100159,53,Male,Rural,Phone,0,M100159,,
100160,19,Female,Urban,Email,0,M100160,H100160,
100161,62,Female,Urban,Email,0,M100161,H100161,T100161
100162,52,Female,Urban,Email,0,M100162,H100162,
100163,45,Male,Rural,Email,0,M100163,,T100163
100164,52,Female,Rural,Phone,0,M100164,,T100164
100165,51,Male,Rural,Email,2,M100165,H100165,T100165
100166,54,Male,Urban,SMS,1,,H100166,
100167,45,Female,Urban,Email,2,M100167,,
100168,54,Female,Rural,Email,0,M100168,H100168,T100168
100169,21,Female,Urban,Email,0,M100169,,T100169
100170,19,Female,Rural,Email,0,M100170,H100170,T100170
100171,48,Male,Urban,SMS,2,M100171,H100171,T100171
100172,23,Male,Urban,SMS,1,M100172,H100172,T100172
100173,24,Female,Urban,Email,0,M100173,,
100174,20,Male,Urban,Email,0,M100174,H100174,
100175,54,Female,Rural,Phone,3,M100175,H100175,
100176,22,Male,Urban,Email,0,,H100176,T100176
100177,46,Male,Urban,Phone,0,M100177,H100177,
100178,50,Female,Rural,Email,1,M100178,H100178,
100179,53,Male,Rural,Phone,2,M100179,H100179,T100179
100180,25,Male,Rural,Email,0,M100180,H100180,T100180
100181,45,Female,Rural,Email,3,M100181,,
100182,45,Non-binary,Rural,Phone,0,M100182,H100182,T100182
100183,50,Female,Urban,Phone,1,,H100183,T100183
100184,45,Female,Rural,SMS,0,,H100184,T100184
100185,24,Male,Rural,Phone,0,M100185,H100185,T100185
100186,66,Female,Urban,Phone,1,,H100186,T100186
100187,18,Female,Rural,Email,0,M100187,H100187,T100187
100188,47,Female,Urban,Email,1,,H100188,T100188
100189,52,Female,Rural,Phone,1,M100189,H100189,
100190,24,Female,Urban,Email,0,M100190,,
100191,47,Female,Rural,SMS,2,M100191,,
100192,21,Male,Urban,Phone,0,M100192,,T100192
100193,52,Female,Rural,Phone,2,M100193,,T100193
100194,52,Male,Urban,Phone,0,,H100194,T100194
100195,19,Male,Rural,Phone,0,M100195,H100195,T100195
100196,23,Female,Urban,Phone,0,,H100196,T100196
100197,53,Male,Rural,Phone,1,M100197,,T100197
100198,23,Male,Urban,Email,0,M100198,,
100199,50,Male,Urban,Phone,1,M100199,H100199,
100200,48,Male,Urban,Email,1,M100200,H100200,T100200
100201,53,Female,Rural,Phone,0,M100201,,
100202,24,Female,Urban,Email,0,M100202,H100202,T100202
100203,50,Male,Rural,Email,3,,H100203,T100203
100204,62,Male,Urban,Phone,2,,,
100205,20,Male,Rural,Email,0,M100205,,
100206,32,Male,Urban,Email,0,,,T100206
100207,18,Female,Urban,Phone,0,M100207,,
100208,44,Female,Urban,Phone,0,M100208,H100208,T100208
100209,50,Male,Urban,Phone,0,M100209,H100209,T100209
100210,50,Female,Urban,Email,3,M100210,H100210,T100210
100211,46,Male,Urban,Email,0,,,T100211
100212,30,Male,Urban,Phone,1,M100212,,
100213,18,Female,Rural,Email,0,M100213,,
100214,24,Female,Urban,Email,1,,H100214,T100214
100215,52,Male,Rural,Email,2,M100215,,T100215
100216,49,Male,Urban,Email,1,M100216,H100216,T100216
100217,43,Male,Urban,SMS,1,M100217,H100217,T100217
100218,53,Female,Urban,Email,0,M100218,H100218,
100219,18,Female,Urban,Email,0,M100219,H100219,
100220,18,Female,Urban,SMS,0,M100220,,T100220
100221,19,Female,Rural,SMS,1,M100221,,
100222,65,Female,Rural,Phone,1,M100222,,
100223,50,Male,Rural,Phone,0,,,
100224,50,Female,Urban,Email,2,M100224,H100224,
100225,21,Male,Urban,SMS,1,M100225,,
100226,18,Male,Rural,Email,0,,,T100226
100227,54,Male,Urban,Email,0,M100227,,
100228,44,Male,Urban,Email,0,M100228,H100228,T100228
100229,60,Female,Urban,Phone,2,M100229,,
100230,45,Male,Urban,Email,0,M100230,,
100231,48,Female,Rural,Phone,1,M100231,,
100232,52,Female,Urban,Phone,3,M100232,H100232,
100233,76,Male,Urban,Email,4,,H100233,T100233
100234,47,Female,Rural,Phone,0,M100234,H100234,
100235,53,Female,Rural,Email,3,M100235,,T100235
100236,64,Male,Urban,Email,1,M100236,,T100236
100237,21,Female,Urban,Email,0,,H100237,T100237
100238,48,Female,Rural,Email,1,M100238,H100238,
100239,21,Female,Urban,Email,0,M100239,,T100239
100240,45,Female,Urban,Phone,2,,H100240,T100240
100241,50,Male,Urban,Phone,0,M100241,H100241,
100242,45,Male,Urban,Email,0,M100242,,
100243,45,Female,Rural,Phone,2,M100243,H100243,T100243
100244,50,Male,Rural,Phone,3,M100244,H100244,
100245,21,Non-binary,Rural,Email,0,M100245,,T100245
100246,24,Male,Rural,Phone,1,M100246,,T100246
100247,21,Male,Rural,SMS,0,,H100247,T100247
100248,54,Male,Rural,Email,2,M100248,,
100249,53,Male,Rural,Phone,0,M100249,H100249,
100250,20,Male,Urban,SMS,0,M100250,,
100251,54,Female,Urban,Phone,0,M100251,H100251,
100252,39,Female,Urban,SMS,3,M100252,H100252,
100253,50,Female,Urban,Email,3,M100253,H100253,T100253
100254,36,Male,Urban,Phone,2,M100254,H100254,
100255,19,Female,Urban,Email,0,M100255,,
100256,50,Male,Urban,Email,0,M100256,H100256,
100257,47,Female,Urban,SMS,2,,H100257,T100257
100258,22,Male,Urban,Email,1,,H100258,T100258
100259,66,Female,Urban,SMS,3,M100259,,
100260,47,Female,Urban,Phone,2,,H100260,T100260
100261,51,Female,Rural,SMS,3,M100261,,
100262,51,Male,Urban,SMS,3,M100262,,T100262
100263,54,Female,Urban,Phone,2,M100263,,
100264,33,Female,Urban,SMS,1,M100264,H100264,T100264
100265,53,Male,Rural,Phone,0,M100265,H100265,T100265
100266,45,Male,Rural,Phone,1,,H100266,T100266
100267,22,Male,Urban,Phone,0,M100267,H100267,
100268,19,Male,Urban,Email,1,M100268,H100268,T100268
100269,19,Female,Rural,Email,0,M100269,,
100270,47,Male,Rural,Email,1,M100270,H100270,T100270
100271,49,Female,Urban,Email,0,M100271,,T100271
100272,46,Male,Urban,Email,2,,H100272,T100272
100273,30,Male,Urban,Email,1,M100273,,T100273
100274,19,Female,Urban,Phone,0,,H100274,
100275,50,Female,Rural,Phone,1,M100275,H100275,
100276,51,Male,Rural,Phone,3,M100276,,T100276
100277,56,Male,Rural,SMS,3,M100277,H100277,
100278,46,Male,Rural,Phone,0,,H100278,T100278
100279,63,Male,Urban,Phone,2,M100279,,T100279
100280,52,Male,Rural,Email,0,M100280,H100280,
100281,68,Female,Urban,SMS,2,M100281,H100281,
100282,53,Male,Urban,Email,0,M100282,H100282,T100282
100283,19,Female,Rural,Email,0,M100283,H100283,T100283
100284,24,Male,Urban,Email,0,M100284,H100284,
100285,36,Male,Rural,Phone,1,M100285,H100285,T100285
100286,22,Female,Rural,Phone,0,M100286,H100286,
100287,18,Male,Rural,Email,0,M100287,H100287,T100287
100288,56,Male,Rural,Phone,2,,H100288,T100288
100289,20,Female,Urban,Email,0,M100289,,
100290,55,Male,Urban,Phone,1,M100290,H100290,T100290
100291,49,Male,Rural,Email,1,,H100291,T100291
100292,47,Female,Rural,Email,1,,H100292,
100293,45,Female,Rural,Phone,1,,,
100294,34,Female,Urban,Email,0,M100294,H100294,T100294
100295,54,Male,Urban,Email,0,M100295,,
100296,24,Female,Urban,Email,0,M100296,,T100296
100297,56,Female,Rural,Phone,1,M100297,,T100297
100298,20,Male,Rural,SMS,0,M100298,,T100298
100299,20,Male,Rural,Phone,0,M100299,,
100300,48,Male,Urban,Phone,1,M100300,H100300,
100301,49,Male,Urban,SMS,2,M100301,,T100301
100302,50,Female,Urban,Email,4,M100302,H100302,T100302
100303,49,Female,Urban,Email,2,M100303,H100303,T100303
100304,20,Male,Urban,Email,0,M100304,,
100305,54,Female,Rural,Email,0,M100305,H100305,
100306,24,Female,Urban,Email,0,M100306,,
100307,20,Male,Urban,Email,0,M100307,H100307,
100308,19,Female,Rural,Email,0,M100308,H100308,T100308
100309,30,Male,Rural,Email,2,M100309,,
100310,28,Male,Urban,Email,2,M100310,H100310,
100311,54,Male,Urban,Email,1,M100311,H100311,T100311
100312,21,Female,Rural,SMS,0,M100312,,T100312
100313,18,Female,Rural,Phone,0,M100313,,T100313
100314,46,Male,Rural,Email,2,M100314,,
100315,18,Male,Urban,Email,0,M100315,H100315,T100315
100316,48,Female,Urban,Email,1,M100316,,
100317,58,Female,Rural,Email,2,M100317,H100317,
100318,53,Male,Urban,Email,3,M100318,H100318,
100319,53,Female,Urban,Email,2,,H100319,T100319
100320,18,Female,Rural,SMS,0,M100320,,
100321,24,Female,Urban,SMS,0,M100321,H100321,T100321
100322,50,Female,Rural,Phone,1,M100322,,T100322
100323,48,Female,Rural,Phone,2,M100323,,
100324,49,Female,Urban,Phone,2,M100324,H100324,
100325,21,Male,Rural,Phone,0,M100325,H100325,T100325
100326,46,Female,Urban,SMS,0,M100326,H100326,
100327,43,Female,Rural,Phone,2,M100327,H100327,T100327
100328,18,Female,Rural,Phone,0,M100328,,
100329,18,Male,Rural,SMS,0,M100329,H100329,T100329
100330,69,Female,Urban,Phone,0,M100330,H100330,T100330
100331,19,Female,Rural,Email,0,M100331,H100331,
100332,45,Male,Rural,Email,1,M100332,,T100332
100333,48,Male,Rural,Phone,0,M100333,,
100334,48,Male,Rural,Email,1,M100334,,
100335,46,Female,Urban,Email,0,,,
100336,53,Female,Rural,Email,1,M100336,,
100337,24,Female,Urban,Email,0,M100337,H100337,
100338,23,Male,Urban,SMS,0,M100338,,
100339,50,Female,Rural,Email,1,M100339,H100339,T100339
100340,34,Female,Rural,Email,2,M100340,,T100340
100341,20,Female,Rural,Email,0,M100341,H100341,T100341
100342,20,Male,Urban,Email,1,M100342,H100342,
100343,25,Female,Urban,Phone,1,M100343,H100343,T100343
100344,22,Female,Urban,Phone,0,M100344,H100344,
100345,18,Male,Urban,Email,1,,H100345,T100345
100346,61,Male,Rural,Phone,2,M100346,H100346,T100346
100347,32,Male,Urban,Email,1,,H100347,T100347
100348,68,Male,Urban,Phone,0,,H100348,
100349,74,Female,Urban,SMS,3,M100349,H100349,T100349
100350,20,Male,Urban,SMS,0,,H100350,T100350
100351,48,Female,Rural,Email,0,M100351,H100351,
100352,50,Male,Rural,Phone,1,M100352,H100352,T100352
100353,47,Female,Urban,Phone,0,M100353,,
100354,23,Male,Urban,SMS,0,,H100354,T100354
100355,20,Male,Urban,Email,0,M100355,,
100356,21,Female,Urban,Email,0,M100356,H100356,T100356
100357,53,Female,Rural,Email,1,M100357,,T100357
100358,68,Male,Rural,Email,0,M100358,H100358,T100358
100359,49,Female,Urban,Phone,1,M100359,H100359,T100359
100360,54,Male,Rural,Phone,1,,,T100360
100361,70,Female,Urban,Phone,1,M100361,,
100362,46,Male,Urban,Phone,1,M100362,H100362,
100363,19,Male,Rural,Email,0,M100363,,
100364,54,Female,Urban,SMS,2,M100364,H100364,T100364
100365,42,Male,Urban,Phone,0,M100365,H100365,
100366,23,Male,Rural,SMS,1,M100366,,
100367,47,Male,Rural,Phone,0,M100367,,
100368,63,Male,Urban,Email,1,M100368,,T100368
100369,20,Male,Rural,Email,0,,H100369,T100369
100370,52,Female,Urban,SMS,0,M100370,H100370,
100371,24,Female,Urban,Email,0,M100371,H100371,
100372,19,Female,Urban,Email,0,M100372,H100372,
100373,24,Male,Rural,Phone,0,M100373,H100373,T100373
100374,51,Male,Urban,Email,0,,,
100375,52,Female,Rural,Email,0,M100375,H100375,
100376,23,Male,Rural,Email,0,,H100376,T100376
100377,19,Female,Urban,Email,0,M100377,,
100378,23,Male,Rural,Phone,0,M100378,H100378,
100379,19,Male,Urban,Email,0,M100379,H100379,
100380,47,Male,Rural,Phone,1,M100380,H100380,
100381,46,Male,Urban,Email,0,M100381,H100381,
100382,46,Male,Urban,Phone,2,M100382,,T100382
100383,44,Female,Rural,Email,3,,H100383,T100383
100384,48,Male,Urban,Email,1,M100384,,T100384
100385,20,Female,Urban,SMS,0,M100385,,T100385
100386,21,Male,Urban,Email,0,M100386,H100386,T100386
100387,62,Male,Urban,Phone,1,M100387,,T100387
100388,50,Female,Urban,Email,0,M100388,,T100388
100389,60,Female,Rural,Phone,2,,,
100390,63,Female,Rural,Phone,0,M100390,H100390,T100390
100391,49,Male,Urban,SMS,3,M100391,H100391,
100392,62,Female,Urban,Phone,1,M100392,H100392,T100392
100393,44,Male,Rural,Email,2,M100393,H100393,
100394,22,Female,Rural,Phone,0,M100394,H100394,T100394
100395,18,Male,Rural,Email,0,M100395,,
100396,19,Male,Urban,SMS,0,M100396,H100396,
100397,22,Female,Urban,SMS,0,M100397,H100397,T100397
100398,29,Male,Rural,Email,0,M100398,H100398,
100399,47,Female,Urban,Phone,0,M100399,H100399,
100400,48,Male,Urban,Email,0,M100400,H100400,T100400
100401,45,Female,Urban,SMS,1,,H100401,T100401
100402,19,Male,Rural,Email,0,M100402,H100402,
100403,52,Female,Urban,Email,3,M100403,H100403,T100403
100404,25,Male,Rural,SMS,0,,H100404,T100404
100405,23,Female,Rural,SMS,0,M100405,H100405,
100406,20,Male,Urban,Email,1,M100406,,
100407,33,Female,Rural,Email,0,M100407,H100407,T100407
100408,19,Female,Rural,Phone,0,M100408,,T100408
100409,53,Male,Urban,Phone,2,M100409,,T100409
100410,50,Female,Rural,Phone,1,M100410,H100410,T100410
100411,53,Female,Urban,Email,0,M100411,H100411,
100412,18,Male,Urban,Email,1,,H100412,T100412
100413,52,Female,Rural,Email,3,M100413,H100413,T100413
100414,47,Male,Rural,Email,4,M100414,H100414,T100414
100415,20,Female,Urban,SMS,0,M100415,,
100416,45,Male,Rural,Email,1,M100416,H100416,
100417,54,Male,Rural,Email,1,,H100417,T100417
100418,51,Female,Rural,Phone,0,,H100418,T100418
100419,24,Female,Urban,Email,0,M100419,H100419,
100420,50,Male,Urban,Email,0,M100420,,T100420
100421,19,Male,Urban,SMS,0,M100421,,T100421
100422,20,Female,Rural,Email,0,M100422,,T100422
100423,21,Female,Urban,SMS,0,M100423,H100423,T100423
100424,56,Female,Rural,Email,1,M100424,,
100425,24,Male,Urban,Email,1,M100425,H100425,T100425
100426,34,Male,Rural,Phone,2,M100426,H100426,
100427,30,Female,Rural,Email,2,M100427,H100427,
100428,50,Male,Rural,Phone,1,M100428,,
100429,52,Male,Rural,Email,0,M100429,,
100430,61,Male,Rural,Phone,1,M100430,,T100430
100431,18,Female,Urban,Email,0,,,
100432,21,Female,Rural,SMS,0,M100432,,
100433,52,Female,Rural,Phone,1,,H100433,T100433
100434,33,Male,Rural,Email,0,M100434,H100434,
100435,50,Female,Urban,Email,0,M100435,,
100436,53,Female,Rural,Phone,3,M100436,,
100437,50,Male,Urban,Phone,1,M100437,H100437,T100437
100438,70,Male,Urban,Phone,0,M100438,H100438,
100439,49,Female,Urban,Phone,0,M100439,,
100440,22,Female,Urban,Email,0,M100440,H100440,
100441,53,Female,Urban,Email,1,M100441,,
100442,19,Female,Urban,SMS,0,M100442,H100442,
100443,47,Female,Rural,Email,1,M100443,,T100443
100444,22,Female,Urban,Email,0,M100444,H100444,T100444
100445,32,Female,Urban,Phone,2,M100445,,
100446,48,Male,Rural,Phone,1,M100446,,T100446
100447,22,Male,Rural,Email,0,M100447,,
100448,18,Female,Urban,Email,0,M100448,H100448,T100448
100449,47,Male,Urban,Email,0,,H100449,T100449
100450,24,Female,Rural,Phone,0,M100450,,
100451,50,Male,Rural,Phone,0,M100451,H100451,T100451
100452,33,Male,Urban,Phone,1,M100452,,T100452
100453,19,Male,Urban,SMS,0,M100453,,
100454,20,Male,Rural,SMS,0,M100454,H100454,
100455,54,Female,Rural,Email,0,M100455,H100455,T100455
100456,64,Female,Urban,Email,3,,H100456,T100456
100457,24,Female,Rural,Email,1,M100457,,T100457
100458,58,Female,Rural,Email,0,M100458,H100458,
100459,53,Male,Rural,Email,0,M100459,H100459,
100460,49,Female,Rural,Phone,1,M100460,H100460,
100461,53,Female,Rural,Email,0,M100461,H100461,
100462,53,Male,Urban,Email,2,M100462,H100462,T100462
100463,49,Male,Urban,Phone,1,M100463,,T100463
100464,48,Male,Rural,SMS,1,M100464,H100464,T100464
100465,54,Male,Rural,Email,0,M100465,,
100466,29,Male,Urban,SMS,1,M100466,H100466,T100466
100467,21,Female,Urban,SMS,1,M100467,H100467,T100467
100468,51,Male,Rural,Phone,0,M100468,H100468,T100468
100469,24,Female,Rural,Phone,0,M100469,H100469,
100470,18,Female,Urban,Email,0,M100470,H100470,
100471,24,Male,Urban,Email,0,M100471,,T100471
100472,20,Female,Urban,Email,0,M100472,,T100472
100473,45,Female,Rural,Email,3,M100473,H100473,T100473
100474,48,Female,Rural,Phone,1,M100474,H100474,T100474
100475,49,Non-binary,Urban,Phone,1,M100475,H100475,
100476,22,Male,Urban,Email,0,,H100476,T100476
100477,50,Female,Rural,Phone,1,,,
100478,26,Male,Urban,Email,1,,H100478,T100478
100479,49,Female,Rural,Email,1,,,
100480,47,Male,Urban,Phone,2,M100480,H100480,
100481,47,Female,Urban,Email,0,M100481,H100481,T100481
100482,52,Female,Rural,Phone,1,M100482,,T100482
100483,77,Male,Urban,Phone,1,,H100483,T100483
100484,46,Male,Rural,Phone,0,M100484,H100484,
100485,51,Female,Rural,Email,0,M100485,,
100486,49,Female,Urban,Email,0,M100486,,
100487,20,Male,Urban,SMS,0,M100487,H100487,
100488,62,Female,Rural,Phone,1,M100488,H100488,T100488
100489,27,Female,Rural,Email,0,M100489,H100489,T100489
100490,23,Male,Urban,SMS,0,M100490,H100490,
100491,71,Female,Urban,Phone,0,M100491,H100491,T100491
100492,45,Female,Rural,Email,1,M100492,H100492,
100493,23,Female,Urban,Email,0,M100493,H100493,
100494,23,Female,Rural,Phone,0,,H100494,T100494
100495,21,Male,Urban,Phone,0,,H100495,T100495
100496,52,Male,Urban,Phone,0,M100496,,
100497,19,Female,Rural,Phone,0,M100497,,
100498,58,Male,Urban,Phone,0,M100498,H100498,
100499,58,Female,Urban,Phone,0,M100499,H100499,
100500,52,Female,Urban,Email,3,M100500,H100500,
100501,48,Male,Rural,Phone,3,,,T100501
100502,23,Female,Rural,Email,0,,H100502,T100502
100503,20,Male,Urban,Phone,0,,H100503,T100503
100504,51,Female,Rural,Phone,0,M100504,H100504,
100505,19,Male,Urban,SMS,0,M100505,,T100505
100506,21,Male,Urban,Email,0,M100506,H100506,
100507,25,Female,Urban,Email,0,,,
100508,23,Male,Urban,SMS,0,,,T100508
100509,45,Female,Urban,Phone,0,M100509,,
100510,54,Female,Rural,Phone,0,M100510,H100510,
100511,53,Female,Urban,Phone,0,,H100511,T100511
100512,50,Male,Rural,SMS,0,M100512,H100512,
100513,54,Male,Rural,Email,1,M100513,H100513,
100514,43,Male,Urban,SMS,1,M100514,H100514,
100515,46,Male,Urban,Email,4,M100515,H100515,T100515
100516,52,Female,Urban,SMS,1,M100516,H100516,
100517,20,Male,Urban,Email,1,M100517,H100517,T100517
100518,63,Male,Rural,Phone,0,M100518,,
100519,24,Male,Rural,Email,0,M100519,,T100519
100520,24,Male,Rural,SMS,0,M100520,,T100520
100521,21,Male,Urban,SMS,0,M100521,H100521,
100522,36,Female,Urban,Email,3,M100522,H100522,
100523,26,Male,Urban,Email,1,M100523,,
100524,46,Non-binary,Rural,Email,0,M100524,H100524,T100524
100525,54,Male,Urban,Email,0,,H100525,T100525
100526,22,Female,Urban,SMS,0,M100526,,T100526
100527,48,Female,Rural,Email,0,M100527,,
100528,29,Male,Urban,SMS,5,M100528,,
100529,46,Male,Urban,SMS,2,M100529,,
100530,21,Male,Rural,Email,0,M100530,H100530,T100530
100531,20,Male,Urban,Email,0,M100531,H100531,
100532,52,Male,Urban,SMS,1,M100532,H100532,T100532
100533,45,Male,Urban,Phone,4,M100533,,T100533
100534,54,Female,Urban,Phone,1,,H100534,T100534
100535,45,Female,Rural,Email,0,M100535,H100535,T100535
100536,49,Male,Urban,Email,1,,,
100537,38,Female,Rural,Phone,1,M100537,,T100537
100538,23,Female,Urban,Email,1,M100538,H100538,T100538
100539,22,Male,Rural,Phone,0,,H100539,T100539
100540,19,Female,Rural,Phone,0,,H100540,T100540
100541,29,Male,Urban,Email,1,M100541,H100541,
100542,50,Female,Rural,Email,1,M100542,,T100542
100543,29,Male,Rural,Email,5,M100543,,
100544,45,Female,Rural,Phone,1,M100544,H100544,
100545,46,Male,Urban,Email,2,M100545,H100545,
100546,50,Male,Rural,Email,1,M100546,,
100547,47,Female,Urban,SMS,2,,,T100547
100548,30,Female,Rural,Phone,1,,H100548,T100548
100549,26,Female,Rural,Phone,0,,H100549,T100549
100550,52,Female,Urban,Phone,1,M100550,,T100550
100551,46,Female,Rural,Phone,2,M100551,,T100551
100552,31,Female,Rural,SMS,0,M100552,,T100552
100553,33,Male,Rural,SMS,1,M100553,H100553,T100553
100554,48,Female,Urban,Email,0,M100554,H100554,
100555,46,Female,Urban,Email,1,,H100555,T100555
100556,18,Female,Urban,Email,0,M100556,,
100557,48,Female,Urban,Phone,1,M100557,H100557,T100557
100558,46,Male,Rural,Phone,2,M100558,,T100558
100559,24,Male,Urban,Email,0,M100559,,
100560,54,Male,Rural,SMS,2,M100560,H100560,T100560
100561,24,Female,Rural,Email,0,M100561,H100561,T100561
100562,54,Female,Rural,Phone,2,,H100562,T100562
100563,50,Female,Urban,Phone,1,M100563,H100563,T100563
100564,20,Male,Rural,Email,0,M100564,H100564,
100565,59,Female,Rural,Email,1,M100565,H100565,T100565
100566,47,Male,Rural,Phone,2,M100566,H100566,
100567,63,Male,Urban,Phone,3,M100567,,T100567
100568,21,Male,Rural,Email,0,M100568,,
100569,48,Male,Urban,Phone,3,,H100569,T100569
100570,61,Male,Rural,Phone,2,,H100570,T100570
100571,48,Female,Urban,Email,0,M100571,H100571,
100572,20,Female,Urban,SMS,0,M100572,,T100572
100573,47,Male,Rural,Email,1,M100573,,
100574,45,Male,Urban,Phone,0,,H100574,T100574
100575,55,Female,Rural,Phone,3,M100575,H100575,T100575
100576,49,Female,Rural,Email,3,M100576,H100576,T100576
100577,24,Female,Urban,Email,0,M100577,H100577,
100578,19,Male,Urban,Email,0,M100578,H100578,T100578
100579,51,Female,Urban,Email,0,M100579,H100579,
100580,69,Female,Rural,Phone,0,M100580,H100580,
100581,20,Female,Rural,Email,0,M100581,,
100582,46,Male,Urban,SMS,1,M100582,,
100583,60,Male,Urban,Phone,3,M100583,,
100584,22,Female,Urban,Email,0,M100584,H100584,T100584
100585,20,Male,Rural,SMS,0,M100585,,
100586,50,Female,Urban,Phone,1,,,
100587,49,Male,Urban,Phone,1,M100587,,
100588,19,Male,Rural,Phone,0,M100588,H100588,T100588
100589,51,Female,Urban,SMS,1,,H100589,T100589
100590,50,Male,Urban,Email,1,M100590,,
100591,45,Male,Rural,Email,0,M100591,,
100592,49,Female,Rural,SMS,0,M100592,H100592,T100592
100593,48,Female,Urban,Email,3,M100593,,
100594,52,Male,Rural,Phone,1,M100594,H100594,
100595,20,Female,Urban,Phone,0,,H100595,T100595
100596,54,Male,Rural,Phone,0,,H100596,
100597,22,Female,Urban,SMS,0,M100597,,T100597
100598,46,Male,Rural,SMS,0,M100598,,
100599,20,Male,Urban,Email,0,M100599,,
100600,53,Male,Rural,Phone,2,M100600,H100600,T100600
100601,19,Female,Rural,Phone,0,M100601,H100601,
100602,22,Male,Urban,Email,0,M100602,H100602,
100603,23,Male,Urban,SMS,0,M100603,H100603,T100603
100604,51,Male,Rural,Phone,0,M100604,,T100604
100605,45,Male,Urban,Email,0,M100605,H100605,
100606,20,Female,Rural,SMS,0,M100606,H100606,T100606
100607,48,Male,Rural,SMS,1,M100607,H100607,
100608,48,Female,Urban,Email,4,,H100608,
100609,33,Female,Urban,SMS,2,M100609,H100609,T100609
100610,45,Male,Rural,Email,1,M100610,,T100610
100611,40,Female,Urban,Email,0,,H100611,T100611
100612,24,Male,Rural,Email,0,M100612,,
100613,53,Female,Urban,Phone,2,,,
100614,22,Female,Urban,Email,0,M100614,,
100615,54,Male,Urban,Email,2,M100615,,
100616,59,Female,Urban,Phone,1,,H100616,T100616
100617,51,Male,Rural,Phone,1,M100617,H100617,T100617
100618,50,Non-binary,Urban,Email,0,M100618,H100618,
100619,45,Female,Rural,Email,1,,,T100619
100620,65,Female,Rural,Phone,2,,H100620,T100620
100621,24,Female,Urban,Phone,0,M100621,,
100622,19,Male,Urban,SMS,0,M100622,H100622,
100623,48,Female,Rural,Email,0,,H100623,T100623
100624,31,Male,Rural,Email,3,M100624,H100624,
100625,30,Non-binary,Urban,SMS,2,M100625,,
100626,21,Female,Urban,Email,0,,H100626,
100627,54,Male,Rural,Email,2,M100627,,
100628,23,Female,Urban,Email,0,M100628,H100628,T100628
100629,24,Male,Rural,Email,0,M100629,H100629,
100630,22,Female,Urban,Email,0,M100630,,
100631,44,Male,Rural,SMS,0,M100631,H100631,T100631
100632,51,Female,Urban,Phone,3,M100632,H100632,T100632
100633,30,Male,Rural,Phone,2,M100633,H100633,
100634,53,Female,Urban,Email,0,M100634,,T100634
100635,53,Male,Urban,Phone,2,M100635,H100635,
100636,25,Male,Urban,Email,0,M100636,H100636,T100636
100637,54,Male,Rural,SMS,0,M100637,,
100638,51,Male,Urban,Email,1,,H100638,T100638
100639,53,Female,Urban,Phone,1,M100639,H100639,
100640,23,Female,Rural,Email,0,M100640,,
100641,24,Female,Urban,Email,0,,H100641,T100641
100642,69,Male,Urban,SMS,1,M100642,H100642,T100642
100643,46,Female,Rural,Phone,1,,H100643,T100643
100644,56,Female,Rural,Phone,1,M100644,H100644,
100645,47,Male,Rural,Phone,1,M100645,,T100645
100646,19,Female,Urban,SMS,0,M100646,,
100647,49,Male,Urban,Email,2,M100647,H100647,T100647
100648,46,Female,Rural,Email,1,M100648,H100648,T100648
100649,46,Female,Urban,Phone,0,M100649,H100649,T100649
100650,21,Male,Rural,SMS,0,M100650,H100650,T100650
100651,23,Male,Urban,Email,0,M100651,,T100651
100652,46,Male,Rural,Email,0,M100652,,
100653,50,Female,Rural,Phone,0,,H100653,T100653
100654,51,Female,Urban,Email,2,M100654,,
100655,22,Female,Urban,Email,0,M100655,H100655,
100656,26,Female,Urban,Email,0,M100656,,T100656
100657,76,Male,Urban,Email,1,,,
100658,45,Female,Rural,Phone,2,M100658,H100658,T100658
100659,47,Male,Urban,Email,1,M100659,H100659,
100660,48,Male,Urban,Email,2,M100660,H100660,T100660
100661,43,Female,Urban,Phone,1,M100661,H100661,
100662,46,Male,Rural,Email,1,M100662,H100662,T100662
100663,52,Female,Urban,Email,2,M100663,H100663,
100664,54,Male,Urban,Email,0,M100664,,
100665,54,Female,Rural,Email,0,M100665,H100665,
100666,58,Male,Urban,Phone,0,M100666,,
100667,45,Female,Urban,Email,0,,,
100668,47,Female,Rural,Email,1,M100668,H100668,T100668
100669,52,Female,Urban,Email,1,M100669,,T100669
100670,46,Female,Rural,Email,2,M100670,H100670,T100670
100671,51,Male,Rural,Email,0,M100671,H100671,
100672,48,Female,Rural,Email,1,M100672,H100672,
100673,52,Male,Urban,Email,1,M100673,H100673,T100673
100674,51,Female,Urban,Email,1,M100674,H100674,T100674
100675,50,Female,Urban,SMS,2,M100675,H100675,
100676,23,Female,Urban,Email,0,,H100676,
100677,54,Female,Urban,Email,0,M100677,,T100677
100678,48,Male,Rural,Phone,0,,H100678,T100678
100679,21,Female,Rural,Email,0,M100679,H100679,
100680,51,Male,Urban,Phone,2,M100680,,
100681,53,Female,Rural,Email,1,M100681,,T100681
100682,21,Female,Rural,Email,0,,H100682,T100682
100683,48,Female,Rural,SMS,2,M100683,,
100684,53,Male,Rural,Email,2,,H100684,
100685,54,Male,Rural,Email,3,M100685,H100685,
100686,40,Male,Urban,Phone,1,M100686,H100686,T100686
100687,46,Female,Urban,SMS,1,M100687,H100687,
100688,37,Female,Rural,Email,1,M100688,H100688,
100689,49,Male,Rural,Phone,0,M100689,H100689,T100689
100690,22,Male,Rural,Email,0,M100690,,T100690
100691,51,Male,Rural,Phone,2,,,
100692,53,Female,Urban,Email,1,M100692,,T100692
100693,45,Male,Urban,Phone,0,M100693,,T100693
100694,49,Female,Rural,Email,2,M100694,H100694,
100695,52,Non-binary,Urban,Phone,1,M100695,H100695,T100695
100696,54,Female,Rural,Email,3,,H100696,T100696
100697,18,Male,Rural,Phone,0,M100697,H100697,T100697
100698,63,Female,Rural,Phone,2,M100698,H100698,
100699,45,Male,Urban,Phone,0,M100699,,
100700,67,Male,Rural,SMS,0,M100700,H100700,
100701,77,Male,Urban,Phone,1,M100701,,T100701
100702,62,Female,Rural,Phone,1,M100702,H100702,T100702
100703,54,Female,Urban,Email,3,M100703,H100703,T100703
100704,51,Male,Rural,SMS,0,M100704,H100704,T100704
100705,22,Male,Urban,Phone,0,,H100705,T100705
100706,50,Male,Urban,Email,0,M100706,,T100706
100707,50,Female,Urban,Email,2,M100707,,
100708,50,Female,Urban,Phone,1,M100708,H100708,
100709,47,Female,Urban,Phone,2,,H100709,T100709
100710,23,Male,Rural,SMS,1,,,
100711,38,Female,Rural,Phone,1,M100711,H100711,
100712,51,Female,Urban,Email,1,M100712,H100712,
100713,51,Male,Rural,SMS,2,M100713,,
100714,21,Male,Rural,Phone,0,,H100714,T100714
100715,22,Male,Rural,Phone,0,M100715,,T100715
100716,45,Female,Urban,Phone,1,M100716,,
100717,48,Female,Urban,Phone,1,M100717,,
100718,21,Male,Rural,Phone,0,M100718,,
100719,20,Female,Urban,Email,0,M100719,H100719,T100719
100720,54,Male,Urban,SMS,0,M100720,,
100721,24,Female,Rural,SMS,0,M100721,H100721,
100722,52,Male,Urban,Email,0,M100722,H100722,T100722
100723,48,Female,Rural,Email,1,M100723,,T100723
100724,18,Male,Urban,Email,0,M100724,H100724,
100725,52,Male,Rural,Phone,1,M100725,H100725,
100726,24,Female,Rural,Email,0,M100726,,T100726
100727,21,Female,Rural,SMS,0,,H100727,T100727
100728,53,Female,Rural,Email,1,M100728,H100728,
100729,54,Male,Rural,Email,1,M100729,H100729,T100729
100730,50,Female,Urban,Phone,2,M100730,,
100731,19,Female,Rural,SMS,0,M100731,,T100731
100732,25,Male,Rural,Email,0,M100732,H100732,
100733,52,Male,Urban,Email,3,M100733,,
100734,50,Male,Urban,Email,0,M100734,H100734,T100734
100735,67,Female,Urban,Phone,0,M100735,H100735,T100735
100736,18,Male,Rural,Email,0,,H100736,T100736
100737,54,Female,Rural,Email,0,M100737,,T100737
100738,48,Female,Urban,Email,1,M100738,,
100739,48,Male,Urban,Phone,2,,H100739,T100739
100740,31,Female,Rural,Phone,1,M100740,H100740,
100741,48,Male,Urban,Phone,0,M100741,,
100742,24,Female,Rural,Email,0,,H100742,
100743,51,Female,Urban,Email,1,M100743,H100743,
100744,48,Male,Urban,Email,1,M100744,,
100745,57,Female,Urban,SMS,2,M100745,,T100745
100746,53,Male,Rural,Email,1,M100746,,
100747,50,Male,Rural,Phone,1,,H100747,T100747
100748,54,Female,Urban,Phone,0,M100748,H100748,
100749,48,Male,Urban,SMS,2,M100749,H100749,T100749
100750,45,Male,Urban,Email,1,M100750,,
100751,24,Male,Urban,Email,0,M100751,H100751,
100752,68,Female,Rural,Phone,1,M100752,H100752,T100752
100753,53,Male,Urban,Email,1,M100753,,
100754,52,Male,Urban,Phone,1,M100754,H100754,
100755,47,Male,Urban,Email,2,,H100755,T100755
100756,52,Female,Urban,SMS,3,M100756,,T100756
100757,25,Female,Urban,SMS,0,M100757,H100757,
100758,48,Male,Urban,Email,2,M100758,,T100758
100759,20,Male,Urban,SMS,0,M100759,H100759,T100759
100760,31,Male,Urban,Phone,1,,H100760,T100760
100761,50,Male,Urban,Phone,2,M100761,H100761,
100762,31,Female,Rural,Email,1,M100762,,T100762
100763,39,Male,Urban,Email,1,M100763,H100763,
100764,52,Female,Urban,Phone,2,M100764,,
100765,19,Female,Urban,Email,0,,H100765,T100765
100766,52,Female,Rural,Phone,1,M100766,H100766,
100767,18,Male,Rural,Email,0,M100767,,T100767
100768,45,Female,Rural,Phone,1,M100768,,
100769,52,Female,Rural,Email,3,,H100769,T100769
100770,36,Female,Rural,Phone,3,,,
100771,52,Female,Urban,Email,1,M100771,H100771,T100771
100772,56,Male,Rural,Phone,1,M100772,H100772,T100772
100773,46,Female,Rural,Email,0,M100773,H100773,
100774,44,Female,Urban,Phone,1,M100774,H100774,
100775,46,Female,Urban,Email,0,M100775,H100775,T100775
100776,54,Male,Urban,Phone,2,M100776,H100776,T100776
100777,20,Male,Urban,Email,0,M100777,,
100778,52,Male,Rural,Phone,1,M100778,,T100778
100779,34,Female,Urban,Phone,2,M100779,H100779,T100779
100780,46,Female,Rural,Email,4,M100780,,
100781,20,Female,Rural,Email,0,M100781,H100781,
100782,22,Male,Urban,Email,0,M100782,H100782,
100783,77,Female,Urban,Phone,0,M100783,H100783,
100784,46,Female,Rural,SMS,2,M100784,H100784,
100785,46,Male,Rural,Email,2,,H100785,T100785
100786,58,Male,Urban,Phone,0,M100786,H100786,
100787,47,Female,Urban,Phone,1,,H100787,T100787
100788,19,Male,Rural,Phone,0,M100788,H100788,T100788
100789,18,Female,Rural,Email,0,M100789,H100789,
100790,53,Female,Urban,SMS,1,M100790,,T100790
100791,23,Female,Urban,Email,0,M100791,H100791,T100791
100792,56,Male,Rural,Phone,1,,H100792,T100792
100793,21,Female,Urban,Email,0,M100793,H100793,
100794,22,Male,Urban,SMS,0,M100794,H100794,T100794
100795,22,Female,Rural,SMS,0,M100795,,
100796,24,Male,Urban,SMS,0,M100796,H100796,
100797,22,Male,Urban,Email,0,M100797,H100797,
100798,51,Male,Rural,Phone,0,,H100798,T100798
100799,25,Male,Rural,Email,0,,,T100799
100800,45,Male,Urban,Phone,1,M100800,H100800,
100801,51,Male,Urban,Email,0,M100801,,T100801
100802,54,Female,Rural,Phone,1,M100802,H100802,T100802
100803,48,Non-binary,Rural,Phone,1,M100803,H100803,
100804,41,Female,Rural,Email,2,M100804,H100804,T100804
100805,19,Female,Rural,Email,0,,H100805,T100805
100806,29,Male,Rural,Email,0,M100806,H100806,
100807,76,Female,Rural,Phone,0,,H100807,
100808,51,Male,Rural,Phone,1,M100808,,
100809,18,Female,Urban,SMS,0,M100809,H100809,
100810,53,Female,Rural,Phone,1,M100810,,
100811,54,Male,Rural,Phone,1,M100811,,T100811
100812,49,Male,Urban,Email,1,M100812,H100812,T100812
100813,48,Female,Urban,Phone,2,M100813,,T100813
100814,50,Male,Rural,Phone,1,M100814,,T100814
100815,53,Female,Urban,Email,1,,H100815,T100815
100816,49,Female,Rural,Phone,1,M100816,,T100816
100817,18,Male,Urban,SMS,0,M100817,H100817,T100817
100818,18,Male,Urban,Phone,0,M100818,H100818,T100818
100819,77,Male,Urban,Phone,0,M100819,H100819,T100819
100820,52,Female,Rural,Email,2,M100820,H100820,
100821,42,Female,Urban,Phone,1,M100821,,
100822,46,Female,Rural,Email,4,M100822,,
100823,19,Male,Urban,SMS,0,M100823,H100823,
100824,48,Female,Urban,Email,1,M100824,H100824,T100824
100825,19,Female,Urban,Email,0,M100825,,
100826,48,Female,Urban,Phone,1,M100826,,
100827,50,Male,Rural,Email,1,M100827,H100827,T100827
100828,19,Female,Rural,Email,0,,H100828,T100828
100829,18,Male,Urban,Email,0,M100829,H100829,
100830,49,Male,Urban,Phone,0,,H100830,T100830
100831,23,Female,Rural,SMS,0,M100831,H100831,T100831
100832,22,Female,Rural,Email,0,M100832,,
100833,48,Female,Urban,Phone,0,M100833,H100833,
100834,28,Male,Rural,SMS,2,M100834,,
100835,40,Male,Urban,Phone,1,,H100835,T100835
100836,19,Female,Urban,SMS,0,M100836,H100836,T100836
100837,53,Male,Rural,Phone,3,M100837,,
100838,24,Female,Rural,Email,0,M100838,,
100839,18,Male,Rural,Email,1,M100839,,
100840,34,Male,Urban,Email,1,,H100840,T100840
100841,18,Male,Urban,Phone,0,M100841,H100841,
100842,29,Female,Rural,SMS,1,M100842,,
100843,22,Female,Urban,Email,0,M100843,H100843,T100843
100844,20,Non-binary,Urban,SMS,0,M100844,H100844,
100845,37,Female,Rural,Email,2,M100845,H100845,T100845
100846,45,Male,Urban,Email,1,M100846,,
100847,23,Male,Urban,SMS,0,M100847,,
100848,18,Male,Urban,SMS,0,M100848,H100848,T100848
100849,49,Male,Rural,Phone,0,,H100849,T100849
100850,48,Male,Urban,Email,2,M100850,H100850,
100851,54,Male,Urban,Email,2,M100851,H100851,
100852,24,Female,Urban,Email,0,M100852,,T100852
100853,53,Male,Urban,Phone,2,M100853,,
100854,23,Female,Urban,Email,1,,H100854,T100854
100855,21,Male,Rural,Phone,0,,H100855,T100855
100856,38,Male,Urban,Email,2,M100856,,
100857,46,Male,Urban,Phone,1,M100857,,
100858,44,Female,Urban,Email,0,,H100858,T100858
100859,48,Female,Urban,Phone,0,M100859,H100859,
100860,21,Male,Urban,Email,0,M100860,,
100861,26,Male,Rural,SMS,0,M100861,H100861,
100862,47,Female,Rural,Phone,0,M100862,H100862,T100862
100863,51,Male,Rural,Phone,1,M100863,H100863,T100863
100864,29,Male,Urban,Email,2,M100864,H100864,T100864
100865,50,Male,Rural,SMS,1,M100865,,
100866,19,Male,Rural,SMS,0,M100866,H100866,
100867,18,Male,Urban,SMS,0,M100867,H100867,
100868,53,Male,Urban,Phone,1,M100868,,T100868
100869,21,Female,Rural,Email,1,M100869,H100869,
100870,48,Male,Urban,Phone,3,M100870,H100870,
100871,47,Male,Urban,Email,1,M100871,H100871,T100871
100872,22,Male,Rural,Email,0,M100872,H100872,T100872
100873,21,Male,Urban,Email,0,M100873,,T100873
100874,28,Male,Rural,Phone,3,,H100874,T100874
100875,64,Female,Urban,Phone,1,M100875,H100875,
100876,54,Female,Urban,Phone,0,,H100876,T100876
100877,36,Female,Urban,Phone,0,,H100877,T100877
100878,22,Male,Urban,Email,0,,H100878,T100878
100879,54,Male,Rural,Email,1,M100879,,
100880,21,Female,Rural,SMS,0,M100880,,T100880
100881,45,Female,Rural,Phone,1,M100881,H100881,T100881
100882,46,Male,Urban,Email,1,M100882,,T100882
100883,51,Female,Urban,Phone,0,M100883,H100883,T100883
100884,24,Female,Urban,Email,0,,,
100885,18,Female,Urban,Phone,1,M100885,H100885,
100886,21,Male,Rural,Email,0,M100886,,T100886
100887,49,Male,Urban,SMS,0,M100887,H100887,T100887
100888,47,Male,Urban,Email,1,M100888,H100888,
100889,22,Female,Urban,SMS,0,M100889,,T100889
100890,53,Female,Rural,Phone,1,M100890,,
100891,47,Male,Urban,Email,0,,H100891,
100892,18,Male,Rural,Phone,0,,H100892,T100892
100893,20,Female,Rural,Email,0,M100893,,T100893
100894,28,Male,Rural,SMS,0,M100894,H100894,T100894
100895,52,Male,Urban,Phone,0,,H100895,T100895
100896,50,Male,Urban,Phone,0,M100896,,T100896
100897,45,Female,Urban,Email,1,M100897,,
100898,48,Female,Rural,SMS,1,M100898,H100898,
100899,52,Female,Rural,Phone,0,M100899,,T100899
100900,72,Male,Rural,Phone,2,M100900,,
100901,50,Male,Urban,Email,1,M100901,,
100902,47,Female,Urban,Email,2,,,
100903,48,Female,Rural,Phone,2,M100903,H100903,T100903
100904,46,Female,Urban,Phone,0,M100904,H100904,
100905,45,Male,Urban,Phone,1,M100905,H100905,T100905
100906,55,Male,Rural,Phone,0,M100906,H100906,
100907,51,Female,Urban,Phone,3,M100907,,
100908,46,Male,Urban,Phone,1,M100908,H100908,T100908
100909,50,Male,Urban,Phone,1,,,
100910,54,Male,Urban,Email,0,M100910,,
100911,51,Male,Rural,Phone,0,M100911,H100911,
100912,50,Female,Urban,Email,2,M100912,,T100912
100913,46,Male,Urban,Phone,2,M100913,H100913,T100913
100914,59,Male,Urban,Phone,1,M100914,H100914,
100915,24,Male,Urban,SMS,0,M100915,H100915,T100915
100916,48,Male,Rural,Email,0,M100916,,T100916
100917,53,Female,Rural,Phone,3,M100917,,
100918,62,Male,Urban,Email,1,,,T100918
100919,47,Male,Urban,Email,1,M100919,H100919,T100919
100920,46,Female,Urban,Phone,0,M100920,H100920,T100920
100921,45,Male,Urban,Phone,0,,H100921,
100922,19,Female,Urban,Email,0,M100922,,T100922
100923,69,Male,Rural,Phone,1,,H100923,T100923
100924,22,Female,Urban,Email,0,,,
100925,50,Female,Urban,SMS,1,M100925,,T100925
100926,49,Male,Urban,Phone,0,,,
100927,52,Male,Rural,SMS,1,M100927,,
100928,23,Male,Urban,SMS,0,M100928,,T100928
100929,22,Male,Rural,SMS,0,M100929,H100929,T100929
100930,53,Female,Urban,Phone,1,M100930,,
100931,48,Male,Rural,Email,2,M100931,H100931,
100932,23,Male,Rural,Email,0,M100932,H100932,T100932
100933,49,Female,Urban,Phone,2,M100933,H100933,T100933
100934,19,Male,Urban,Email,0,,H100934,T100934
100935,46,Female,Urban,SMS,3,M100935,,T100935
100936,25,Female,Rural,Email,0,M100936,,
100937,24,Male,Rural,SMS,0,M100937,H100937,
100938,19,Male,Urban,Email,0,M100938,,
100939,53,Male,Urban,Phone,0,M100939,,
100940,52,Male,Urban,SMS,0,M100940,H100940,T100940
100941,49,Female,Urban,Email,1,M100941,H100941,
100942,54,Non-binary,Rural,Phone,1,M100942,,
100943,34,Female,Urban,Email,0,M100943,,
100944,24,Female,Urban,SMS,0,M100944,H100944,T100944
100945,21,Female,Rural,SMS,0,M100945,H100945,T100945
100946,57,Female,Rural,Phone,1,M100946,,T100946
100947,18,Female,Rural,Email,0,M100947,H100947,
100948,77,Male,Urban,Phone,2,M100948,H100948,
100949,33,Male,Rural,Email,2,M100949,,T100949
100950,21,Male,Rural,SMS,0,,,
100951,18,Female,Urban,Email,0,,,T100951
100952,23,Male,Urban,SMS,0,M100952,H100952,
100953,47,Female,Rural,SMS,0,M100953,H100953,T100953
100954,50,Male,Urban,SMS,0,M100954,,
100955,31,Male,Rural,Phone,0,M100955,H100955,T100955
100956,46,Female,Rural,Email,1,M100956,H100956,T100956
100957,45,Male,Rural,Phone,0,,H100957,T100957
100958,55,Male,Rural,Phone,2,M100958,H100958,T100958
100959,64,Female,Rural,SMS,1,M100959,H100959,T100959
100960,54,Male,Urban,Email,4,M100960,H100960,T100960
100961,49,Male,Urban,Email,1,M100961,,T100961
100962,49,Female,Rural,SMS,1,,H100962,T100962
100963,49,Female,Urban,Phone,3,M100963,H100963,T100963
100964,48,Female,Rural,Email,1,M100964,,
100965,21,Male,Rural,Phone,0,M100965,,
100966,48,Female,Urban,Email,1,,,T100966
100967,61,Female,Rural,Phone,1,M100967,,T100967
100968,20,Female,Urban,Email,0,M100968,H100968,T100968
100969,51,Male,Rural,Email,2,M100969,,T100969
100970,64,Male,Urban,Phone,1,,H100970,
100971,19,Male,Rural,Email,1,M100971,,
100972,45,Male,Rural,Phone,1,M100972,H100972,T100972
100973,60,Male,Urban,Phone,2,M100973,,T100973
100974,56,Male,Urban,Phone,3,M100974,H100974,
100975,19,Female,Urban,Email,0,M100975,H100975,
100976,32,Female,Urban,Phone,3,,H100976,T100976
100977,49,Male,Urban,Phone,1,M100977,H100977,
100978,21,Female,Urban,Email,0,M100978,,T100978
100979,32,Female,Rural,Email,0,M100979,H100979,
100980,18,Male,Urban,SMS,0,M100980,,
100981,21,Male,Urban,SMS,0,M100981,,
100982,45,Female,Rural,SMS,0,M100982,,T100982
100983,49,Female,Urban,SMS,0,M100983,,T100983
100984,47,Female,Urban,Phone,1,M100984,,
100985,54,Female,Rural,Phone,1,M100985,H100985,T100985
100986,37,Female,Rural,Phone,0,M100986,H100986,
100987,19,Male,Urban,SMS,0,M100987,H100987,T100987
100988,18,Male,Rural,SMS,0,M100988,H100988,T100988
100989,18,Female,Urban,SMS,0,,H100989,T100989
100990,27,Female,Urban,Email,1,M100990,H100990,T100990
100991,19,Male,Rural,Email,0,M100991,H100991,T100991
100992,23,Female,Urban,Email,0,M100992,H100992,
100993,24,Female,Urban,Email,0,M100993,H100993,T100993
100994,53,Female,Rural,Phone,2,M100994,H100994,
100995,54,Male,Urban,Phone,1,,H100995,T100995
100996,63,Female,Urban,Phone,2,,H100996,T100996
100997,49,Female,Urban,Phone,0,,,
100998,48,Male,Rural,Email,1,M100998,,
100999,22,Male,Rural,Phone,0,M100999,,T100999
101000,48,Male,Rural,Email,1,,H101000,
101001,22,Male,Urban,Email,0,M101001,H101001,
101002,54,Male,Rural,Phone,1,M101002,H101002,
101003,36,Female,Rural,Phone,2,M101003,,T101003
101004,52,Female,Urban,Phone,0,M101004,,T101004
101005,24,Female,Urban,Email,0,M101005,H101005,T101005
101006,50,Female,Rural,Phone,2,M101006,H101006,T101006
101007,48,Female,Urban,Email,0,M101007,H101007,T101007
101008,47,Female,Rural,Phone,1,M101008,,
101009,46,Male,Urban,Phone,0,M101009,,
101010,48,Male,Urban,Phone,3,,H101010,
101011,23,Female,Rural,SMS,0,M101011,,
101012,50,Male,Rural,Email,1,M101012,,
101013,47,Female,Urban,Phone,1,M101013,H101013,
101014,21,Male,Rural,Email,0,M101014,,
101015,33,Male,Urban,Email,1,M101015,,T101015
101016,55,Female,Rural,Phone,0,M101016,H101016,
101017,45,Female,Urban,Phone,0,M101017,,T101017
101018,54,Male,Urban,Phone,1,M101018,H101018,T101018
101019,52,Male,Urban,Phone,2,M101019,H101019,
101020,40,Male,Urban,Email,1,M101020,H101020,
101021,54,Female,Urban,SMS,6,M101021,,
101022,22,Female,Urban,SMS,0,M101022,,T101022
101023,50,Female,Rural,Phone,0,M101023,H101023,T101023
101024,47,Male,Urban,Email,1,,H101024,T101024
101025,23,Female,Urban,Email,0,M101025,H101025,T101025
101026,52,Female,Urban,Phone,2,M101026,H101026,T101026
101027,20,Non-binary,Rural,SMS,0,,H101027,
101028,52,Female,Urban,Phone,3,M101028,H101028,
101029,52,Female,Urban,Email,0,M101029,H101029,
101030,45,Male,Rural,Email,1,M101030,,
101031,46,Female,Urban,Phone,1,M101031,H101031,T101031
101032,60,Male,Rural,Phone,2,M101032,H101032,
101033,51,Female,Urban,Email,0,M101033,,T101033
101034,51,Male,Rural,Email,1,M101034,,
101035,48,Female,Urban,Email,0,,H101035,T101035
101036,23,Male,Rural,Email,0,M101036,,
101037,21,Male,Rural,SMS,1,,H101037,T101037
101038,47,Male,Urban,Email,1,M101038,H101038,T101038
101039,18,Male,Urban,Email,0,M101039,,T101039
101040,43,Male,Urban,Phone,2,M101040,H101040,
101041,42,Female,Urban,SMS,1,M101041,H101041,
101042,49,Female,Rural,Phone,3,,H101042,
101043,19,Female,Rural,Phone,1,M101043,,
101044,45,Female,Rural,Phone,1,,,
101045,46,Female,Rural,Phone,0,M101045,H101045,
101046,46,Male,Rural,Phone,1,M101046,,
101047,21,Male,Rural,Email,0,M101047,H101047,T101047
101048,46,Male,Urban,Phone,0,M101048,H101048,T101048
101049,18,Female,Urban,Email,0,M101049,H101049,
101050,47,Male,Urban,Email,0,M101050,H101050,T101050
101051,31,Male,Urban,Email,0,M101051,H101051,
101052,59,Male,Urban,Phone,0,M101052,H101052,
101053,26,Male,Urban,Email,0,M101053,,T101053
101054,52,Female,Urban,Phone,1,M101054,H101054,
101055,21,Female,Urban,Email,0,M101055,H101055,T101055
101056,46,Male,Urban,Email,0,M101056,,T101056
101057,51,Male,Urban,Email,1,M101057,H101057,T101057
101058,44,Male,Urban,Email,1,,H101058,T101058
101059,21,Male,Urban,Phone,0,M101059,,
101060,19,Male,Rural,Email,0,M101060,H101060,T101060
101061,20,Male,Rural,Email,0,,,
101062,73,Male,Urban,Email,1,M101062,H101062,T101062
101063,44,Male,Urban,Phone,1,,H101063,T101063
101064,24,Female,Urban,Email,0,M101064,H101064,T101064
101065,64,Female,Urban,Phone,0,M101065,,T101065
101066,23,Female,Urban,Email,0,M101066,H101066,T101066
101067,40,Female,Rural,SMS,0,M101067,,T101067
101068,51,Male,Urban,Phone,1,M101068,H101068,
101069,62,Male,Urban,Email,0,,H101069,T101069
101070,52,Female,Rural,Email,1,M101070,,T101070
101071,51,Female,Urban,Phone,1,M101071,H101071,
101072,67,Male,Urban,Phone,1,M101072,,
101073,24,Male,Urban,SMS,0,M101073,H101073,
101074,65,Male,Rural,Phone,1,M101074,,T101074
101075,49,Female,Urban,Email,0,,H101075,
101076,59,Female,Rural,Phone,2,M101076,H101076,
101077,24,Male,Rural,SMS,0,M101077,H101077,
101078,18,Male,Urban,SMS,0,M101078,,T101078
101079,49,Male,Rural,Phone,0,M101079,H101079,
101080,48,Male,Urban,Email,0,M101080,H101080,
101081,45,Female,Urban,Phone,1,M101081,,
101082,57,Female,Urban,Phone,2,,H101082,T101082
101083,49,Female,Rural,Email,1,,H101083,T101083
101084,34,Female,Urban,Phone,0,M101084,H101084,T101084
101085,38,Female,Urban,SMS,2,M101085,H101085,
101086,24,Female,Rural,Email,0,M101086,H101086,T101086
101087,23,Female,Urban,Email,0,M101087,H101087,T101087
101088,23,Male,Rural,Email,0,M101088,H101088,T101088
101089,53,Female,Rural,Phone,0,M101089,H101089,T101089
101090,52,Male,Rural,Email,0,M101090,H101090,
101091,52,Female,Rural,Phone,0,M101091,H101091,
101092,36,Female,Rural,Email,1,,H101092,T101092
101093,52,Female,Urban,Phone,1,M101093,,
101094,45,Female,Rural,Email,0,M101094,,
101095,52,Female,Rural,Phone,2,M101095,,
101096,51,Male,Rural,Email,1,M101096,H101096,T101096
101097,52,Male,Rural,Phone,3,M101097,H101097,T101097
101098,51,Female,Urban,Phone,1,M101098,,T101098
101099,48,Female,Urban,Phone,0,M101099,H101099,T101099
101100,48,Female,Urban,SMS,0,M101100,H101100,T101100
101101,40,Male,Urban,Email,1,M101101,H101101,T101101
101102,39,Female,Rural,Phone,1,M101102,H101102,
101103,28,Female,Rural,SMS,1,M101103,H101103,T101103
101104,49,Male,Urban,Email,0,M101104,,T101104
101105,50,Male,Urban,Phone,2,M101105,H101105,T101105
101106,47,Male,Rural,SMS,2,,H101106,T101106
101107,51,Female,Urban,Phone,1,M101107,H101107,
101108,20,Female,Rural,Phone,0,M101108,H101108,T101108
101109,47,Female,Rural,Phone,2,M101109,H101109,
101110,29,Male,Urban,Email,0,,H101110,
101111,56,Male,Urban,Phone,3,M101111,H101111,T101111
101112,22,Female,Rural,SMS,0,M101112,,
101113,52,Male,Urban,Email,2,M101113,,T101113
101114,54,Female,Rural,Phone,0,,H101114,
101115,47,Male,Urban,Phone,1,M101115,,
101116,21,Female,Urban,Email,0,M101116,H101116,
101117,50,Female,Urban,Phone,2,,,
101118,52,Female,Rural,Phone,0,,H101118,T101118
101119,51,Male,Rural,Phone,0,M101119,H101119,
101120,53,Female,Rural,Phone,0,M101120,H101120,T101120
101121,23,Female,Urban,Email,0,M101121,,T101121
101122,46,Male,Rural,SMS,0,M101122,,
101123,20,Male,Urban,Phone,0,M101123,H101123,
101124,31,Male,Rural,SMS,0,M101124,H101124,T101124
101125,50,Male,Rural,Email,1,M101125,,
101126,49,Male,Urban,Email,0,,H101126,T101126
101127,19,Male,Rural,SMS,0,M101127,,T101127
101128,22,Female,Urban,Email,0,M101128,,
101129,23,Female,Urban,Email,0,,H101129,
101130,18,Female,Urban,SMS,0,M101130,H101130,T101130
101131,50,Female,Rural,Phone,0,M101131,H101131,
101132,24,Female,Urban,SMS,0,,H101132,T101132
101133,50,Female,Rural,Phone,0,M101133,,
101134,24,Female,Urban,SMS,0,M101134,,
101135,20,Male,Rural,Email,0,,H101135,T101135
101136,45,Male,Urban,Phone,1,,H101136,
101137,22,Male,Urban,SMS,1,M101137,H101137,T101137
101138,47,Male,Rural,Phone,2,,,T101138
101139,55,Female,Rural,Email,1,M101139,H101139,T101139
101140,56,Female,Urban,Phone,3,M101140,,T101140
101141,54,Female,Urban,Phone,1,M101141,,T101141
101142,23,Male,Urban,SMS,1,M101142,H101142,
101143,47,Female,Rural,Phone,1,M101143,H101143,
101144,73,Male,Rural,Phone,3,M101144,H101144,T101144
101145,58,Female,Rural,Phone,4,M101145,H101145,T101145
101146,19,Female,Rural,Email,0,M101146,,T101146
101147,44,Male,Rural,Phone,0,M101147,H101147,T101147
101148,33,Female,Urban,Email,0,M101148,,
101149,20,Male,Urban,Email,0,,H101149,T101149
101150,48,Male,Rural,Phone,1,M101150,H101150,T101150
101151,23,Male,Urban,Email,0,M101151,,
101152,29,Male,Urban,SMS,0,M101152,H101152,
101153,20,Female,Rural,Email,0,M101153,H101153,T101153
101154,48,Female,Rural,Email,1,M101154,H101154,T101154
101155,21,Male,Rural,Email,0,M101155,H101155,
101156,50,Female,Urban,Phone,0,,H101156,T101156
101157,18,Female,Rural,Phone,1,M101157,H101157,
101158,59,Female,Urban,Phone,3,M101158,H101158,
101159,21,Male,Urban,SMS,0,M101159,,T101159
101160,47,Female,Rural,Email,1,,H101160,T101160
101161,20,Non-binary,Rural,Email,0,M101161,H101161,T101161
101162,20,Female,Rural,Email,0,M101162,H101162,T101162
101163,20,Female,Rural,Phone,0,,H101163,
101164,24,Female,Rural,SMS,0,M101164,H101164,
101165,21,Female,Urban,Email,0,M101165,,
101166,50,Female,Urban,Phone,1,M101166,H101166,
101167,47,Male,Rural,Phone,1,,H101167,T101167
101168,24,Female,Rural,SMS,0,M101168,H101168,T101168
101169,45,Female,Urban,SMS,3,M101169,,T101169
101170,50,Female,Urban,Phone,0,M101170,H101170,
101171,19,Female,Urban,Email,0,M101171,H101171,
101172,42,Male,Urban,Email,1,M101172,H101172,T101172
101173,20,Female,Rural,SMS,0,M101173,H101173,
101174,20,Male,Urban,Phone,0,M101174,H101174,
101175,45,Female,Urban,Phone,3,M101175,H101175,T101175
101176,76,Female,Rural,Phone,1,M101176,H101176,
101177,70,Male,Urban,Phone,0,M101177,,
101178,68,Female,Urban,Phone,0,M101178,,T101178
101179,53,Male,Urban,SMS,1,M101179,H101179,
101180,18,Female,Urban,Email,0,,,
101181,29,Female,Urban,SMS,1,M101181,H101181,T101181
101182,19,Male,Urban,SMS,0,M101182,,
101183,18,Female,Urban,Email,0,M101183,H101183,
101184,18,Male,Urban,Email,0,M101184,,T101184
101185,46,Male,Urban,Phone,2,M101185,H101185,
101186,34,Female,Urban,Email,2,M101186,H101186,
101187,21,Female,Rural,Email,0,M101187,H101187,
101188,54,Male,Urban,Email,0,M101188,H101188,
101189,27,Female,Urban,Email,0,M101189,H101189,T101189
101190,52,Male,Rural,Email,0,M101190,H101190,T101190
101191,18,Female,Urban,SMS,0,,,
101192,46,Female,Urban,Phone,0,M101192,H101192,T101192
101193,18,Male,Rural,Phone,0,M101193,H101193,T101193
101194,53,Male,Urban,Email,2,,,T101194
101195,22,Male,Urban,Email,0,,H101195,
101196,23,Male,Rural,Email,0,M101196,,T101196
101197,54,Female,Rural,Phone,1,M101197,H101197,
101198,20,Female,Urban,SMS,0,M101198,,
101199,23,Female,Urban,Email,0,M101199,,
101200,60,Female,Urban,SMS,2,M101200,,T101200
101201,21,Female,Rural,Email,0,M101201,H101201,
101202,51,Male,Urban,Email,0,M101202,,
101203,49,Female,Urban,Phone,0,M101203,H101203,T101203
101204,18,Female,Urban,Email,0,M101204,H101204,T101204
101205,45,Male,Rural,SMS,0,,H101205,T101205
101206,21,Female,Urban,Email,0,M101206,H101206,
101207,50,Male,Urban,Phone,2,M101207,H101207,
101208,23,Female,Urban,Email,0,M101208,,T101208
101209,22,Female,Rural,Email,0,M101209,,T101209
101210,26,Male,Urban,Email,0,M101210,,T101210
101211,48,Male,Rural,SMS,2,M101211,H101211,
101212,49,Male,Urban,Phone,0,M101212,H101212,T101212
101213,64,Female,Urban,Phone,0,M101213,,T101213
101214,50,Female,Urban,Email,2,M101214,,T101214
101215,51,Male,Urban,Email,2,M101215,H101215,
101216,52,Female,Urban,Email,2,M101216,,T101216
101217,48,Male,Rural,Phone,0,M101217,,
101218,54,Female,Urban,Email,2,M101218,H101218,
101219,31,Female,Rural,Email,1,M101219,H101219,
101220,53,Female,Urban,Phone,0,,H101220,T101220
101221,52,Male,Urban,Phone,1,M101221,H101221,
101222,22,Female,Urban,Email,0,M101222,,T101222
101223,35,Male,Urban,Email,2,M101223,H101223,T101223
101224,30,Female,Urban,Email,0,M101224,H101224,
101225,46,Female,Rural,Phone,1,M101225,,
101226,41,Female,Rural,Email,0,M101226,,
101227,52,Male,Rural,Phone,0,M101227,,T101227
101228,50,Male,Rural,Email,0,M101228,,
101229,48,Female,Urban,SMS,1,M101229,,T101229
101230,18,Female,Urban,SMS,0,M101230,H101230,
101231,61,Male,Urban,Email,0,M101231,H101231,T101231
101232,51,Female,Rural,Phone,0,,H101232,T101232
101233,21,Male,Urban,Email,1,M101233,H101233,
101234,23,Male,Urban,SMS,0,,H101234,T101234
101235,23,Female,Rural,Phone,0,M101235,,
101236,40,Male,Urban,Phone,1,M101236,H101236,T101236
101237,45,Male,Rural,Email,1,M101237,,
101238,63,Female,Urban,Email,1,M101238,,
101239,49,Female,Rural,Phone,1,M101239,H101239,T101239
101240,51,Female,Rural,Phone,0,M101240,,T101240
101241,54,Male,Rural,Phone,0,M101241,,T101241
101242,48,Male,Urban,Phone,1,M101242,,T101242
101243,51,Female,Urban,Phone,1,M101243,,T101243
101244,18,Female,Urban,Email,0,,,T101244
101245,63,Female,Urban,Phone,1,M101245,,
101246,35,Female,Rural,Phone,0,M101246,,
101247,50,Female,Urban,SMS,1,M101247,,
101248,70,Female,Urban,SMS,1,M101248,,
101249,45,Female,Urban,Email,1,M101249,H101249,
101250,21,Male,Rural,Phone,0,,H101250,
101251,54,Male,Urban,Phone,1,M101251,H101251,
101252,19,Female,Urban,Email,0,M101252,H101252,T101252
101253,47,Male,Urban,Phone,1,M101253,H101253,
101254,19,Female,Urban,Email,0,M101254,H101254,T101254
101255,46,Female,Rural,Phone,3,,H101255,T101255
101256,47,Male,Urban,Email,1,M101256,H101256,
101257,22,Male,Rural,Phone,0,M101257,,
101258,42,Female,Rural,Phone,1,,H101258,T101258
101259,51,Female,Rural,Phone,0,M101259,H101259,T101259
101260,52,Male,Rural,Email,1,M101260,H101260,
101261,23,Female,Rural,Phone,0,M101261,H101261,
101262,20,Male,Urban,Email,0,,H101262,
101263,44,Female,Urban,Email,2,,H101263,T101263
101264,46,Female,Rural,Email,1,M101264,H101264,T101264
101265,51,Male,Rural,Phone,1,M101265,H101265,T101265
101266,18,Male,Urban,Email,0,M101266,H101266,
101267,52,Female,Urban,Phone,1,,H101267,
101268,35,Male,Urban,SMS,0,M101268,H101268,
101269,19,Male,Urban,Email,0,M101269,,T101269
101270,48,Female,Urban,SMS,1,M101270,H101270,
101271,31,Female,Urban,Email,1,M101271,H101271,T101271
101272,45,Female,Urban,Email,2,M101272,,T101272
101273,57,Male,Urban,Email,0,M101273,H101273,
101274,48,Male,Rural,Phone,2,M101274,H101274,
101275,52,Female,Urban,SMS,3,M101275,H101275,
101276,24,Male,Rural,Phone,0,,H101276,T101276
101277,22,Female,Urban,Phone,0,M101277,H101277,T101277
101278,21,Male,Urban,Email,0,M101278,,
101279,48,Male,Rural,SMS,2,,H101279,T101279
101280,53,Female,Rural,Phone,3,,H101280,T101280
101281,18,Female,Rural,Email,0,M101281,H101281,T101281
101282,18,Female,Rural,SMS,0,M101282,,T101282
101283,27,Male,Rural,Email,0,M101283,,
101284,47,Female,Rural,Email,1,M101284,,T101284
101285,49,Male,Rural,Email,1,M101285,H101285,
101286,54,Female,Rural,Email,1,M101286,H101286,T101286
101287,51,Female,Urban,Phone,1,M101287,,T101287
101288,20,Male,Urban,Email,0,M101288,,T101288
101289,47,Female,Urban,SMS,2,M101289,H101289,T101289
101290,51,Male,Urban,Email,0,M101290,,
101291,27,Female,Rural,Phone,0,M101291,,T101291
101292,54,Female,Urban,Phone,0,,H101292,T101292
101293,21,Female,Urban,Phone,1,M101293,H101293,T101293
101294,50,Female,Rural,Phone,2,M101294,H101294,T101294
101295,54,Male,Urban,Phone,2,,H101295,T101295
101296,58,Female,Rural,Phone,4,M101296,H101296,
101297,49,Female,Urban,Phone,0,M101297,,
101298,30,Female,Urban,Email,1,,H101298,
101299,47,Male,Urban,Phone,1,,H101299,T101299
101300,45,Male,Urban,Phone,1,M101300,,
101301,47,Male,Urban,Email,2,M101301,H101301,
101302,46,Male,Urban,Email,1,M101302,H101302,
101303,22,Female,Urban,SMS,0,M101303,H101303,
101304,45,Female,Urban,Email,2,M101304,H101304,
101305,48,Male,Rural,Email,1,M101305,H101305,
101306,33,Female,Urban,Phone,2,M101306,,T101306
101307,50,Male,Urban,Email,1,M101307,,T101307
101308,61,Male,Urban,Email,2,M101308,,
101309,51,Female,Rural,Email,0,,H101309,
101310,47,Male,Rural,Email,1,M101310,,
101311,41,Female,Rural,Phone,0,M101311,H101311,T101311
101312,68,Male,Rural,Phone,1,M101312,H101312,T101312
101313,22,Female,Urban,Email,0,M101313,H101313,
101314,51,Male,Rural,Phone,0,M101314,H101314,T101314
101315,53,Female,Urban,Phone,2,M101315,H101315,
101316,54,Male,Rural,Email,0,M101316,H101316,
101317,45,Male,Urban,Email,1,M101317,,
101318,47,Male,Urban,Email,1,M101318,H101318,
101319,50,Male,Rural,Email,0,M101319,,T101319
101320,48,Male,Rural,Email,1,M101320,H101320,
101321,51,Male,Rural,Email,3,M101321,H101321,
101322,53,Male,Urban,SMS,2,,,
101323,19,Male,Urban,SMS,1,M101323,H101323,
101324,53,Male,Urban,Phone,2,M101324,,T101324
101325,53,Male,Urban,Email,0,M101325,H101325,T101325
101326,54,Female,Urban,Phone,1,M101326,,T101326
101327,45,Male,Urban,Phone,0,M101327,H101327,
101328,37,Female,Rural,Email,1,,H101328,T101328
101329,46,Female,Urban,SMS,1,M101329,H101329,T101329
101330,18,Non-binary,Rural,SMS,0,M101330,H101330,T101330
101331,35,Female,Rural,Email,1,M101331,H101331,T101331
101332,49,Female,Rural,SMS,2,M101332,,
101333,18,Male,Urban,Email,0,M101333,H101333,T101333
101334,20,Male,Urban,Email,0,,H101334,T101334
101335,54,Female,Urban,Email,1,M101335,,T101335
101336,53,Female,Rural,Email,0,M101336,H101336,
101337,44,Female,Urban,SMS,2,M101337,H101337,T101337
101338,18,Female,Urban,Email,0,M101338,H101338,
101339,51,Female,Rural,Email,0,M101339,H101339,T101339
101340,51,Female,Rural,Phone,0,M101340,,T101340
101341,46,Male,Rural,Phone,0,M101341,H101341,T101341
101342,54,Male,Urban,SMS,0,M101342,,
101343,20,Male,Rural,SMS,0,,,
101344,54,Male,Urban,SMS,2,,H101344,T101344
101345,18,Male,Urban,Phone,0,,H101345,
101346,51,Male,Rural,Email,3,M101346,H101346,T101346
101347,18,Female,Rural,SMS,0,M101347,H101347,
101348,54,Male,Urban,Email,0,M101348,H101348,
101349,22,Male,Urban,Email,0,M101349,H101349,T101349
101350,45,Female,Urban,Email,1,M101350,H101350,
101351,37,Female,Rural,Email,1,M101351,,T101351
101352,48,Female,Rural,Phone,1,M101352,H101352,T101352
101353,18,Female,Urban,SMS,0,M101353,,
101354,18,Male,Urban,Email,0,M101354,,
101355,44,Female,Rural,Phone,2,M101355,H101355,
101356,54,Female,Rural,Phone,0,M101356,,
101357,50,Female,Urban,Phone,0,M101357,H101357,
101358,64,Male,Rural,Email,2,M101358,H101358,
101359,51,Female,Rural,Email,1,M101359,,T101359
101360,65,Female,Urban,Phone,1,M101360,H101360,T101360
101361,23,Male,Rural,Phone,0,M101361,H101361,
101362,45,Male,Rural,Phone,1,M101362,H101362,
101363,53,Male,Urban,Email,0,M101363,H101363,
101364,48,Male,Rural,Email,0,M101364,,T101364
101365,67,Female,Rural,Phone,0,M101365,H101365,T101365
101366,47,Male,Urban,Email,2,M101366,,
101367,51,Male,Urban,Email,1,M101367,,
101368,53,Male,Rural,Phone,0,M101368,,
101369,21,Female,Urban,SMS,0,,,
101370,46,Male,Urban,Email,2,M101370,H101370,
101371,54,Female,Urban,Phone,1,,H101371,T101371
101372,62,Female,Rural,Email,0,,H101372,
101373,49,Male,Rural,Email,2,M101373,,T101373
101374,21,Male,Rural,Phone,0,M101374,,T101374
101375,24,Female,Rural,Email,0,M101375,,T101375
101376,20,Male,Urban,Email,0,,H101376,T101376
101377,45,Female,Urban,SMS,0,M101377,H101377,T101377
101378,19,Male,Rural,Phone,0,M101378,,
101379,51,Female,Urban,SMS,2,M101379,H101379,
101380,54,Female,Rural,Phone,1,M101380,,T101380
101381,52,Male,Urban,Email,2,M101381,H101381,
101382,22,Female,Urban,Phone,0,M101382,H101382,T101382
101383,48,Male,Rural,Email,1,M101383,,T101383
101384,21,Female,Urban,Phone,0,M101384,H101384,T101384
101385,45,Male,Urban,Email,0,M101385,H101385,
101386,20,Female,Urban,Email,0,M101386,,
101387,22,Male,Urban,Email,0,M101387,,
101388,24,Male,Urban,SMS,0,M101388,,
101389,54,Male,Rural,Email,0,M101389,H101389,T101389
101390,23,Female,Urban,Phone,0,M101390,H101390,
101391,45,Male,Rural,Phone,2,M101391,,T101391
101392,53,Male,Urban,Phone,0,M101392,H101392,
101393,47,Female,Urban,Email,1,M101393,,T101393
101394,22,Male,Urban,Email,0,M101394,,
101395,24,Male,Rural,SMS,0,M101395,H101395,
101396,53,Male,Rural,Phone,0,M101396,,
101397,22,Female,Rural,Email,0,,H101397,T101397
101398,47,Female,Urban,SMS,1,M101398,H101398,
101399,30,Male,Rural,Email,0,M101399,H101399,T101399
101400,52,Male,Rural,Phone,1,M101400,,
101401,21,Male,Rural,Email,1,M101401,,
101402,49,Male,Urban,Email,1,M101402,H101402,
101403,20,Female,Rural,Email,0,,H101403,T101403
101404,50,Female,Urban,Phone,0,M101404,H101404,T101404
101405,18,Male,Rural,Email,0,M101405,,
101406,79,Male,Urban,Phone,0,M101406,H101406,T101406
101407,46,Male,Urban,Phone,0,M101407,,
101408,24,Male,Urban,SMS,0,M101408,H101408,
101409,18,Female,Rural,Email,0,M101409,H101409,
101410,30,Female,Urban,SMS,1,M101410,,T101410
101411,20,Female,Urban,Email,0,,H101411,
101412,22,Male,Urban,Phone,0,M101412,,
101413,49,Female,Rural,Email,1,,H101413,T101413
101414,53,Male,Urban,Phone,4,M101414,H101414,T101414
101415,18,Female,Rural,Email,0,M101415,,
101416,54,Female,Urban,Phone,0,M101416,H101416,
101417,22,Female,Rural,Email,0,M101417,,
101418,76,Male,Rural,Email,1,M101418,H101418,T101418
101419,18,Female,Rural,Phone,0,M101419,H101419,T101419
101420,45,Male,Rural,Email,2,M101420,H101420,T101420
101421,48,Male,Urban,Phone,0,M101421,H101421,T101421
101422,20,Female,Urban,Phone,0,,H101422,T101422
101423,23,Male,Rural,Phone,0,M101423,H101423,
101424,43,Female,Urban,Phone,0,M101424,H101424,T101424
101425,49,Female,Urban,Phone,0,M101425,H101425,T101425
101426,52,Female,Rural,SMS,0,M101426,H101426,
101427,45,Male,Urban,Email,1,,,T101427
101428,52,Male,Urban,Phone,2,,H101428,T101428
101429,45,Female,Rural,Phone,1,M101429,H101429,
101430,51,Male,Urban,Email,1,M101430,H101430,
101431,48,Male,Urban,Email,0,M101431,H101431,T101431
101432,49,Male,Urban,Email,0,,H101432,
101433,19,Male,Urban,Email,1,,,T101433
101434,49,Male,Rural,Email,0,M101434,H101434,
101435,24,Male,Rural,Phone,0,M101435,,
101436,23,Female,Urban,Phone,0,M101436,,T101436
101437,48,Male,Urban,Phone,1,M101437,,
101438,27,Female,Urban,Email,0,M101438,H101438,
101439,21,Male,Urban,SMS,0,M101439,H101439,
101440,22,Male,Rural,Phone,0,,H101440,
101441,46,Female,Rural,Email,1,M101441,H101441,
101442,52,Female,Urban,Email,1,M101442,,T101442
101443,24,Male,Rural,Email,0,M101443,,T101443
101444,23,Male,Rural,SMS,0,M101444,,
101445,50,Male,Urban,Email,2,,H101445,T101445
101446,58,Male,Rural,Email,0,M101446,H101446,
101447,20,Female,Rural,Email,0,M101447,H101447,
101448,62,Female,Urban,Email,3,M101448,,T101448
101449,49,Male,Urban,Email,0,M101449,,T101449
101450,18,Female,Rural,SMS,0,,H101450,T101450
101451,51,Male,Rural,Phone,0,M101451,H101451,T101451
101452,46,Female,Rural,Phone,1,M101452,H101452,
101453,54,Female,Urban,Email,1,M101453,H101453,T101453
101454,49,Male,Rural,Phone,0,M101454,,T101454
101455,48,Male,Urban,Phone,1,,H101455,T101455
101456,45,Male,Urban,Phone,3,M101456,H101456,
101457,46,Female,Urban,Phone,1,,,
101458,79,Male,Rural,Phone,1,,H101458,
101459,50,Female,Rural,Phone,1,M101459,,
101460,54,Male,Rural,Phone,1,M101460,,
101461,54,Male,Urban,Email,1,,H101461,T101461
101462,18,Female,Urban,SMS,0,M101462,H101462,
101463,20,Male,Rural,Email,1,M101463,H101463,
101464,43,Male,Urban,Email,1,M101464,H101464,
101465,49,Male,Urban,Phone,0,M101465,H101465,
101466,21,Male,Rural,Phone,0,M101466,,
101467,50,Female,Rural,Phone,1,M101467,,T101467
101468,22,Male,Rural,SMS,1,M101468,,
101469,34,Female,Urban,Email,0,,H101469,T101469
101470,53,Female,Urban,Phone,2,M101470,,T101470
101471,22,Male,Urban,SMS,0,M101471,H101471,
101472,50,Female,Urban,Email,1,,H101472,T101472
101473,20,Non-binary,Urban,Email,0,M101473,H101473,
101474,46,Female,Urban,SMS,0,,,T101474
101475,22,Female,Rural,Email,0,M101475,,
101476,65,Female,Urban,SMS,2,M101476,,
101477,51,Female,Urban,Phone,1,M101477,,
101478,21,Female,Urban,SMS,0,,,
101479,23,Female,Rural,Phone,0,M101479,H101479,
101480,24,Female,Urban,Phone,0,,,
101481,50,Female,Urban,Phone,4,M101481,H101481,T101481
101482,50,Female,Urban,Email,0,M101482,H101482,
101483,39,Female,Urban,Phone,0,M101483,H101483,T101483
101484,48,Female,Rural,SMS,1,M101484,H101484,T101484
101485,45,Female,Urban,SMS,0,M101485,,T101485
101486,45,Female,Urban,SMS,1,M101486,H101486,
101487,52,Female,Rural,Phone,2,M101487,H101487,
101488,54,Female,Urban,Phone,1,M101488,,T101488
101489,45,Female,Rural,Phone,0,M101489,H101489,T101489
101490,69,Male,Urban,Phone,0,M101490,H101490,
101491,31,Female,Rural,Phone,1,M101491,,T101491
101492,22,Female,Urban,Email,0,M101492,,T101492
101493,23,Male,Urban,Email,0,M101493,H101493,T101493
101494,51,Female,Urban,Phone,1,M101494,H101494,T101494
101495,25,Female,Rural,Email,1,M101495,,
101496,57,Male,Urban,Phone,0,,H101496,T101496
101497,49,Male,Rural,Email,0,M101497,H101497,T101497
101498,45,Male,Rural,Phone,5,M101498,,
101499,48,Male,Urban,SMS,2,M101499,H101499,T101499
101500,20,Male,Urban,Phone,0,M101500,,T101500
101501,54,Male,Urban,SMS,1,M101501,H101501,T101501
101502,20,Female,Rural,SMS,0,M101502,H101502,
101503,54,Male,Rural,Email,2,M101503,,T101503
101504,62,Male,Urban,Email,0,M101504,H101504,T101504
101505,51,Female,Urban,Email,1,M101505,,T101505
101506,53,Female,Rural,Email,2,M101506,,T101506
101507,43,Male,Urban,Phone,0,M101507,H101507,T101507
101508,47,Male,Urban,Email,2,,H101508,T101508
101509,49,Male,Urban,SMS,2,M101509,,
101510,50,Female,Urban,Phone,2,M101510,H101510,T101510
101511,24,Male,Rural,Email,0,M101511,,T101511
101512,18,Female,Rural,SMS,0,M101512,H101512,T101512
101513,49,Male,Urban,SMS,1,M101513,,
101514,19,Female,Urban,SMS,0,M101514,H101514,T101514
101515,47,Female,Rural,Phone,1,M101515,H101515,
101516,52,Female,Urban,SMS,1,M101516,,T101516
101517,57,Female,Urban,Phone,2,M101517,H101517,
101518,23,Female,Urban,SMS,0,,H101518,T101518
101519,64,Male,Rural,Email,3,M101519,,T101519
101520,23,Female,Rural,Phone,0,M101520,H101520,T101520
101521,46,Male,Rural,Phone,0,M101521,,T101521
101522,46,Male,Urban,Email,3,M101522,,
101523,21,Female,Rural,Email,0,M101523,,
101524,21,Male,Urban,Email,0,M101524,H101524,
101525,23,Male,Rural,Email,0,M101525,H101525,T101525
101526,49,Male,Urban,Email,0,M101526,H101526,T101526
101527,46,Male,Urban,Email,1,M101527,H101527,
101528,24,Male,Urban,SMS,0,M101528,,
101529,24,Non-binary,Urban,Phone,0,M101529,,
101530,51,Female,Urban,Phone,1,M101530,,
101531,22,Female,Rural,Email,0,M101531,H101531,T101531
101532,54,Male,Rural,Phone,1,M101532,H101532,T101532
101533,59,Female,Rural,Email,0,M101533,,T101533
101534,46,Male,Urban,Email,0,M101534,,T101534
101535,51,Female,Urban,Phone,0,M101535,H101535,T101535
101536,49,Female,Urban,SMS,0,M101536,,T101536
101537,52,Male,Urban,SMS,0,M101537,H101537,T101537
101538,23,Female,Urban,SMS,0,M101538,,
101539,21,Female,Rural,Phone,0,M101539,,T101539
101540,48,Male,Rural,Phone,0,M101540,H101540,
101541,20,Male,Urban,Phone,0,M101541,,
101542,51,Male,Rural,Email,0,M101542,,
101543,51,Female,Rural,Email,1,M101543,H101543,
101544,60,Male,Urban,SMS,0,M101544,H101544,T101544
101545,30,Male,Rural,SMS,0,M101545,H101545,T101545
101546,54,Male,Urban,Email,0,M101546,,
101547,47,Female,Urban,Email,3,M101547,H101547,
101548,19,Female,Rural,Email,0,M101548,,T101548
101549,52,Male,Rural,Phone,1,M101549,H101549,
101550,54,Male,Urban,Email,4,M101550,,
101551,74,Female,Urban,Phone,1,M101551,,
101552,49,Male,Rural,Email,1,,H101552,T101552
101553,20,Male,Urban,Email,0,M101553,H101553,T101553
101554,49,Female,Rural,Email,1,M101554,H101554,
101555,45,Male,Rural,Phone,1,M101555,,T101555
101556,21,Female,Urban,Email,0,M101556,H101556,
101557,47,Male,Rural,Phone,2,M101557,,
101558,19,Male,Rural,Phone,0,M101558,H101558,
101559,21,Male,Rural,SMS,0,M101559,,T101559
101560,54,Male,Urban,Email,0,M101560,H101560,
101561,19,Male,Urban,SMS,0,M101561,H101561,
101562,54,Female,Urban,Email,6,M101562,H101562,
101563,21,Male,Rural,Phone,0,,H101563,T101563
101564,54,Male,Rural,Phone,3,M101564,H101564,T101564
101565,20,Female,Rural,SMS,0,M101565,,
101566,54,Male,Rural,SMS,1,,H101566,T101566
101567,22,Female,Urban,SMS,0,M101567,H101567,
101568,51,Male,Urban,SMS,1,M101568,,
101569,30,Male,Rural,Email,2,M101569,H101569,
101570,21,Male,Urban,Phone,0,M101570,H101570,T101570
101571,50,Male,Rural,Email,2,M101571,H101571,
101572,53,Female,Urban,Email,2,M101572,H101572,
101573,62,Male,Urban,Phone,2,,H101573,T101573
101574,18,Male,Rural,Phone,0,,,T101574
101575,22,Female,Urban,SMS,0,M101575,H101575,T101575
101576,53,Female,Urban,Phone,0,M101576,H101576,
101577,52,Male,Rural,Phone,1,M101577,H101577,T101577
101578,21,Male,Rural,SMS,0,M101578,H101578,
101579,48,Female,Rural,Phone,1,M101579,H101579,T101579
101580,51,Female,Rural,Phone,1,M101580,,T101580
101581,51,Female,Rural,Email,2,M101581,H101581,T101581
101582,38,Male,Urban,Phone,0,M101582,,T101582
101583,49,Female,Urban,Phone,1,M101583,,
101584,20,Female,Rural,SMS,0,M101584,H101584,
101585,45,Male,Urban,Email,3,,H101585,T101585
101586,18,Female,Rural,Email,0,M101586,H101586,T101586
101587,45,Male,Rural,Email,2,M101587,,
101588,49,Female,Urban,Email,4,M101588,,
101589,50,Female,Urban,Phone,4,M101589,H101589,T101589
101590,20,Male,Rural,Email,0,M101590,H101590,T101590
101591,24,Male,Urban,Email,0,M101591,H101591,
101592,47,Male,Urban,Phone,1,,H101592,T101592
101593,48,Female,Rural,Phone,2,M101593,H101593,
101594,57,Female,Urban,Email,2,M101594,H101594,T101594
101595,37,Female,Urban,Phone,0,,H101595,T101595
101596,50,Male,Rural,Phone,1,,H101596,T101596
101597,20,Female,Rural,SMS,0,M101597,H101597,T101597
101598,38,Male,Urban,Phone,1,M101598,,T101598
101599,22,Male,Rural,SMS,1,M101599,,
101600,53,Female,Rural,Email,1,,H101600,T101600
101601,19,Female,Urban,SMS,0,M101601,,T101601
101602,18,Female,Urban,Email,0,M101602,H101602,
101603,47,Male,Rural,Phone,2,M101603,H101603,
101604,50,Male,Urban,Phone,0,M101604,H101604,T101604
101605,24,Male,Rural,Email,0,M101605,,
101606,19,Male,Rural,Email,0,M101606,,
101607,45,Female,Urban,Phone,0,M101607,H101607,
101608,30,Female,Urban,SMS,1,M101608,H101608,T101608
101609,24,Female,Urban,Email,0,,H101609,T101609
101610,50,Male,Rural,Phone,2,M101610,,T101610
101611,24,Male,Urban,SMS,0,,H101611,T101611
101612,51,Male,Rural,Phone,2,M101612,,
101613,35,Male,Urban,Email,2,M101613,,
101614,20,Female,Rural,SMS,0,M101614,,
101615,23,Male,Rural,Phone,0,M101615,H101615,T101615
101616,21,Male,Urban,SMS,0,M101616,,T101616
101617,19,Female,Urban,Phone,0,M101617,,T101617
101618,26,Female,Rural,Phone,0,M101618,H101618,T101618
101619,51,Male,Rural,Email,2,M101619,,T101619
101620,49,Male,Urban,SMS,1,M101620,H101620,T101620
101621,40,Female,Urban,Email,0,M101621,,
101622,48,Male,Rural,Phone,0,M101622,H101622,T101622
101623,48,Male,Urban,SMS,0,M101623,,T101623
101624,51,Male,Rural,Phone,1,M101624,,
101625,18,Female,Urban,Phone,0,M101625,H101625,T101625
101626,21,Female,Urban,Email,0,,H101626,
101627,20,Male,Rural,Email,0,M101627,H101627,
101628,23,Female,Urban,Phone,0,M101628,,T101628
101629,32,Female,Rural,Email,1,M101629,,T101629
101630,49,Male,Rural,Email,0,M101630,,
101631,47,Female,Urban,SMS,0,M101631,H101631,T101631
101632,19,Female,Urban,Email,0,M101632,,
101633,47,Male,Urban,Email,1,M101633,H101633,
101634,37,Female,Rural,Email,0,M101634,,T101634
101635,52,Male,Rural,Phone,1,M101635,H101635,
101636,45,Female,Rural,Phone,0,M101636,H101636,T101636
101637,18,Female,Urban,SMS,0,,H101637,
101638,50,Female,Urban,Phone,1,M101638,,
101639,68,Female,Urban,Email,1,,H101639,T101639
101640,53,Female,Rural,Phone,0,M101640,H101640,
101641,52,Male,Urban,Email,0,M101641,H101641,T101641
101642,52,Male,Urban,Phone,1,M101642,H101642,
101643,29,Female,Urban,Email,0,M101643,H101643,
101644,21,Female,Urban,Email,0,M101644,,
101645,49,Male,Rural,Phone,1,M101645,H101645,
101646,19,Female,Rural,Email,0,M101646,H101646,T101646
101647,50,Female,Rural,Phone,2,M101647,,
101648,53,Female,Urban,Phone,1,M101648,,
101649,37,Female,Rural,SMS,1,M101649,H101649,T101649
101650,25,Male,Urban,Email,0,M101650,H101650,T101650
101651,73,Female,Rural,Phone,1,M101651,H101651,
101652,20,Male,Rural,Phone,0,M101652,H101652,T101652
101653,23,Female,Urban,Email,0,,,T101653
101654,23,Female,Rural,Phone,0,M101654,H101654,
101655,54,Male,Urban,Phone,0,M101655,H101655,
101656,70,Female,Urban,Phone,2,M101656,H101656,T101656
101657,24,Male,Urban,SMS,0,M101657,,T101657
101658,46,Male,Urban,Phone,0,M101658,,T101658
101659,20,Male,Rural,Email,0,M101659,H101659,
101660,47,Female,Rural,SMS,2,M101660,H101660,
101661,24,Female,Rural,Email,0,M101661,H101661,T101661
101662,51,Female,Rural,Phone,1,M101662,H101662,T101662
101663,48,Male,Rural,Phone,1,M101663,H101663,
101664,46,Male,Urban,SMS,4,M101664,,T101664
101665,23,Female,Urban,SMS,0,M101665,,
101666,51,Female,Urban,Email,0,M101666,H101666,
101667,77,Female,Rural,Phone,1,,H101667,T101667
101668,49,Female,Rural,Email,3,,H101668,
101669,46,Female,Rural,Phone,1,M101669,H101669,T101669
101670,48,Male,Urban,Phone,2,,H101670,
101671,22,Male,Urban,Email,0,M101671,H101671,T101671
101672,47,Female,Rural,Phone,0,M101672,H101672,T101672
101673,18,Female,Urban,Email,0,,H101673,T101673
101674,53,Female,Rural,Phone,1,M101674,H101674,
101675,21,Female,Urban,SMS,0,,H101675,T101675
101676,20,Male,Urban,Phone,1,M101676,H101676,
101677,50,Female,Rural,Phone,1,M101677,H101677,
101678,52,Male,Rural,Email,2,M101678,H101678,
101679,45,Male,Rural,Email,0,M101679,,T101679
101680,71,Female,Urban,Email,1,M101680,H101680,T101680
101681,19,Male,Urban,Email,0,M101681,,T101681
101682,18,Male,Rural,Email,0,M101682,H101682,
101683,25,Non-binary,Rural,Phone,0,M101683,,T101683
101684,49,Female,Urban,Phone,1,M101684,H101684,T101684
101685,50,Non-binary,Rural,Email,0,M101685,,
101686,50,Female,Urban,Phone,1,M101686,H101686,T101686
101687,52,Female,Urban,SMS,0,M101687,,
101688,21,Male,Rural,Email,0,M101688,,
101689,50,Female,Rural,Phone,0,M101689,,T101689
101690,53,Female,Urban,Email,0,M101690,,
101691,51,Female,Urban,Phone,2,,H101691,
101692,24,Female,Rural,Phone,0,M101692,H101692,T101692
101693,37,Female,Rural,Email,1,M101693,H101693,
101694,42,Female,Rural,Email,2,,,T101694
101695,22,Male,Urban,SMS,0,M101695,H101695,
101696,50,Male,Rural,Email,1,,H101696,T101696
101697,25,Female,Rural,Phone,0,M101697,H101697,T101697
101698,50,Male,Urban,Phone,1,M101698,H101698,
101699,53,Male,Urban,Email,1,M101699,H101699,
101700,51,Male,Rural,Phone,0,,H101700,T101700
101701,18,Male,Rural,Phone,0,,H101701,T101701
101702,20,Male,Rural,Email,0,M101702,,T101702
101703,21,Female,Rural,SMS,0,M101703,H101703,
101704,53,Male,Rural,Phone,0,M101704,,T101704
101705,21,Male,Urban,SMS,1,M101705,H101705,
101706,53,Male,Urban,Email,0,,H101706,T101706
101707,23,Female,Rural,Email,0,M101707,H101707,
101708,19,Male,Urban,SMS,0,M101708,H101708,
101709,36,Male,Urban,Phone,1,M101709,H101709,T101709
101710,54,Female,Rural,Email,0,M101710,H101710,
101711,50,Male,Urban,Phone,2,M101711,H101711,T101711
101712,53,Male,Rural,Phone,0,M101712,H101712,
101713,54,Male,Urban,Email,1,M101713,,T101713
101714,49,Female,Urban,Phone,0,M101714,H101714,T101714
101715,45,Male,Urban,Phone,0,M101715,,T101715
101716,24,Male,Rural,Email,0,M101716,H101716,T101716
101717,50,Female,Rural,Phone,0,M101717,H101717,
101718,46,Male,Urban,Phone,2,M101718,H101718,
101719,30,Female,Urban,SMS,1,M101719,H101719,T101719
101720,45,Male,Urban,Phone,1,,,T101720
101721,47,Male,Rural,Email,2,M101721,H101721,
101722,48,Male,Rural,Phone,0,M101722,H101722,T101722
101723,21,Male,Rural,SMS,0,M101723,,
101724,50,Female,Urban,SMS,5,M101724,H101724,
101725,53,Male,Rural,Email,0,M101725,,
101726,20,Female,Urban,Email,0,,H101726,T101726
101727,42,Male,Urban,Email,0,M101727,H101727,T101727
101728,24,Female,Urban,SMS,0,M101728,H101728,T101728
101729,23,Male,Urban,SMS,0,M101729,,
101730,68,Male,Urban,Phone,1,M101730,H101730,
101731,51,Female,Rural,Email,2,M101731,H101731,T101731
101732,27,Female,Urban,SMS,0,M101732,H101732,T101732
101733,21,Female,Rural,Email,0,,H101733,T101733
101734,74,Female,Rural,Phone,1,,H101734,
101735,20,Female,Rural,Email,0,M101735,H101735,T101735
101736,45,Male,Urban,Phone,1,M101736,H101736,T101736
101737,23,Male,Rural,Phone,0,,H101737,
101738,23,Male,Urban,Email,0,M101738,H101738,
101739,46,Female,Urban,Email,1,,H101739,T101739
101740,20,Female,Urban,SMS,0,,H101740,T101740
101741,47,Female,Rural,Email,2,M101741,,
101742,24,Male,Rural,Email,0,M101742,H101742,
101743,54,Male,Rural,Email,0,M101743,H101743,
101744,51,Male,Rural,Email,1,M101744,H101744,T101744
101745,49,Female,Urban,Email,0,M101745,H101745,
101746,18,Male,Rural,Phone,0,M101746,,T101746
101747,47,Male,Rural,Phone,0,M101747,H101747,T101747
101748,66,Female,Urban,Phone,1,,,T101748
101749,23,Male,Rural,SMS,0,M101749,,T101749
101750,18,Male,Rural,Email,0,M101750,H101750,
101751,51,Female,Urban,Phone,1,M101751,H101751,T101751
101752,24,Male,Urban,Email,1,M101752,,
101753,48,Male,Urban,SMS,0,M101753,H101753,
101754,51,Male,Rural,Email,1,M101754,H101754,T101754
101755,24,Female,Urban,Email,0,M101755,H101755,T101755
101756,49,Female,Urban,Phone,1,M101756,H101756,
101757,49,Male,Rural,Phone,2,M101757,,T101757
101758,19,Female,Rural,SMS,0,M101758,,
101759,49,Female,Rural,Email,1,M101759,H101759,
101760,24,Female,Rural,Email,0,M101760,H101760,T101760
101761,41,Female,Urban,Phone,1,,H101761,T101761
101762,47,Male,Urban,SMS,0,M101762,H101762,
101763,21,Male,Rural,Email,0,M101763,H101763,T101763
101764,52,Female,Urban,Phone,0,M101764,,T101764
101765,18,Male,Urban,SMS,0,M101765,,
101766,52,Female,Rural,Phone,2,M101766,H101766,
101767,19,Female,Urban,SMS,0,M101767,,T101767
101768,47,Female,Rural,Phone,2,M101768,,T101768
101769,49,Female,Rural,Phone,2,M101769,H101769,
101770,50,Female,Rural,Phone,2,M101770,H101770,T101770
101771,78,Male,Urban,Phone,2,M101771,H101771,
101772,47,Female,Urban,Email,0,M101772,,T101772
101773,47,Male,Urban,Phone,0,M101773,,
101774,48,Female,Rural,Phone,3,M101774,H101774,
101775,63,Male,Urban,Email,1,,H101775,
101776,54,Male,Urban,Phone,3,M101776,,
101777,49,Female,Rural,Email,0,M101777,H101777,
101778,22,Male,Urban,Email,0,M101778,H101778,
101779,54,Male,Urban,Phone,1,M101779,H101779,T101779
101780,53,Female,Urban,Phone,1,,H101780,T101780
101781,22,Male,Urban,Email,0,M101781,H101781,T101781
101782,21,Male,Urban,Email,0,M101782,H101782,
101783,79,Female,Urban,Phone,1,M101783,H101783,T101783
101784,47,Male,Rural,Email,1,M101784,H101784,
101785,20,Female,Rural,SMS,0,M101785,H101785,T101785
101786,32,Male,Rural,Email,2,M101786,,
101787,35,Male,Rural,Phone,1,M101787,H101787,T101787
101788,50,Male,Rural,Email,0,M101788,H101788,T101788
101789,63,Male,Rural,Email,0,M101789,H101789,
101790,67,Male,Urban,Phone,1,M101790,H101790,
101791,53,Female,Urban,Phone,2,M101791,,
101792,49,Female,Rural,SMS,1,M101792,H101792,T101792
101793,33,Male,Rural,Email,0,M101793,,T101793
101794,51,Female,Urban,Email,2,,H101794,T101794
101795,19,Male,Urban,Email,0,M101795,,T101795
101796,23,Female,Urban,Phone,0,M101796,,T101796
101797,65,Female,Urban,Phone,2,M101797,H101797,
101798,47,Female,Rural,SMS,0,M101798,H101798,
101799,24,Male,Urban,Email,0,,,T101799
101800,53,Female,Rural,Phone,0,M101800,,
101801,45,Female,Rural,Phone,2,M101801,,T101801
101802,28,Male,Urban,Email,0,M101802,,
101803,18,Male,Rural,Email,0,M101803,H101803,
101804,19,Male,Rural,SMS,0,M101804,,T101804
101805,54,Female,Urban,Email,0,M101805,H101805,
101806,46,Female,Urban,Phone,1,,,
101807,51,Male,Rural,Phone,0,,H101807,T101807
101808,23,Female,Urban,Email,0,M101808,H101808,T101808
101809,63,Female,Urban,Phone,1,,,
101810,48,Male,Urban,Email,2,M101810,,T101810
101811,51,Female,Urban,Phone,0,M101811,H101811,T101811
101812,21,Male,Rural,Email,0,M101812,H101812,
101813,46,Female,Urban,Phone,1,,H101813,T101813
101814,47,Female,Rural,Email,2,M101814,,
101815,32,Female,Urban,Email,2,M101815,H101815,T101815
101816,22,Male,Rural,Email,0,M101816,H101816,
101817,21,Male,Urban,Email,0,M101817,H101817,
101818,23,Male,Rural,Phone,0,,,T101818
101819,51,Female,Rural,Email,2,M101819,,T101819
101820,28,Male,Urban,Email,0,M101820,H101820,T101820
101821,20,Male,Rural,Email,0,M101821,H101821,
101822,54,Male,Urban,Email,0,M101822,H101822,T101822
101823,24,Male,Rural,Email,0,,H101823,T101823
101824,25,Male,Rural,Email,0,,H101824,
101825,52,Male,Urban,Phone,1,M101825,H101825,T101825
101826,18,Female,Urban,SMS,0,M101826,,T101826
101827,24,Male,Urban,Phone,0,,,
101828,22,Female,Rural,Email,0,M101828,H101828,T101828
101829,22,Non-binary,Rural,SMS,0,M101829,H101829,T101829
101830,52,Female,Urban,Phone,3,M101830,H101830,
101831,22,Female,Urban,Phone,0,M101831,H101831,T101831
101832,19,Female,Urban,Email,0,M101832,,T101832
101833,77,Male,Rural,Phone,0,M101833,,T101833
101834,60,Female,Urban,Phone,2,M101834,H101834,
101835,21,Male,Urban,Email,0,,H101835,T101835
101836,28,Male,Rural,Phone,3,,H101836,T101836
101837,45,Female,Urban,Email,0,M101837,H101837,T101837
101838,50,Male,Rural,Email,2,M101838,,T101838
101839,48,Male,Urban,Email,1,M101839,H101839,T101839
101840,22,Male,Urban,Email,0,M101840,,
101841,20,Female,Rural,Email,0,M101841,,
101842,44,Male,Urban,Email,1,M101842,H101842,
101843,51,Female,Urban,Phone,0,M101843,H101843,T101843
101844,49,Male,Rural,Email,1,M101844,,
101845,22,Male,Rural,Phone,0,M101845,H101845,T101845
101846,51,Female,Rural,SMS,0,M101846,,
101847,22,Female,Urban,SMS,0,,,
101848,50,Male,Urban,Phone,0,,H101848,T101848
101849,64,Female,Urban,Phone,1,M101849,,
101850,48,Female,Rural,Phone,0,M101850,,T101850
101851,21,Female,Rural,SMS,0,M101851,H101851,T101851
101852,47,Male,Urban,Phone,1,M101852,H101852,T101852
101853,40,Female,Rural,Email,1,M101853,,
101854,54,Female,Urban,Phone,2,,H101854,T101854
101855,31,Male,Urban,Email,0,M101855,,T101855
101856,47,Male,Urban,Phone,1,M101856,,T101856
101857,24,Male,Urban,Email,0,M101857,H101857,
101858,23,Male,Rural,Email,0,M101858,H101858,T101858
101859,29,Female,Rural,SMS,2,,H101859,
101860,19,Female,Urban,Phone,1,M101860,,
101861,20,Female,Urban,Email,0,M101861,,
101862,53,Female,Rural,Phone,0,M101862,,T101862
101863,22,Female,Urban,SMS,0,M101863,H101863,T101863
101864,19,Male,Urban,Email,0,M101864,H101864,
101865,19,Female,Rural,SMS,0,M101865,H101865,
101866,24,Female,Urban,Email,0,M101866,,T101866
101867,49,Male,Urban,Email,1,M101867,H101867,T101867
101868,61,Female,Urban,Phone,1,M101868,H101868,T101868
101869,20,Male,Rural,Email,0,,H101869,T101869
101870,45,Female,Urban,SMS,2,M101870,,T101870
101871,49,Male,Rural,Email,0,M101871,,T101871
101872,75,Female,Urban,Email,2,M101872,,T101872
101873,28,Female,Rural,Email,1,M101873,,
101874,22,Male,Urban,Phone,0,M101874,,T101874
101875,49,Female,Urban,Phone,0,M101875,H101875,T101875
101876,48,Female,Rural,Phone,1,M101876,H101876,T101876
101877,47,Female,Rural,Email,1,,,
101878,47,Male,Urban,Email,3,,H101878,
101879,19,Female,Urban,Email,0,M101879,H101879,
101880,52,Male,Rural,Phone,2,M101880,H101880,T101880
101881,48,Male,Urban,Phone,0,M101881,,T101881
101882,42,Male,Urban,Email,0,M101882,H101882,T101882
101883,48,Male,Urban,Email,1,M101883,H101883,T101883
101884,38,Female,Urban,Phone,3,M101884,,T101884
101885,54,Male,Rural,Email,1,M101885,,T101885
101886,53,Female,Rural,Phone,2,M101886,H101886,
101887,49,Female,Urban,Phone,0,M101887,,
101888,69,Male,Rural,Phone,1,M101888,H101888,T101888
101889,52,Male,Urban,Email,0,M101889,,T101889
101890,25,Female,Rural,Email,0,M101890,H101890,
101891,39,Male,Urban,Phone,0,,H101891,T101891
101892,22,Male,Urban,Email,0,M101892,H101892,T101892
101893,22,Female,Rural,SMS,0,M101893,H101893,T101893
101894,18,Male,Urban,Email,0,,H101894,T101894
101895,45,Male,Urban,Phone,1,M101895,,T101895
101896,19,Male,Urban,SMS,0,M101896,H101896,
101897,26,Male,Rural,Email,0,M101897,,
101898,50,Female,Urban,Email,4,M101898,H101898,T101898
101899,24,Male,Rural,Email,0,M101899,,
101900,47,Female,Rural,Phone,2,,,
101901,49,Male,Rural,Phone,0,M101901,H101901,T101901
101902,47,Male,Urban,Phone,2,M101902,,
101903,18,Male,Rural,Email,1,M101903,H101903,
101904,32,Female,Urban,Email,0,M101904,,
101905,47,Female,Rural,Email,1,M101905,,T101905
101906,50,Male,Rural,Email,1,M101906,H101906,
101907,22,Female,Urban,SMS,0,M101907,H101907,
101908,53,Female,Rural,Email,0,M101908,,T101908
101909,46,Female,Urban,SMS,0,,,
101910,22,Male,Urban,Email,0,M101910,H101910,
101911,54,Female,Urban,Phone,2,M101911,,
101912,21,Male,Rural,Email,0,M101912,,
101913,25,Male,Rural,SMS,0,M101913,H101913,T101913
101914,47,Male,Rural,Email,0,M101914,,T101914
101915,23,Male,Urban,Email,0,M101915,H101915,
101916,52,Female,Rural,SMS,1,M101916,H101916,
101917,38,Female,Rural,Phone,1,M101917,,T101917
101918,26,Female,Rural,Email,0,M101918,H101918,T101918
101919,57,Male,Urban,Phone,0,M101919,,T101919
101920,27,Male,Urban,Email,0,M101920,,T101920
101921,23,Male,Rural,Email,0,M101921,,T101921
101922,53,Male,Urban,Phone,0,M101922,,
101923,45,Male,Urban,Phone,0,M101923,,T101923
101924,52,Male,Urban,Email,2,,H101924,T101924
101925,23,Male,Urban,SMS,0,M101925,H101925,T101925
101926,22,Female,Urban,Phone,0,M101926,H101926,
101927,53,Female,Urban,Phone,0,,H101927,
101928,18,Male,Rural,Email,0,M101928,H101928,
101929,22,Male,Rural,Phone,0,M101929,,
101930,46,Male,Urban,Email,1,M101930,H101930,T101930
101931,24,Female,Urban,Email,0,M101931,,T101931
101932,21,Male,Rural,Email,0,M101932,,
101933,18,Female,Urban,SMS,0,,H101933,T101933
101934,52,Female,Rural,Email,0,M101934,,
101935,52,Male,Urban,Email,1,M101935,H101935,
101936,49,Male,Urban,Email,2,M101936,H101936,
101937,20,Female,Urban,Email,0,,,T101937
101938,18,Female,Urban,SMS,0,M101938,,T101938
101939,54,Male,Rural,Phone,0,M101939,,T101939
101940,36,Female,Urban,Phone,2,M101940,,
101941,53,Female,Rural,Phone,0,M101941,H101941,T101941
101942,60,Male,Rural,Phone,1,M101942,,T101942
101943,51,Male,Rural,Phone,0,M101943,,T101943
101944,41,Female,Rural,SMS,0,M101944,H101944,T101944
101945,77,Male,Urban,Phone,2,M101945,H101945,
101946,18,Male,Urban,Phone,0,,H101946,T101946
101947,64,Female,Rural,Phone,2,M101947,H101947,
101948,45,Female,Urban,Phone,1,M101948,,
101949,54,Female,Urban,Email,2,M101949,H101949,
101950,57,Female,Urban,Phone,3,M101950,H101950,T101950
101951,53,Male,Urban,Email,0,M101951,H101951,
101952,45,Female,Rural,Phone,1,M101952,H101952,
101953,21,Non-binary,Urban,SMS,0,M101953,H101953,
101954,50,Female,Rural,Phone,4,M101954,,T101954
101955,54,Male,Rural,Email,0,,,
101956,18,Male,Urban,SMS,0,M101956,H101956,T101956
101957,45,Male,Rural,SMS,0,,H101957,T101957
101958,51,Male,Urban,Phone,0,,H101958,T101958
101959,35,Male,Urban,Phone,1,M101959,,
101960,23,Female,Urban,SMS,0,M101960,H101960,T101960
101961,45,Male,Urban,Phone,0,M101961,H101961,T101961
101962,24,Male,Urban,Email,0,M101962,H101962,T101962
101963,21,Non-binary,Urban,Email,0,M101963,,T101963
101964,54,Female,Urban,Phone,1,,H101964,T101964
101965,18,Female,Urban,SMS,0,M101965,H101965,
101966,19,Female,Rural,Email,0,M101966,,T101966
101967,49,Male,Urban,Email,5,M101967,H101967,T101967
101968,25,Female,Rural,Email,0,M101968,,
101969,66,Female,Rural,Phone,0,M101969,,
101970,58,Male,Rural,Phone,1,M101970,,
101971,52,Female,Rural,Phone,2,M101971,H101971,T101971
101972,75,Male,Rural,Email,3,M101972,H101972,T101972
101973,45,Female,Rural,Email,2,M101973,,
101974,25,Male,Rural,SMS,0,M101974,H101974,T101974
101975,51,Female,Rural,Email,0,,H101975,T101975
101976,20,Male,Urban,Email,0,M101976,H101976,T101976
101977,52,Male,Rural,Email,1,,,
101978,47,Female,Rural,Phone,2,M101978,,
101979,20,Female,Urban,Email,0,,H101979,
101980,19,Male,Urban,Email,0,,H101980,T101980
101981,57,Male,Rural,Phone,3,M101981,,
101982,32,Female,Rural,SMS,0,M101982,H101982,
101983,21,Male,Urban,Email,0,M101983,H101983,T101983
101984,22,Female,Urban,Email,0,M101984,,
101985,45,Female,Urban,Email,0,,H101985,T101985
101986,50,Female,Urban,Email,1,M101986,,T101986
101987,49,Female,Rural,Phone,3,M101987,,T101987
101988,54,Female,Rural,Phone,2,M101988,H101988,T101988
101989,20,Female,Urban,Email,0,M101989,H101989,
101990,18,Female,Urban,SMS,0,M101990,,T101990
101991,51,Female,Rural,Email,2,,H101991,T101991
101992,46,Male,Rural,Phone,0,M101992,,
101993,54,Male,Urban,Email,2,M101993,,
101994,38,Female,Urban,Email,1,M101994,H101994,T101994
101995,52,Female,Urban,Phone,0,M101995,,T101995
101996,51,Male,Rural,SMS,0,M101996,H101996,T101996
101997,49,Male,Rural,Phone,1,M101997,H101997,T101997
101998,50,Male,Urban,Phone,0,,H101998,T101998
101999,46,Female,Rural,Phone,3,M101999,H101999,
102000,45,Female,Rural,Phone,0,M102000,,
102001,62,Female,Rural,Phone,1,M102001,,T102001
102002,54,Male,Urban,Phone,2,M102002,,
102003,24,Female,Urban,Phone,0,M102003,H102003,
102004,20,Female,Rural,Phone,0,M102004,H102004,
102005,48,Female,Rural,Phone,1,M102005,H102005,T102005
102006,48,Male,Rural,Phone,0,,H102006,T102006
102007,52,Female,Rural,Email,1,M102007,,
102008,51,Male,Urban,Email,3,,H102008,T102008
102009,23,Female,Urban,SMS,0,M102009,,
102010,54,Female,Urban,Email,0,M102010,,T102010
102011,48,Female,Rural,Phone,0,M102011,H102011,T102011
102012,41,Male,Urban,Email,0,M102012,H102012,
102013,40,Female,Rural,Email,1,M102013,,
102014,24,Female,Rural,SMS,0,M102014,H102014,
102015,38,Male,Rural,Phone,2,M102015,H102015,
102016,46,Female,Rural,Phone,0,M102016,H102016,
102017,48,Female,Urban,Email,2,M102017,,T102017
102018,51,Female,Urban,Phone,4,M102018,,T102018
102019,24,Male,Rural,Phone,0,M102019,H102019,
102020,53,Female,Urban,SMS,1,M102020,,T102020
102021,45,Male,Urban,Email,1,M102021,H102021,T102021
102022,30,Male,Rural,Email,1,M102022,,
102023,46,Male,Rural,Phone,1,M102023,H102023,
102024,20,Female,Urban,SMS,0,M102024,,
102025,24,Male,Urban,SMS,0,M102025,H102025,
102026,24,Male,Urban,SMS,0,M102026,H102026,T102026
102027,19,Male,Rural,Email,0,M102027,H102027,
102028,46,Female,Rural,Phone,1,M102028,,T102028
102029,51,Male,Urban,Phone,1,M102029,,T102029
102030,20,Male,Urban,SMS,0,M102030,,
102031,49,Male,Rural,Phone,0,M102031,,T102031
102032,43,Female,Rural,Phone,0,M102032,H102032,T102032
102033,24,Male,Urban,SMS,0,M102033,,T102033
102034,24,Male,Rural,Email,0,M102034,,
102035,52,Male,Urban,Email,0,M102035,,
102036,24,Male,Urban,SMS,0,M102036,H102036,T102036
102037,52,Male,Urban,Phone,0,M102037,,
102038,24,Female,Urban,Email,0,,H102038,T102038
102039,50,Female,Rural,Phone,0,M102039,,T102039
102040,45,Female,Urban,Phone,0,M102040,H102040,T102040
102041,23,Male,Urban,SMS,0,M102041,H102041,
102042,24,Female,Urban,SMS,0,M102042,H102042,
102043,58,Male,Urban,Email,1,,H102043,T102043
102044,49,Male,Rural,Phone,2,M102044,H102044,
102045,50,Male,Urban,Email,1,,H102045,T102045
102046,22,Male,Urban,SMS,0,M102046,H102046,T102046
102047,22,Male,Rural,Email,0,M102047,,
102048,48,Female,Urban,Phone,1,,,
102049,53,Female,Rural,Phone,0,M102049,,
102050,23,Male,Rural,Phone,0,M102050,H102050,T102050
102051,54,Male,Rural,Phone,2,M102051,H102051,
102052,50,Female,Urban,Phone,1,M102052,,T102052
102053,18,Female,Urban,Phone,0,M102053,,
102054,23,Male,Rural,Email,0,M102054,H102054,T102054
102055,18,Female,Rural,Email,0,M102055,H102055,T102055
102056,46,Male,Urban,Phone,3,M102056,,T102056
102057,47,Female,Rural,Email,0,M102057,,
102058,46,Male,Urban,Phone,1,M102058,,T102058
102059,23,Male,Rural,Email,0,M102059,,T102059
102060,49,Male,Rural,Phone,0,M102060,,
102061,47,Male,Urban,Email,0,M102061,H102061,
102062,45,Female,Rural,Phone,1,M102062,,
102063,47,Female,Rural,Email,0,M102063,H102063,T102063
102064,22,Male,Rural,Email,0,M102064,H102064,
102065,52,Female,Urban,Email,0,M102065,H102065,T102065
102066,37,Male,Rural,Phone,0,M102066,,T102066
102067,35,Female,Rural,Email,0,,H102067,T102067
102068,21,Male,Urban,SMS,0,M102068,,T102068
102069,52,Female,Rural,Phone,0,M102069,,
102070,45,Male,Urban,SMS,2,M102070,H102070,
102071,32,Male,Rural,Phone,1,M102071,H102071,T102071
102072,46,Female,Rural,Phone,0,M102072,H102072,
102073,47,Female,Urban,Phone,0,M102073,H102073,
102074,22,Male,Rural,Email,0,M102074,,T102074
102075,45,Male,Rural,Phone,5,M102075,,
102076,38,Non-binary,Urban,Email,2,M102076,H102076,
102077,67,Male,Urban,Phone,3,M102077,H102077,
102078,19,Male,Urban,Email,0,,H102078,T102078
102079,23,Male,Rural,Email,0,,,
102080,47,Male,Urban,Phone,0,M102080,,
102081,18,Male,Rural,Email,0,M102081,,T102081
102082,47,Female,Rural,Email,0,,H102082,
102083,45,Male,Rural,Phone,0,M102083,H102083,T102083
102084,22,Male,Urban,SMS,0,M102084,,T102084
102085,54,Female,Rural,Email,0,,H102085,T102085
102086,46,Female,Urban,Email,0,M102086,,T102086
102087,52,Male,Rural,SMS,2,M102087,H102087,T102087
102088,48,Male,Urban,SMS,0,M102088,,
102089,18,Female,Rural,Email,0,M102089,H102089,
102090,22,Male,Urban,Email,0,M102090,H102090,T102090
102091,47,Male,Urban,Email,0,M102091,,
102092,50,Female,Rural,SMS,1,M102092,,
102093,50,Male,Urban,Email,1,,,
102094,50,Female,Rural,Phone,0,M102094,,
102095,18,Male,Rural,Email,0,M102095,H102095,T102095
102096,47,Female,Urban,Phone,1,M102096,H102096,T102096
102097,23,Male,Urban,Email,0,M102097,H102097,T102097
102098,24,Female,Urban,SMS,0,M102098,,
102099,45,Male,Rural,Phone,1,M102099,,
102100,39,Male,Rural,Phone,1,,,
102101,63,Female,Urban,Phone,1,M102101,H102101,
102102,27,Male,Rural,Email,0,,,T102102
102103,49,Female,Urban,Email,1,M102103,H102103,
102104,54,Male,Rural,Phone,1,M102104,H102104,T102104
102105,54,Male,Rural,Phone,2,,,
102106,61,Male,Rural,Email,0,M102106,H102106,T102106
102107,41,Male,Urban,Phone,1,M102107,H102107,T102107
102108,41,Male,Urban,Phone,0,M102108,H102108,T102108
102109,19,Female,Urban,Email,0,M102109,,
102110,24,Female,Urban,Email,0,,,
102111,45,Female,Urban,Email,0,M102111,,
102112,45,Female,Rural,Email,0,M102112,,T102112
102113,31,Male,Urban,SMS,0,M102113,H102113,
102114,23,Female,Urban,Email,0,M102114,H102114,T102114
102115,53,Male,Rural,Phone,0,M102115,H102115,T102115
102116,51,Female,Urban,SMS,1,M102116,H102116,
102117,20,Female,Urban,Email,0,M102117,H102117,T102117
102118,48,Male,Rural,Phone,4,M102118,H102118,T102118
102119,49,Female,Urban,Email,0,M102119,,
102120,47,Male,Urban,Email,1,M102120,H102120,T102120
102121,20,Male,Rural,SMS,0,M102121,,
102122,46,Male,Urban,SMS,2,M102122,,T102122
102123,20,Male,Urban,Email,0,M102123,H102123,T102123
102124,44,Male,Urban,SMS,1,M102124,H102124,
102125,52,Female,Urban,Email,0,M102125,,T102125
102126,46,Male,Rural,SMS,4,M102126,H102126,T102126
102127,20,Female,Urban,SMS,0,M102127,H102127,T102127
102128,47,Female,Urban,Email,2,M102128,H102128,T102128
102129,19,Male,Urban,Phone,0,M102129,H102129,
102130,51,Male,Rural,Phone,4,M102130,H102130,
102131,78,Male,Urban,Phone,4,M102131,,
102132,52,Male,Rural,Email,2,M102132,,
102133,49,Male,Urban,Phone,0,M102133,H102133,
102134,46,Male,Rural,Email,1,M102134,,
102135,46,Female,Urban,Email,0,M102135,H102135,
102136,53,Female,Urban,Email,1,,H102136,T102136
102137,51,Male,Urban,Phone,1,M102137,H102137,
102138,21,Male,Urban,Email,0,M102138,,T102138
102139,50,Female,Rural,Phone,1,M102139,H102139,T102139
102140,23,Female,Rural,Email,1,,,
102141,77,Female,Rural,Phone,2,M102141,,
102142,18,Male,Urban,Phone,0,M102142,H102142,
102143,20,Female,Rural,Email,0,M102143,H102143,T102143
102144,45,Female,Urban,Phone,1,,H102144,T102144
102145,20,Female,Rural,Email,1,M102145,H102145,
102146,41,Female,Rural,Phone,2,M102146,,
102147,47,Male,Rural,Email,1,,H102147,T102147
102148,19,Male,Rural,SMS,0,M102148,,
102149,21,Female,Rural,Email,0,,H102149,T102149
102150,50,Male,Urban,SMS,2,M102150,,
102151,22,Male,Urban,Email,0,,H102151,T102151
102152,18,Male,Rural,Email,1,M102152,H102152,
102153,19,Female,Urban,Email,0,M102153,H102153,
102154,42,Female,Urban,Email,3,M102154,,
102155,31,Male,Rural,Email,0,M102155,H102155,
102156,24,Male,Urban,SMS,0,,,T102156
102157,53,Female,Rural,Phone,1,M102157,H102157,T102157
102158,53,Male,Urban,Phone,2,,H102158,T102158
102159,21,Female,Urban,SMS,0,M102159,H102159,T102159
102160,34,Female,Rural,Email,0,,H102160,T102160
102161,49,Female,Urban,Email,0,M102161,H102161,T102161
102162,54,Male,Rural,Phone,1,M102162,H102162,T102162
102163,38,Female,Rural,Email,0,M102163,H102163,
102164,49,Female,Rural,Email,2,,,
102165,22,Female,Urban,Email,0,,H102165,T102165
102166,48,Female,Rural,Email,1,M102166,H102166,
102167,56,Female,Urban,Phone,1,M102167,H102167,T102167
102168,53,Male,Urban,Email,0,M102168,H102168,
102169,21,Male,Urban,Phone,0,M102169,,
102170,34,Female,Urban,SMS,0,,H102170,T102170
102171,20,Female,Urban,SMS,0,M102171,H102171,T102171
102172,34,Male,Urban,Email,0,M102172,H102172,T102172
102173,31,Female,Urban,Email,1,M102173,H102173,
102174,52,Female,Rural,Phone,0,M102174,H102174,
102175,23,Male,Urban,Email,0,M102175,H102175,
102176,57,Male,Urban,Phone,2,M102176,,
102177,23,Female,Urban,Phone,1,M102177,H102177,
102178,24,Female,Urban,SMS,0,M102178,H102178,T102178
102179,51,Female,Rural,Email,0,M102179,H102179,T102179
102180,54,Female,Rural,Phone,1,M102180,H102180,
102181,33,Male,Urban,Phone,1,M102181,,
102182,51,Male,Rural,Phone,3,M102182,H102182,T102182
102183,21,Female,Urban,Email,1,M102183,,T102183
102184,24,Female,Rural,SMS,0,M102184,H102184,T102184
102185,46,Female,Urban,Phone,3,,H102185,T102185
102186,30,Female,Urban,Email,1,M102186,,
102187,53,Male,Urban,Phone,0,M102187,H102187,T102187
102188,24,Female,Urban,Phone,0,,H102188,T102188
102189,47,Male,Rural,Email,2,,,
102190,45,Male,Urban,Phone,1,M102190,,T102190
102191,20,Male,Urban,Email,0,M102191,,
102192,24,Male,Urban,SMS,0,M102192,H102192,
102193,50,Male,Rural,Email,0,M102193,,
102194,45,Male,Rural,Phone,1,M102194,,
102195,46,Female,Rural,Email,3,M102195,H102195,
102196,48,Female,Rural,Phone,1,M102196,,
102197,38,Female,Rural,Phone,0,M102197,H102197,T102197
102198,18,Male,Urban,Email,0,M102198,H102198,
102199,49,Male,Urban,Phone,2,,H102199,T102199
102200,21,Female,Urban,Email,1,M102200,H102200,T102200
102201,46,Male,Urban,Email,2,M102201,H102201,T102201
102202,19,Male,Rural,Phone,0,M102202,H102202,
102203,22,Male,Urban,Email,0,M102203,H102203,
102204,54,Female,Urban,Phone,1,,H102204,
102205,54,Female,Rural,Phone,1,M102205,H102205,
102206,50,Male,Urban,SMS,2,M102206,H102206,
102207,45,Female,Urban,Email,0,M102207,,T102207
102208,63,Male,Urban,Phone,2,M102208,H102208,
102209,54,Female,Rural,Email,0,M102209,,
102210,47,Female,Urban,SMS,3,M102210,H102210,
102211,49,Female,Urban,Phone,0,,H102211,
102212,45,Male,Urban,Phone,4,M102212,H102212,
102213,53,Female,Rural,Phone,3,M102213,,T102213
102214,52,Male,Urban,Email,1,M102214,,
102215,25,Female,Urban,Phone,0,M102215,H102215,T102215
102216,52,Male,Rural,Phone,1,M102216,H102216,
102217,20,Female,Rural,Email,0,M102217,,T102217
102218,21,Female,Urban,SMS,0,M102218,,T102218
102219,47,Non-binary,Urban,SMS,2,M102219,H102219,
102220,23,Male,Urban,SMS,1,,H102220,T102220
102221,49,Male,Rural,Phone,0,M102221,,
102222,53,Male,Urban,Email,2,M102222,H102222,T102222
102223,19,Female,Rural,Phone,0,M102223,H102223,
102224,50,Male,Rural,Email,1,M102224,,
102225,20,Female,Rural,SMS,0,M102225,H102225,
102226,54,Male,Urban,Email,2,M102226,,T102226
102227,50,Male,Rural,Phone,2,,H102227,T102227
102228,23,Male,Rural,Email,0,M102228,,
102229,18,Male,Rural,Email,1,M102229,,
102230,31,Male,Urban,Email,4,M102230,H102230,
102231,36,Male,Rural,Phone,0,M102231,,
102232,20,Female,Rural,Email,0,,,
102233,68,Male,Rural,Phone,2,M102233,H102233,T102233
102234,18,Male,Rural,Email,0,M102234,H102234,T102234
102235,50,Female,Urban,Email,1,M102235,H102235,T102235
102236,19,Male,Urban,SMS,0,M102236,H102236,
102237,72,Female,Rural,Phone,1,M102237,H102237,
102238,23,Male,Rural,Email,0,M102238,H102238,T102238
102239,46,Male,Rural,Email,3,,,T102239
102240,52,Female,Urban,Email,0,M102240,H102240,T102240
102241,20,Female,Urban,Email,1,M102241,H102241,
102242,48,Male,Rural,Email,0,M102242,H102242,T102242
102243,22,Female,Rural,Email,0,M102243,H102243,
102244,51,Non-binary,Urban,Email,0,M102244,H102244,
102245,51,Female,Urban,Email,1,M102245,,
102246,46,Female,Rural,Phone,2,M102246,H102246,
102247,22,Female,Urban,Email,0,,H102247,T102247
102248,19,Male,Urban,Phone,0,M102248,H102248,T102248
102249,19,Male,Urban,Phone,0,M102249,H102249,T102249
102250,24,Male,Urban,SMS,0,M102250,,T102250
102251,18,Male,Urban,Email,0,M102251,H102251,T102251
102252,59,Male,Rural,Phone,1,,H102252,T102252
102253,49,Female,Rural,Phone,3,M102253,,T102253
102254,47,Female,Rural,SMS,0,M102254,H102254,
102255,32,Male,Rural,SMS,2,M102255,H102255,
102256,21,Female,Urban,Email,0,M102256,H102256,
102257,52,Male,Urban,SMS,0,,H102257,T102257
102258,20,Male,Urban,SMS,0,M102258,,T102258
102259,33,Male,Urban,Email,4,M102259,H102259,T102259
102260,52,Male,Rural,Email,1,M102260,H102260,
102261,48,Male,Urban,SMS,1,M102261,,
102262,79,Male,Rural,Email,0,M102262,,
102263,24,Male,Urban,SMS,0,M102263,H102263,
102264,50,Female,Urban,Email,1,M102264,H102264,T102264
102265,18,Female,Urban,SMS,0,,H102265,T102265
102266,30,Female,Urban,Email,0,M102266,,
102267,51,Male,Rural,Phone,3,M102267,H102267,T102267
102268,20,Male,Rural,Email,0,,H102268,T102268
102269,46,Male,Urban,SMS,0,M102269,H102269,T102269
102270,40,Female,Rural,Email,1,,H102270,T102270
102271,23,Male,Rural,Email,0,,H102271,T102271
102272,58,Female,Urban,Email,1,M102272,,
102273,39,Male,Urban,Email,2,M102273,H102273,
102274,45,Female,Urban,SMS,0,M102274,,
102275,42,Male,Urban,Email,1,M102275,,
102276,63,Male,Rural,Phone,0,M102276,,
102277,23,Female,Urban,SMS,0,M102277,,T102277
102278,39,Female,Urban,Email,0,M102278,H102278,
102279,45,Female,Rural,Email,1,M102279,H102279,
102280,29,Female,Urban,Phone,1,M102280,H102280,
102281,44,Female,Rural,Email,1,,H102281,T102281
102282,66,Female,Urban,Phone,1,M102282,H102282,
102283,47,Female,Urban,Phone,2,M102283,H102283,
102284,53,Female,Urban,Email,0,,H102284,T102284
102285,50,Male,Urban,Phone,1,M102285,H102285,T102285
102286,46,Female,Urban,Phone,0,M102286,H102286,T102286
102287,45,Female,Rural,Email,1,,H102287,T102287
102288,49,Male,Rural,Phone,0,M102288,H102288,
102289,22,Female,Rural,Email,0,,H102289,T102289
102290,23,Male,Urban,Email,0,M102290,,
102291,53,Male,Rural,Phone,0,,H102291,T102291
102292,49,Male,Urban,Email,3,M102292,,T102292
102293,49,Male,Rural,Phone,0,,H102293,T102293
102294,24,Male,Rural,Email,0,M102294,H102294,
102295,23,Male,Rural,Phone,1,M102295,,
102296,47,Male,Urban,Phone,3,M102296,,
102297,51,Female,Rural,Email,0,,H102297,T102297
102298,23,Male,Rural,Email,0,M102298,H102298,T102298
102299,47,Male,Urban,SMS,0,M102299,H102299,
102300,54,Male,Rural,Email,0,,H102300,
102301,57,Female,Urban,Phone,1,,,
102302,21,Female,Urban,Email,0,M102302,H102302,T102302
102303,59,Male,Rural,Phone,5,M102303,H102303,
102304,51,Female,Rural,Email,0,M102304,,
102305,54,Male,Urban,Phone,3,M102305,,
102306,20,Female,Urban,Phone,0,,H102306,T102306
102307,48,Female,Urban,Email,1,M102307,H102307,T102307
102308,52,Female,Urban,Phone,2,M102308,H102308,
102309,34,Male,Urban,Email,1,M102309,H102309,T102309
102310,54,Male,Urban,Email,1,,H102310,
102311,52,Male,Rural,Phone,0,M102311,H102311,T102311
102312,52,Male,Urban,Email,1,M102312,H102312,T102312
102313,23,Male,Urban,SMS,1,,H102313,
102314,54,Female,Urban,Phone,1,M102314,H102314,T102314
102315,18,Female,Urban,Email,1,M102315,,
102316,60,Male,Urban,SMS,0,M102316,,T102316
102317,65,Male,Urban,Phone,3,M102317,,
102318,22,Female,Urban,Email,0,M102318,,
102319,20,Male,Urban,Email,0,M102319,H102319,T102319
102320,20,Female,Urban,SMS,0,M102320,,
102321,53,Male,Rural,Phone,0,M102321,H102321,T102321
102322,52,Male,Urban,Email,1,M102322,,
102323,50,Female,Urban,Phone,1,M102323,H102323,T102323
102324,24,Male,Urban,Email,0,M102324,H102324,T102324
102325,18,Male,Urban,Email,0,M102325,H102325,
102326,22,Male,Urban,Email,0,,H102326,T102326
102327,46,Male,Rural,Phone,1,M102327,,T102327
102328,47,Female,Urban,Phone,2,M102328,,
102329,46,Female,Urban,Email,0,,H102329,T102329
102330,30,Female,Urban,Email,0,M102330,,T102330
102331,61,Female,Urban,Email,0,M102331,H102331,T102331
102332,32,Female,Rural,Email,0,M102332,H102332,
102333,49,Male,Urban,Phone,1,M102333,H102333,T102333
102334,54,Female,Urban,Email,0,,H102334,
102335,48,Male,Urban,Phone,3,M102335,H102335,T102335
102336,46,Female,Urban,Phone,0,M102336,,T102336
102337,18,Female,Urban,Phone,0,M102337,H102337,
102338,46,Male,Urban,SMS,0,M102338,H102338,
102339,21,Non-binary,Urban,Phone,0,M102339,,T102339
102340,49,Male,Urban,SMS,0,M102340,H102340,
102341,23,Female,Rural,SMS,0,,H102341,T102341
102342,18,Male,Urban,Email,0,M102342,H102342,
102343,19,Female,Urban,Email,0,M102343,H102343,
102344,34,Male,Rural,Email,1,M102344,,
102345,45,Male,Urban,SMS,1,M102345,,T102345
102346,49,Female,Rural,Email,0,M102346,,
102347,19,Male,Rural,SMS,0,,H102347,T102347
102348,73,Male,Urban,Phone,0,M102348,,T102348
102349,64,Female,Urban,Phone,3,M102349,,T102349
102350,19,Female,Rural,Email,0,,H102350,T102350
102351,38,Male,Urban,SMS,0,M102351,,
102352,49,Female,Urban,Email,0,,,
102353,52,Female,Urban,Email,1,,H102353,T102353
102354,44,Female,Urban,Phone,0,M102354,H102354,T102354
102355,45,Male,Rural,Email,1,,H102355,
102356,21,Female,Rural,Email,0,M102356,,
102357,32,Male,Rural,SMS,1,M102357,,
102358,45,Male,Rural,Phone,0,,,T102358
102359,53,Female,Rural,Email,0,M102359,H102359,
102360,47,Female,Urban,Phone,0,M102360,,
102361,21,Male,Rural,Email,0,M102361,,
102362,24,Female,Rural,Email,0,M102362,,T102362
102363,22,Female,Rural,Phone,0,M102363,H102363,
102364,24,Female,Rural,Email,0,M102364,H102364,
102365,22,Male,Rural,Email,0,M102365,H102365,
102366,47,Male,Urban,Email,1,M102366,,T102366
102367,51,Male,Rural,Phone,1,M102367,H102367,
102368,51,Female,Urban,Phone,2,M102368,H102368,T102368
102369,38,Female,Urban,Email,1,M102369,H102369,
102370,18,Male,Urban,SMS,0,M102370,H102370,
102371,51,Female,Rural,Phone,3,M102371,H102371,T102371
102372,22,Non-binary,Urban,Email,0,M102372,H102372,
102373,52,Male,Urban,SMS,1,M102373,,
102374,18,Female,Urban,Email,0,M102374,,T102374
102375,50,Male,Urban,Email,2,M102375,H102375,
102376,53,Male,Urban,Email,1,M102376,,
102377,53,Male,Urban,Email,1,M102377,H102377,
102378,54,Female,Rural,Phone,0,M102378,H102378,
102379,47,Male,Urban,Phone,1,M102379,H102379,
102380,19,Female,Urban,SMS,0,M102380,,
102381,50,Male,Urban,Email,0,,H102381,T102381
102382,49,Female,Urban,Email,0,M102382,H102382,T102382
102383,68,Female,Rural,Phone,0,M102383,H102383,
102384,46,Male,Urban,Email,2,M102384,H102384,
102385,26,Female,Urban,SMS,0,,,T102385
102386,48,Female,Rural,Phone,0,M102386,,
102387,52,Male,Urban,Phone,1,M102387,,T102387
102388,18,Female,Rural,Phone,0,M102388,,
102389,18,Male,Rural,Email,0,M102389,H102389,T102389
102390,19,Male,Rural,Email,0,,,
102391,53,Female,Rural,Phone,0,M102391,H102391,T102391
102392,24,Male,Urban,SMS,0,M102392,H102392,
102393,21,Male,Urban,Email,0,M102393,,T102393
102394,18,Male,Urban,Email,0,M102394,H102394,
102395,55,Male,Urban,Phone,0,M102395,H102395,T102395
102396,24,Male,Urban,Email,0,M102396,,
102397,21,Male,Urban,Email,0,M102397,,T102397
102398,45,Female,Urban,Email,4,M102398,,
102399,23,Male,Urban,Email,1,,H102399,
102400,72,Female,Rural,Phone,4,M102400,H102400,
102401,48,Female,Urban,SMS,1,M102401,,T102401
102402,39,Female,Urban,Phone,2,M102402,H102402,T102402
102403,47,Male,Urban,Email,0,M102403,,
102404,44,Female,Rural,Phone,1,M102404,H102404,T102404
102405,23,Female,Urban,SMS,0,M102405,H102405,
102406,19,Female,Rural,Phone,0,M102406,,
102407,23,Female,Urban,SMS,0,M102407,,T102407
102408,19,Male,Urban,SMS,0,M102408,H102408,
102409,49,Female,Rural,Email,2,M102409,H102409,T102409
102410,23,Female,Urban,Email,0,M102410,H102410,
102411,18,Male,Urban,Email,0,M102411,,T102411
102412,52,Female,Urban,Phone,1,M102412,H102412,
102413,47,Female,Urban,SMS,3,M102413,H102413,
102414,22,Male,Urban,Phone,0,M102414,,
102415,21,Male,Urban,Email,0,M102415,H102415,
102416,18,Female,Urban,SMS,0,M102416,,
102417,23,Male,Rural,Phone,0,,H102417,T102417
102418,47,Male,Urban,Email,0,,H102418,T102418
102419,64,Male,Urban,Phone,1,M102419,,
102420,43,Female,Rural,Email,1,M102420,H102420,T102420
102421,36,Male,Urban,Phone,2,M102421,H102421,
102422,51,Male,Rural,Phone,2,,,
102423,48,Male,Urban,SMS,1,M102423,H102423,
102424,22,Male,Rural,Email,0,M102424,,
102425,21,Male,Rural,Email,0,M102425,H102425,
102426,47,Male,Urban,Phone,0,M102426,,
102427,51,Female,Rural,Phone,1,M102427,H102427,T102427
102428,19,Female,Rural,Email,0,M102428,,
102429,24,Male,Rural,Email,0,,H102429,T102429
102430,34,Female,Urban,SMS,1,M102430,H102430,
102431,19,Male,Urban,SMS,0,M102431,,T102431
102432,52,Male,Urban,Email,1,M102432,,
102433,54,Male,Rural,Email,3,M102433,,
102434,46,Female,Urban,Phone,0,M102434,H102434,
102435,23,Male,Urban,Phone,0,M102435,H102435,T102435
102436,24,Male,Rural,Phone,0,M102436,H102436,
102437,47,Male,Urban,Phone,0,M102437,H102437,
102438,50,Male,Rural,Email,1,M102438,H102438,T102438
102439,23,Female,Urban,SMS,0,M102439,,
102440,20,Male,Rural,Email,0,M102440,H102440,
102441,47,Female,Urban,SMS,1,M102441,H102441,
102442,48,Male,Urban,Email,2,M102442,,
102443,48,Female,Urban,Email,1,M102443,,
102444,52,Female,Urban,Email,1,,H102444,T102444
102445,48,Female,Urban,Email,4,M102445,H102445,T102445
102446,48,Female,Urban,Email,1,M102446,H102446,
102447,24,Male,Rural,Phone,0,M102447,H102447,T102447
102448,50,Male,Urban,SMS,4,M102448,,
102449,54,Female,Urban,Phone,1,M102449,H102449,
102450,22,Female,Urban,Email,0,,H102450,T102450
102451,53,Male,Urban,Email,2,M102451,H102451,T102451
102452,36,Female,Rural,Phone,0,,H102452,T102452
102453,24,Female,Urban,Email,0,M102453,H102453,T102453
102454,34,Female,Rural,Email,1,M102454,H102454,T102454
102455,45,Male,Rural,Email,1,M102455,,T102455
102456,58,Non-binary,Rural,Phone,0,M102456,,
102457,49,Female,Rural,Phone,0,M102457,,
102458,59,Male,Urban,Email,3,M102458,,
102459,52,Male,Rural,Email,0,,H102459,T102459
102460,51,Male,Rural,Phone,0,M102460,,
102461,47,Male,Rural,Email,1,M102461,,T102461
102462,41,Male,Urban,Phone,0,M102462,H102462,T102462
102463,54,Male,Urban,Email,1,M102463,H102463,
102464,49,Male,Rural,Phone,1,,H102464,T102464
102465,54,Female,Urban,Phone,1,M102465,,T102465
102466,22,Male,Rural,Email,0,,H102466,T102466
102467,54,Male,Urban,SMS,0,M102467,,T102467
102468,64,Female,Urban,Phone,0,M102468,,T102468
102469,18,Female,Urban,Email,0,,H102469,T102469
102470,77,Female,Urban,Phone,2,M102470,,
102471,36,Female,Urban,Phone,0,M102471,H102471,T102471
102472,23,Female,Rural,Email,0,M102472,,
102473,23,Female,Urban,Email,0,M102473,,
102474,47,Female,Rural,Email,1,M102474,,
102475,45,Male,Rural,Phone,1,M102475,,
102476,29,Female,Rural,SMS,2,M102476,H102476,T102476
102477,48,Female,Urban,Email,2,,,T102477
102478,30,Female,Rural,SMS,4,M102478,H102478,T102478
102479,45,Female,Rural,Email,1,,H102479,T102479
102480,45,Female,Rural,Phone,1,M102480,,
102481,49,Non-binary,Urban,SMS,3,M102481,H102481,
102482,52,Female,Rural,Phone,3,M102482,H102482,
102483,48,Female,Urban,Email,0,M102483,H102483,
102484,69,Male,Urban,Phone,0,M102484,,
102485,19,Male,Rural,Email,0,M102485,,
102486,19,Female,Rural,Phone,0,M102486,H102486,T102486
102487,20,Female,Urban,SMS,0,M102487,H102487,T102487
102488,47,Male,Urban,Email,0,M102488,H102488,T102488
102489,48,Female,Rural,Email,1,M102489,H102489,
102490,47,Female,Urban,Email,1,M102490,,
102491,31,Male,Urban,Email,0,M102491,H102491,
102492,20,Non-binary,Rural,Phone,0,,,T102492
102493,52,Male,Rural,Email,1,M102493,H102493,
102494,74,Female,Urban,Phone,1,,H102494,T102494
102495,22,Male,Urban,Email,0,M102495,,T102495
102496,22,Male,Urban,Phone,1,M102496,,T102496
102497,24,Male,Urban,Email,0,M102497,,
102498,47,Female,Rural,Email,1,M102498,,
102499,24,Female,Rural,Phone,0,M102499,,T102499
102500,27,Female,Urban,Phone,0,M102500,,
102501,46,Male,Urban,Email,2,M102501,,T102501
102502,33,Female,Urban,SMS,0,,H102502,
102503,43,Female,Urban,Phone,2,M102503,H102503,
102504,18,Female,Urban,Email,0,M102504,H102504,
102505,60,Female,Urban,SMS,5,M102505,H102505,
102506,40,Male,Rural,SMS,2,M102506,H102506,
102507,27,Female,Urban,Email,0,M102507,H102507,T102507
102508,21,Female,Rural,SMS,0,M102508,,T102508
102509,51,Male,Urban,Phone,2,M102509,H102509,T102509
102510,50,Male,Rural,Email,2,M102510,,
102511,21,Male,Rural,Email,0,M102511,H102511,T102511
102512,24,Male,Urban,Email,0,M102512,,T102512
102513,19,Female,Urban,Phone,0,M102513,H102513,
102514,51,Female,Rural,SMS,1,,H102514,T102514
102515,58,Female,Urban,Phone,1,,,
102516,54,Male,Urban,Phone,0,M102516,,
102517,27,Male,Urban,Email,0,M102517,H102517,T102517
102518,53,Female,Rural,Phone,1,M102518,H102518,
102519,51,Male,Urban,Phone,1,M102519,H102519,T102519
102520,19,Male,Urban,Email,0,,H102520,T102520
102521,23,Male,Urban,Email,0,M102521,,
102522,27,Female,Rural,Email,0,M102522,H102522,
102523,47,Female,Urban,Phone,0,,H102523,T102523
102524,48,Male,Rural,Phone,2,M102524,H102524,T102524
102525,51,Male,Rural,Phone,0,M102525,H102525,T102525
102526,48,Male,Urban,Email,2,M102526,H102526,T102526
102527,21,Male,Urban,Phone,0,,H102527,T102527
102528,30,Female,Rural,Phone,2,M102528,,
102529,19,Male,Rural,Phone,0,M102529,,
102530,47,Female,Urban,Phone,0,,H102530,T102530
102531,48,Female,Urban,Phone,1,M102531,,
102532,19,Female,Urban,Email,0,M102532,H102532,
102533,24,Female,Urban,Email,0,M102533,H102533,T102533
102534,48,Female,Urban,SMS,0,,H102534,T102534
102535,49,Male,Urban,Email,4,M102535,,T102535
102536,51,Male,Urban,SMS,0,M102536,H102536,
102537,23,Female,Rural,Phone,0,M102537,H102537,
102538,61,Female,Rural,Phone,1,M102538,H102538,
102539,50,Female,Rural,Phone,1,,,T102539
102540,54,Female,Rural,Phone,1,M102540,,
102541,53,Female,Rural,Phone,3,M102541,H102541,
102542,47,Male,Urban,Phone,2,M102542,H102542,
102543,56,Male,Rural,Phone,0,,H102543,
102544,48,Male,Urban,Email,0,M102544,,
102545,43,Male,Urban,Email,2,,,
102546,44,Male,Rural,SMS,0,M102546,,T102546
102547,52,Female,Rural,Email,0,M102547,H102547,
102548,51,Female,Urban,Phone,1,M102548,H102548,T102548
102549,19,Female,Rural,Email,0,M102549,H102549,
102550,22,Female,Urban,Email,0,M102550,H102550,T102550
102551,46,Male,Urban,SMS,0,M102551,,
102552,50,Female,Urban,Email,3,M102552,,
102553,56,Female,Urban,Phone,3,M102553,H102553,T102553
102554,45,Female,Rural,Phone,1,M102554,H102554,
102555,54,Female,Urban,Email,1,M102555,H102555,
102556,53,Male,Urban,Email,1,M102556,H102556,
102557,31,Female,Rural,Phone,2,,H102557,T102557
102558,22,Male,Urban,Email,0,M102558,H102558,
102559,68,Female,Urban,Phone,0,M102559,,T102559
102560,22,Female,Urban,Phone,0,,H102560,T102560
102561,52,Female,Urban,Email,2,M102561,,
102562,50,Male,Urban,Email,1,M102562,,
102563,47,Female,Rural,Email,1,M102563,H102563,
102564,20,Male,Rural,SMS,0,M102564,,T102564
102565,53,Female,Urban,Phone,3,,,
102566,19,Male,Urban,Email,1,,H102566,T102566
102567,54,Male,Urban,Phone,1,,H102567,T102567
102568,23,Male,Rural,Email,0,M102568,H102568,T102568
102569,53,Female,Urban,Phone,1,M102569,,
102570,50,Female,Urban,Email,2,M102570,H102570,
102571,19,Male,Rural,Email,0,M102571,H102571,
102572,18,Male,Rural,Email,0,M102572,,
102573,50,Female,Urban,Phone,4,,,
102574,20,Female,Urban,Phone,0,M102574,,
102575,18,Female,Urban,Email,0,M102575,H102575,
102576,54,Female,Rural,Email,1,M102576,H102576,T102576
102577,64,Female,Urban,Phone,0,M102577,,
102578,48,Female,Urban,Email,1,,H102578,T102578
102579,41,Female,Rural,Phone,0,M102579,,
102580,71,Male,Urban,Phone,1,M102580,H102580,
102581,49,Male,Urban,Email,0,M102581,,
102582,51,Male,Rural,Phone,0,M102582,H102582,
102583,39,Male,Urban,Email,1,M102583,H102583,T102583
102584,33,Male,Rural,Phone,1,M102584,H102584,T102584
102585,26,Female,Rural,Email,0,,H102585,
102586,51,Male,Urban,Email,0,M102586,H102586,
102587,24,Female,Rural,Email,0,M102587,,T102587
102588,53,Female,Rural,Email,0,M102588,H102588,
102589,18,Male,Rural,Phone,0,M102589,H102589,T102589
102590,36,Female,Rural,Phone,0,M102590,,
102591,22,Male,Urban,SMS,0,,H102591,T102591
102592,54,Male,Urban,Email,2,M102592,H102592,
102593,53,Female,Rural,Email,1,M102593,H102593,T102593
102594,34,Female,Urban,Email,2,M102594,,
102595,19,Male,Urban,SMS,0,M102595,H102595,
102596,21,Male,Urban,Email,0,,H102596,T102596
102597,52,Male,Urban,Email,1,M102597,H102597,T102597
102598,22,Female,Rural,Phone,0,M102598,H102598,T102598
102599,52,Male,Rural,Email,0,M102599,,T102599
102600,27,Female,Rural,Phone,0,M102600,H102600,T102600
102601,21,Female,Urban,Email,0,M102601,H102601,T102601
102602,49,Male,Urban,Phone,1,M102602,H102602,
102603,54,Female,Rural,Phone,3,M102603,H102603,
102604,19,Female,Urban,Email,0,M102604,H102604,
102605,58,Female,Rural,Phone,0,M102605,,
102606,18,Male,Rural,Email,0,M102606,,
102607,26,Male,Urban,Email,1,M102607,,T102607
102608,44,Male,Urban,SMS,0,M102608,H102608,
102609,53,Female,Rural,Phone,0,M102609,H102609,
102610,47,Female,Urban,SMS,1,M102610,H102610,T102610
102611,22,Male,Rural,Phone,0,M102611,,
102612,60,Female,Rural,Phone,2,M102612,,
102613,54,Female,Urban,Email,0,M102613,,
102614,58,Female,Rural,Phone,3,M102614,,
102615,54,Male,Urban,Email,2,M102615,,
102616,58,Male,Urban,Phone,2,M102616,,T102616
102617,52,Female,Rural,Email,0,M102617,H102617,
102618,28,Female,Rural,Email,2,M102618,H102618,T102618
102619,51,Male,Rural,Phone,1,M102619,H102619,
102620,48,Male,Rural,Email,1,,H102620,T102620
102621,53,Female,Urban,Phone,5,M102621,,
102622,51,Female,Urban,Phone,1,M102622,H102622,
102623,20,Male,Urban,Phone,0,M102623,H102623,T102623
102624,54,Male,Urban,Email,1,M102624,,
102625,22,Male,Urban,Phone,1,M102625,H102625,
102626,59,Male,Urban,Phone,1,M102626,H102626,
102627,18,Male,Rural,SMS,0,,H102627,T102627
102628,24,Female,Urban,Email,1,M102628,H102628,
102629,52,Female,Rural,Email,1,M102629,,T102629
102630,51,Female,Rural,Phone,0,,H102630,T102630
102631,53,Male,Rural,Email,1,M102631,H102631,T102631
102632,61,Female,Urban,Phone,2,M102632,H102632,
102633,19,Female,Rural,Phone,1,M102633,H102633,T102633
102634,47,Female,Rural,Phone,0,M102634,,
102635,25,Male,Urban,SMS,0,M102635,,T102635
102636,45,Male,Urban,Phone,1,M102636,H102636,
102637,52,Female,Urban,SMS,1,M102637,,T102637
102638,23,Female,Rural,Phone,0,M102638,H102638,
102639,46,Male,Urban,Email,3,M102639,,T102639
102640,50,Female,Urban,Phone,0,M102640,,
102641,18,Male,Rural,Phone,1,,,T102641
102642,59,Female,Urban,SMS,1,M102642,H102642,
102643,52,Male,Urban,Email,0,M102643,H102643,
102644,23,Female,Rural,Email,0,M102644,,
102645,54,Male,Rural,Phone,2,M102645,,
102646,20,Female,Rural,Email,0,M102646,H102646,T102646
102647,24,Female,Urban,Phone,0,M102647,H102647,T102647
102648,52,Male,Urban,Phone,1,M102648,,
102649,20,Male,Urban,Email,0,,H102649,T102649
102650,20,Male,Urban,Email,0,M102650,H102650,T102650
102651,46,Male,Urban,Phone,1,M102651,H102651,T102651
102652,24,Male,Rural,Email,1,M102652,,
102653,47,Male,Rural,Phone,1,M102653,H102653,
102654,47,Female,Urban,Phone,1,,H102654,T102654
102655,20,Male,Urban,Phone,0,M102655,H102655,T102655
102656,46,Female,Urban,Email,0,M102656,H102656,
102657,23,Female,Urban,Email,0,M102657,,T102657
102658,51,Male,Rural,Phone,2,M102658,H102658,T102658
102659,19,Female,Urban,Email,0,M102659,H102659,
102660,56,Female,Rural,Phone,2,,H102660,T102660
102661,18,Female,Urban,SMS,0,M102661,H102661,T102661
102662,54,Male,Urban,Email,0,M102662,H102662,
102663,21,Male,Rural,Email,0,M102663,H102663,
102664,22,Female,Urban,SMS,0,M102664,H102664,
102665,46,Female,Urban,Email,0,M102665,H102665,
102666,47,Female,Rural,Email,1,M102666,H102666,T102666
102667,73,Female,Urban,Phone,2,M102667,,T102667
102668,19,Female,Urban,SMS,0,M102668,,T102668
102669,22,Female,Urban,SMS,0,M102669,H102669,T102669
102670,34,Male,Urban,SMS,2,M102670,H102670,T102670
102671,38,Male,Urban,SMS,0,M102671,H102671,T102671
102672,51,Female,Urban,Email,2,M102672,H102672,T102672
102673,64,Female,Rural,Phone,0,M102673,,T102673
102674,53,Female,Rural,Email,0,,,
102675,18,Female,Urban,SMS,0,M102675,,
102676,36,Female,Urban,SMS,1,M102676,H102676,
102677,54,Male,Urban,Email,0,M102677,H102677,
102678,34,Male,Urban,SMS,0,M102678,H102678,
102679,48,Female,Urban,Phone,1,M102679,,
102680,21,Female,Rural,Email,0,,,
102681,30,Male,Urban,Phone,2,M102681,H102681,T102681
102682,51,Male,Urban,SMS,1,M102682,H102682,
102683,23,Female,Rural,Email,0,,H102683,
102684,70,Male,Rural,Email,2,M102684,,
102685,33,Female,Urban,SMS,0,M102685,H102685,T102685
102686,18,Male,Urban,Email,0,M102686,H102686,
102687,18,Female,Rural,Email,0,,H102687,T102687
102688,24,Male,Urban,Phone,0,M102688,,
102689,46,Female,Rural,Phone,2,M102689,,
102690,24,Male,Rural,Email,0,M102690,H102690,T102690
102691,47,Male,Urban,Email,1,,,T102691
102692,48,Male,Urban,Phone,0,M102692,,T102692
102693,35,Male,Urban,Phone,1,M102693,H102693,T102693
102694,24,Female,Urban,Phone,0,M102694,H102694,T102694
102695,38,Male,Urban,Phone,2,M102695,,
102696,46,Female,Rural,Email,0,M102696,H102696,T102696
102697,49,Male,Rural,Phone,1,M102697,H102697,T102697
102698,19,Female,Rural,SMS,0,M102698,H102698,T102698
102699,52,Female,Rural,SMS,0,M102699,H102699,
102700,45,Female,Rural,Email,1,M102700,,
102701,29,Male,Urban,Email,1,M102701,,T102701
102702,20,Male,Urban,Phone,0,M102702,,
102703,65,Female,Rural,Phone,2,M102703,,
102704,18,Male,Rural,SMS,0,M102704,H102704,T102704
102705,21,Female,Urban,Email,0,M102705,H102705,T102705
102706,20,Female,Rural,Phone,0,M102706,,
102707,46,Female,Urban,Email,0,M102707,H102707,
102708,46,Male,Urban,Phone,0,M102708,H102708,
102709,23,Male,Rural,SMS,0,M102709,,
102710,52,Male,Urban,Phone,1,M102710,,T102710
102711,51,Female,Urban,Email,0,M102711,H102711,T102711
102712,23,Female,Urban,SMS,0,M102712,H102712,T102712
102713,55,Male,Urban,Email,1,M102713,,T102713
102714,31,Female,Urban,Email,0,,H102714,T102714
102715,23,Male,Rural,Phone,0,M102715,H102715,
102716,57,Male,Urban,Phone,1,M102716,H102716,T102716
102717,50,Female,Rural,Phone,0,M102717,,T102717
102718,32,Female,Urban,Phone,0,M102718,H102718,
102719,51,Male,Rural,Email,1,M102719,H102719,T102719
102720,47,Male,Rural,Email,0,M102720,,T102720
102721,31,Male,Urban,Email,0,M102721,H102721,
102722,52,Male,Urban,Phone,0,M102722,H102722,
102723,45,Female,Urban,Phone,5,,,
102724,21,Male,Rural,Email,1,M102724,,T102724
102725,50,Male,Rural,Email,1,M102725,H102725,T102725
102726,38,Male,Rural,Phone,1,M102726,H102726,
102727,18,Female,Rural,Email,0,,H102727,T102727
102728,55,Male,Urban,Phone,1,M102728,H102728,
102729,52,Female,Rural,Phone,2,M102729,,T102729
102730,53,Female,Urban,Email,1,M102730,,T102730
102731,49,Non-binary,Rural,Email,0,,H102731,T102731
102732,54,Male,Urban,Email,0,,H102732,T102732
102733,24,Male,Rural,Phone,0,M102733,H102733,T102733
102734,74,Male,Urban,Phone,1,M102734,H102734,T102734
102735,50,Female,Urban,Email,2,M102735,,
102736,54,Male,Urban,SMS,1,,H102736,T102736
102737,51,Male,Rural,Email,0,M102737,,T102737
102738,24,Male,Urban,Email,0,M102738,,
102739,24,Male,Urban,Email,0,M102739,,T102739
102740,26,Male,Urban,Email,1,,,T102740
102741,22,Male,Urban,Email,0,,H102741,T102741
102742,52,Female,Rural,Phone,0,M102742,H102742,
102743,53,Male,Rural,Phone,0,,,T102743
102744,20,Female,Rural,Phone,0,M102744,,T102744
102745,33,Female,Rural,SMS,5,M102745,H102745,T102745
102746,49,Male,Urban,Email,2,,H102746,
102747,20,Male,Urban,Phone,0,M102747,,T102747
102748,56,Male,Rural,Email,2,M102748,H102748,T102748
102749,38,Female,Rural,Phone,1,M102749,H102749,
102750,24,Female,Urban,SMS,0,,H102750,T102750
102751,23,Male,Rural,Email,0,M102751,H102751,
102752,62,Male,Urban,SMS,3,M102752,,
102753,24,Male,Urban,Phone,0,M102753,H102753,T102753
102754,47,Male,Urban,Email,0,,H102754,T102754
102755,22,Female,Rural,Email,0,M102755,H102755,T102755
102756,20,Male,Rural,Phone,0,M102756,H102756,T102756
102757,53,Female,Urban,Phone,0,M102757,H102757,
102758,20,Male,Rural,Email,0,,,T102758
102759,23,Male,Rural,Email,0,M102759,H102759,T102759
102760,52,Female,Urban,Email,2,M102760,H102760,T102760
102761,52,Male,Rural,SMS,0,,,T102761
102762,34,Male,Urban,Email,2,,H102762,T102762
102763,23,Female,Urban,Email,0,,H102763,
102764,69,Female,Urban,Phone,1,M102764,H102764,T102764
102765,50,Male,Urban,Phone,3,M102765,H102765,
102766,49,Male,Urban,SMS,1,M102766,H102766,
102767,45,Male,Urban,SMS,1,M102767,,
102768,50,Female,Urban,Email,1,,H102768,
102769,39,Male,Rural,Email,1,,H102769,T102769
102770,28,Female,Rural,Phone,0,M102770,,T102770
102771,46,Female,Urban,Email,2,M102771,,T102771
102772,50,Female,Urban,Phone,2,,,T102772
102773,60,Female,Urban,Email,3,M102773,H102773,T102773
102774,46,Female,Rural,SMS,1,,H102774,
102775,22,Female,Rural,Phone,0,M102775,,T102775
102776,46,Female,Urban,Phone,0,M102776,,
102777,46,Male,Rural,Phone,2,M102777,,
102778,49,Female,Rural,SMS,0,M102778,,T102778
102779,48,Female,Rural,Phone,3,M102779,H102779,
102780,54,Male,Urban,Phone,1,M102780,,
102781,18,Male,Urban,SMS,0,,H102781,T102781
102782,48,Male,Rural,Email,3,M102782,,
102783,52,Female,Urban,Email,2,M102783,H102783,T102783
102784,57,Male,Urban,Email,1,M102784,,
102785,44,Male,Urban,Phone,0,M102785,,
102786,52,Male,Urban,Phone,0,,H102786,T102786
102787,54,Male,Rural,Email,0,M102787,H102787,T102787
102788,54,Female,Rural,SMS,1,M102788,,
102789,18,Female,Urban,Email,0,M102789,H102789,T102789
102790,49,Female,Rural,Phone,1,M102790,H102790,
102791,52,Female,Urban,Phone,1,,H102791,T102791
102792,45,Male,Rural,Phone,4,M102792,,
102793,49,Female,Urban,Email,6,M102793,,
102794,22,Male,Rural,Phone,0,M102794,H102794,T102794
102795,52,Non-binary,Rural,Phone,2,M102795,,T102795
102796,49,Male,Rural,Email,2,M102796,H102796,
102797,53,Female,Rural,Phone,1,M102797,H102797,
102798,22,Male,Urban,Phone,0,M102798,,T102798
102799,45,Female,Rural,Email,2,M102799,H102799,T102799
102800,19,Female,Rural,Phone,0,M102800,H102800,
102801,54,Female,Urban,Email,1,M102801,,
102802,45,Female,Rural,Phone,1,M102802,,T102802
102803,18,Male,Urban,Phone,0,,H102803,T102803
102804,48,Female,Urban,Email,2,M102804,,T102804
102805,54,Male,Rural,Phone,1,M102805,H102805,T102805
102806,52,Female,Urban,Email,0,M102806,,
102807,19,Male,Urban,SMS,0,M102807,H102807,
102808,48,Female,Urban,Phone,0,M102808,,
102809,34,Male,Rural,Email,3,,H102809,T102809
102810,47,Female,Rural,Phone,2,,H102810,T102810
102811,50,Male,Urban,Email,1,M102811,H102811,
102812,21,Male,Rural,SMS,0,,,T102812
102813,52,Male,Urban,SMS,1,M102813,H102813,T102813
102814,52,Female,Rural,Phone,3,M102814,,
102815,53,Male,Rural,Phone,3,M102815,H102815,T102815
102816,18,Male,Rural,Phone,0,M102816,H102816,T102816
102817,21,Male,Urban,Email,1,M102817,H102817,
102818,51,Male,Urban,Email,0,M102818,H102818,T102818
102819,20,Male,Rural,SMS,0,,H102819,T102819
102820,51,Non-binary,Urban,Email,2,,H102820,T102820
102821,22,Male,Urban,Email,0,,H102821,T102821
102822,20,Female,Urban,Email,1,M102822,H102822,
102823,46,Female,Urban,SMS,1,M102823,H102823,T102823
102824,24,Male,Rural,SMS,0,M102824,H102824,T102824
102825,53,Male,Urban,Email,2,M102825,,T102825
102826,24,Female,Rural,Email,0,M102826,H102826,T102826
102827,47,Female,Rural,Phone,0,M102827,,
102828,38,Female,Urban,Email,2,M102828,,T102828
102829,48,Female,Urban,SMS,1,,H102829,T102829
102830,45,Non-binary,Urban,SMS,0,M102830,H102830,
102831,36,Male,Urban,Phone,2,M102831,,
102832,48,Female,Urban,Email,1,M102832,H102832,
102833,24,Female,Rural,Phone,0,M102833,,T102833
102834,47,Female,Urban,SMS,0,M102834,H102834,
102835,21,Male,Urban,Email,0,M102835,H102835,T102835
102836,50,Male,Urban,SMS,2,M102836,H102836,
102837,20,Female,Urban,Email,0,M102837,,
102838,54,Female,Urban,SMS,1,M102838,H102838,T102838
102839,45,Male,Rural,Phone,0,,H102839,T102839
102840,53,Male,Urban,Email,1,M102840,H102840,T102840
102841,42,Male,Urban,Phone,1,M102841,H102841,T102841
102842,20,Female,Rural,Email,0,M102842,H102842,
102843,23,Non-binary,Rural,Email,0,M102843,,T102843
102844,49,Male,Rural,SMS,0,M102844,,T102844
102845,54,Male,Urban,Email,0,M102845,,
102846,18,Female,Rural,SMS,0,M102846,,
102847,45,Female,Urban,Email,2,,H102847,T102847
102848,40,Female,Rural,Phone,2,,H102848,
102849,24,Male,Urban,SMS,0,,,T102849
102850,45,Male,Rural,Phone,2,,H102850,
102851,23,Female,Rural,SMS,0,M102851,H102851,
102852,24,Male,Rural,SMS,0,M102852,H102852,T102852
102853,49,Male,Urban,Phone,2,M102853,H102853,T102853
102854,24,Female,Rural,SMS,0,M102854,,
102855,52,Male,Rural,Email,0,M102855,,T102855
102856,47,Male,Urban,Email,1,,,T102856
102857,53,Female,Urban,Email,0,M102857,H102857,T102857
102858,51,Male,Urban,Phone,1,M102858,H102858,
102859,45,Female,Urban,Phone,1,M102859,H102859,T102859
102860,40,Male,Rural,Phone,1,M102860,H102860,T102860
102861,51,Male,Urban,SMS,1,M102861,,T102861
102862,53,Male,Rural,Email,0,M102862,H102862,T102862
102863,52,Male,Rural,SMS,1,M102863,H102863,T102863
102864,21,Female,Rural,Email,0,M102864,H102864,T102864
102865,47,Female,Rural,Email,1,M102865,H102865,
102866,46,Male,Rural,Phone,0,M102866,,
102867,35,Female,Urban,Email,3,M102867,H102867,T102867
102868,51,Male,Urban,Phone,3,M102868,,
102869,44,Female,Rural,Phone,1,,H102869,T102869
102870,18,Female,Rural,SMS,1,M102870,,
102871,52,Male,Urban,Email,0,,,
102872,50,Male,Rural,Email,2,M102872,H102872,T102872
102873,19,Male,Rural,Email,0,M102873,,
102874,19,Male,Urban,Email,0,M102874,,
102875,19,Female,Rural,Email,0,M102875,H102875,T102875
102876,51,Male,Rural,Email,1,M102876,,
102877,47,Male,Urban,Phone,0,M102877,,T102877
102878,53,Male,Urban,SMS,1,M102878,H102878,T102878
102879,20,Female,Urban,SMS,0,M102879,,T102879
102880,46,Male,Rural,Email,1,M102880,H102880,T102880
102881,45,Female,Urban,Phone,2,,H102881,T102881
102882,49,Male,Rural,Email,3,M102882,H102882,T102882
102883,20,Female,Rural,Email,0,M102883,H102883,T102883
102884,23,Male,Rural,Email,0,M102884,H102884,
102885,49,Male,Urban,SMS,0,M102885,,
102886,46,Male,Urban,Phone,0,,H102886,T102886
102887,19,Male,Urban,Email,1,M102887,,T102887
102888,50,Male,Urban,Phone,0,M102888,H102888,
102889,20,Female,Urban,SMS,0,M102889,H102889,T102889
102890,22,Male,Urban,Email,0,M102890,H102890,T102890
102891,54,Non-binary,Urban,Phone,0,M102891,H102891,T102891
102892,48,Female,Rural,Email,0,,H102892,T102892
102893,40,Female,Urban,Email,2,M102893,,T102893
102894,53,Male,Urban,SMS,2,M102894,H102894,
102895,47,Female,Rural,Email,1,M102895,,T102895
102896,21,Male,Urban,SMS,0,M102896,H102896,
102897,48,Male,Rural,Email,1,M102897,H102897,
102898,51,Male,Rural,Phone,0,M102898,,
102899,52,Female,Urban,Phone,1,M102899,,
102900,67,Female,Rural,Phone,1,M102900,,T102900
102901,46,Male,Rural,Phone,2,M102901,H102901,
102902,18,Female,Rural,Phone,0,M102902,H102902,T102902
102903,18,Male,Urban,Email,0,M102903,H102903,
102904,45,Female,Urban,Email,1,M102904,,
102905,75,Female,Urban,Phone,2,M102905,H102905,T102905
102906,24,Female,Rural,Email,0,M102906,,
102907,20,Female,Urban,Email,0,M102907,H102907,T102907
102908,53,Male,Urban,SMS,0,M102908,H102908,
102909,23,Male,Urban,Email,0,,H102909,T102909
102910,23,Male,Urban,Email,0,,H102910,T102910
102911,52,Male,Urban,SMS,0,M102911,,T102911
102912,46,Female,Urban,Phone,0,M102912,,
102913,50,Female,Rural,Phone,1,M102913,H102913,
102914,50,Male,Urban,Email,1,,H102914,T102914
102915,31,Female,Urban,Email,0,M102915,H102915,
102916,52,Female,Urban,Phone,0,M102916,H102916,T102916
102917,18,Female,Urban,Email,0,M102917,,
102918,22,Male,Rural,Phone,0,M102918,H102918,T102918
102919,53,Female,Urban,Email,1,M102919,H102919,T102919
102920,46,Female,Rural,Email,0,,H102920,T102920
102921,49,Male,Rural,Email,0,,H102921,
102922,24,Male,Rural,Email,0,M102922,H102922,
102923,55,Female,Rural,Phone,2,M102923,H102923,
102924,46,Male,Urban,Phone,1,M102924,,
102925,53,Female,Rural,Phone,0,M102925,H102925,
102926,56,Female,Urban,Email,1,M102926,H102926,
102927,42,Female,Rural,Phone,2,M102927,H102927,
102928,54,Female,Urban,Email,2,M102928,,T102928
102929,49,Female,Urban,Email,2,M102929,,T102929
102930,49,Male,Urban,SMS,0,M102930,H102930,
102931,49,Female,Rural,Phone,2,M102931,H102931,T102931
102932,48,Male,Rural,Phone,0,M102932,H102932,
102933,20,Female,Urban,Email,0,M102933,,
102934,21,Female,Urban,Email,0,,H102934,T102934
102935,63,Male,Urban,Phone,3,M102935,H102935,T102935
102936,79,Male,Rural,Phone,2,M102936,H102936,T102936
102937,77,Female,Urban,Phone,0,M102937,,
102938,18,Female,Urban,SMS,0,M102938,H102938,
102939,38,Male,Rural,Email,0,M102939,,
102940,52,Female,Rural,Phone,2,M102940,H102940,
102941,50,Male,Rural,Phone,1,M102941,H102941,T102941
102942,20,Male,Rural,Email,1,M102942,,
102943,48,Female,Rural,Email,1,M102943,H102943,T102943
102944,18,Male,Urban,Phone,0,M102944,H102944,T102944
102945,48,Female,Urban,Email,2,M102945,,T102945
102946,20,Male,Rural,Phone,0,M102946,,
102947,20,Male,Urban,Phone,0,M102947,,
102948,21,Male,Rural,Email,0,,,
102949,47,Male,Urban,Phone,2,M102949,H102949,T102949
102950,47,Male,Urban,Phone,2,M102950,H102950,
102951,63,Female,Urban,Phone,0,M102951,H102951,T102951
102952,49,Female,Rural,Phone,1,,,T102952
102953,37,Female,Rural,Email,3,M102953,H102953,T102953
102954,31,Female,Urban,SMS,4,M102954,,
102955,50,Male,Urban,Email,0,M102955,,
102956,30,Female,Urban,Email,3,M102956,H102956,T102956
102957,47,Male,Urban,Phone,1,M102957,H102957,
102958,52,Female,Urban,Email,2,M102958,,
102959,46,Female,Rural,Email,4,,H102959,T102959
102960,23,Female,Urban,Email,0,M102960,H102960,
102961,49,Non-binary,Urban,Phone,1,M102961,,T102961
102962,20,Female,Urban,Email,0,M102962,H102962,
102963,20,Female,Urban,Email,0,M102963,,T102963
102964,49,Female,Urban,Phone,0,M102964,H102964,
102965,51,Male,Rural,Email,2,M102965,H102965,T102965
102966,49,Female,Rural,SMS,2,,H102966,T102966
102967,18,Male,Rural,Email,0,M102967,H102967,T102967
102968,73,Female,Urban,Phone,1,M102968,H102968,
102969,69,Female,Rural,Phone,0,M102969,H102969,T102969
102970,46,Male,Rural,Phone,0,M102970,,
102971,53,Male,Rural,SMS,1,M102971,,
102972,20,Male,Rural,Email,0,M102972,H102972,
102973,50,Female,Urban,Phone,3,M102973,,T102973
102974,46,Male,Rural,Phone,1,M102974,H102974,
102975,48,Male,Rural,Phone,0,M102975,H102975,T102975
102976,48,Male,Rural,Email,0,M102976,H102976,T102976
102977,46,Female,Rural,Email,0,,H102977,T102977
102978,54,Female,Rural,Email,1,M102978,H102978,T102978
102979,48,Female,Urban,Email,1,M102979,,
102980,22,Male,Rural,SMS,0,M102980,,
102981,21,Male,Rural,SMS,0,M102981,H102981,T102981
102982,49,Female,Rural,Email,2,M102982,,T102982
102983,50,Female,Rural,Phone,1,M102983,,
102984,50,Female,Urban,Phone,2,M102984,,T102984
102985,45,Female,Urban,Email,0,M102985,,
102986,51,Male,Urban,Email,1,M102986,,
102987,36,Female,Rural,Phone,0,M102987,,T102987
102988,39,Female,Rural,Email,2,M102988,H102988,
102989,48,Female,Rural,Phone,1,M102989,H102989,T102989
102990,49,Female,Rural,Email,2,M102990,H102990,T102990
102991,45,Male,Rural,Email,0,M102991,,
102992,52,Female,Urban,Phone,3,M102992,H102992,
102993,49,Male,Rural,Phone,0,M102993,H102993,
102994,45,Male,Rural,SMS,2,M102994,,T102994
102995,45,Male,Rural,Email,2,M102995,,
102996,21,Female,Rural,Phone,0,M102996,H102996,
102997,51,Male,Rural,SMS,0,M102997,H102997,T102997
102998,50,Male,Urban,Phone,3,M102998,,T102998
102999,23,Female,Rural,SMS,0,M102999,H102999,T102999
103000,52,Male,Urban,SMS,1,M103000,H103000,
103001,53,Female,Urban,Phone,0,M103001,H103001,
103002,54,Female,Urban,SMS,0,,H103002,T103002
103003,53,Female,Urban,Phone,1,,,T103003
103004,23,Male,Urban,Email,0,M103004,H103004,T103004
103005,21,Female,Rural,SMS,0,,,
103006,30,Female,Urban,SMS,1,M103006,H103006,T103006
103007,41,Female,Urban,Email,1,M103007,,
103008,46,Female,Urban,Email,1,M103008,,T103008
103009,51,Female,Urban,Email,0,,H103009,T103009
103010,50,Male,Rural,Phone,0,,,
103011,21,Female,Urban,Email,0,,,
103012,43,Male,Urban,Email,2,M103012,H103012,
103013,22,Male,Rural,Email,0,M103013,,
103014,54,Male,Rural,Email,1,M103014,H103014,T103014
103015,24,Male,Rural,SMS,0,M103015,H103015,T103015
103016,53,Female,Rural,Phone,2,M103016,H103016,T103016
103017,47,Male,Urban,Email,1,M103017,H103017,
103018,46,Female,Rural,Email,2,M103018,,
103019,20,Female,Urban,SMS,0,M103019,H103019,
103020,32,Female,Urban,Phone,0,M103020,,
103021,53,Male,Urban,Phone,4,,,
103022,53,Male,Rural,Email,0,M103022,H103022,
103023,22,Female,Urban,SMS,0,,,
103024,51,Male,Urban,Phone,3,M103024,H103024,
103025,54,Female,Urban,Phone,0,M103025,,T103025
103026,51,Female,Rural,Phone,2,M103026,,
103027,18,Female,Urban,SMS,0,,,
103028,40,Male,Urban,Phone,2,,H103028,T103028
103029,28,Female,Urban,Email,1,M103029,H103029,
103030,22,Female,Rural,SMS,0,,,T103030
103031,51,Female,Urban,SMS,0,M103031,,
103032,47,Male,Rural,Phone,1,M103032,,
103033,47,Male,Urban,Phone,0,M103033,,
103034,55,Female,Urban,Phone,1,M103034,H103034,
103035,20,Male,Urban,Email,0,M103035,,
103036,23,Male,Urban,Email,0,M103036,,
103037,51,Female,Urban,Phone,1,M103037,H103037,
103038,79,Female,Urban,Phone,0,M103038,H103038,T103038
103039,54,Male,Rural,Email,0,,H103039,T103039
103040,23,Female,Urban,SMS,0,,H103040,T103040
103041,19,Female,Urban,Email,0,M103041,H103041,T103041
103042,20,Male,Urban,SMS,0,,H103042,
103043,45,Male,Urban,Email,1,,H103043,T103043
103044,45,Male,Urban,Email,0,M103044,,
103045,47,Male,Urban,Email,0,,H103045,T103045
103046,47,Female,Urban,Email,2,,H103046,T103046
103047,18,Male,Urban,Email,0,M103047,,
103048,53,Female,Rural,Email,1,M103048,H103048,T103048
103049,21,Male,Rural,Phone,0,M103049,H103049,
103050,51,Female,Rural,Phone,0,M103050,H103050,
103051,51,Female,Urban,Email,1,M103051,,T103051
103052,54,Female,Rural,Email,1,M103052,,
103053,26,Male,Urban,Email,0,M103053,H103053,
103054,48,Male,Urban,Email,3,M103054,H103054,T103054
103055,48,Male,Rural,Email,1,M103055,H103055,
103056,21,Female,Urban,Phone,0,M103056,H103056,
103057,21,Female,Urban,Phone,0,M103057,H103057,T103057
103058,52,Male,Rural,Phone,0,M103058,,
103059,21,Female,Rural,SMS,0,M103059,H103059,T103059
103060,19,Male,Urban,Email,0,M103060,,T103060
103061,21,Male,Urban,Email,0,M103061,,
103062,24,Male,Urban,Email,0,M103062,H103062,
103063,50,Female,Rural,Phone,2,M103063,,T103063
103064,50,Male,Urban,Email,1,M103064,H103064,T103064
103065,19,Male,Urban,Email,0,,H103065,
103066,45,Male,Urban,SMS,0,M103066,,T103066
103067,19,Male,Rural,Email,0,M103067,H103067,T103067
103068,25,Female,Rural,Email,0,M103068,,
103069,21,Male,Urban,SMS,0,M103069,H103069,
103070,53,Female,Rural,Email,0,M103070,H103070,T103070
103071,59,Male,Urban,Phone,0,,,T103071
103072,51,Male,Rural,Email,1,M103072,H103072,T103072
103073,23,Male,Urban,Email,0,M103073,,
103074,23,Female,Urban,SMS,0,M103074,H103074,
103075,22,Male,Urban,Phone,0,,H103075,T103075
103076,52,Female,Rural,Phone,2,M103076,H103076,
103077,19,Female,Rural,Email,0,M103077,H103077,
103078,71,Male,Rural,Phone,1,M103078,,T103078
103079,48,Female,Urban,Phone,2,M103079,H103079,T103079
103080,52,Female,Urban,Email,0,,H103080,T103080
103081,49,Male,Urban,Email,1,,,
103082,24,Male,Urban,Phone,0,M103082,H103082,
103083,46,Male,Urban,Phone,1,,H103083,T103083
103084,19,Male,Rural,SMS,0,M103084,H103084,T103084
103085,52,Male,Rural,Phone,2,M103085,H103085,T103085
103086,52,Female,Rural,Phone,2,M103086,,T103086
103087,22,Female,Urban,SMS,0,,H103087,T103087
103088,48,Male,Urban,SMS,2,M103088,H103088,T103088
103089,18,Male,Urban,Email,0,M103089,,T103089
103090,20,Female,Urban,Email,0,M103090,,
103091,49,Female,Rural,Email,1,M103091,H103091,T103091
103092,49,Male,Rural,SMS,3,M103092,,T103092
103093,54,Male,Urban,SMS,2,M103093,,
103094,53,Male,Urban,Phone,4,M103094,,
103095,52,Male,Rural,Email,2,,H103095,
103096,18,Male,Urban,SMS,0,M103096,,
103097,18,Male,Urban,Email,0,M103097,H103097,T103097
103098,59,Female,Rural,Phone,0,M103098,H103098,
103099,22,Male,Rural,Phone,0,M103099,H103099,T103099
103100,51,Male,Urban,Phone,0,M103100,H103100,T103100
103101,20,Male,Rural,SMS,0,M103101,,
103102,18,Female,Rural,Email,0,M103102,H103102,
103103,48,Male,Urban,Email,2,M103103,H103103,
103104,52,Male,Urban,Phone,2,M103104,H103104,
103105,54,Female,Rural,Email,1,M103105,H103105,T103105
103106,54,Male,Rural,Phone,3,M103106,,T103106
103107,22,Male,Urban,Email,0,M103107,H103107,
103108,45,Male,Urban,Email,1,M103108,H103108,
103109,24,Male,Rural,Email,0,M103109,H103109,
103110,46,Female,Urban,Phone,0,M103110,H103110,T103110
103111,19,Male,Urban,SMS,0,M103111,,
103112,54,Female,Urban,Email,0,M103112,H103112,T103112
103113,21,Male,Urban,Email,0,M103113,H103113,
103114,46,Male,Rural,SMS,2,M103114,H103114,T103114
103115,50,Male,Urban,Phone,3,M103115,,
103116,45,Male,Urban,Email,2,,,T103116
103117,20,Male,Rural,Email,0,M103117,H103117,
103118,79,Female,Urban,SMS,0,M103118,H103118,
103119,20,Female,Urban,Phone,0,M103119,,
103120,33,Female,Urban,Email,1,,H103120,T103120
103121,21,Male,Rural,Email,0,M103121,H103121,T103121
103122,22,Male,Rural,Email,0,M103122,H103122,
103123,52,Male,Rural,Email,3,M103123,H103123,
103124,21,Female,Urban,Email,0,M103124,H103124,
103125,35,Male,Urban,Email,1,M103125,,T103125
103126,54,Female,Urban,Email,2,M103126,,
103127,49,Non-binary,Rural,Email,0,M103127,,
103128,51,Male,Urban,Phone,0,M103128,H103128,T103128
103129,50,Male,Rural,Phone,0,M103129,,T103129
103130,22,Male,Rural,SMS,0,M103130,,T103130
103131,48,Female,Urban,Email,0,M103131,H103131,
103132,23,Female,Urban,SMS,1,M103132,,
103133,19,Male,Urban,SMS,0,,H103133,
103134,22,Male,Urban,SMS,0,M103134,H103134,
103135,50,Female,Rural,Email,1,M103135,,
103136,40,Female,Urban,Email,0,M103136,,T103136
103137,45,Male,Rural,Phone,3,M103137,,T103137
103138,28,Female,Urban,Email,0,M103138,,T103138
103139,45,Female,Urban,Email,1,M103139,H103139,
103140,50,Female,Rural,Email,0,,H103140,T103140
103141,22,Male,Rural,Phone,0,M103141,H103141,
103142,50,Female,Urban,Phone,0,M103142,,T103142
103143,52,Female,Rural,Email,0,M103143,H103143,T103143
103144,48,Female,Rural,SMS,1,M103144,H103144,T103144
103145,20,Female,Rural,SMS,0,M103145,H103145,T103145
103146,49,Male,Rural,Email,0,M103146,H103146,
103147,27,Female,Urban,Email,0,M103147,,T103147
103148,23,Female,Urban,Email,0,M103148,,
103149,23,Male,Rural,SMS,0,M103149,H103149,T103149
103150,49,Male,Urban,Phone,2,M103150,,
103151,32,Female,Urban,Phone,1,M103151,H103151,T103151
103152,45,Female,Urban,Phone,2,,H103152,T103152
103153,19,Male,Urban,Email,0,,H103153,T103153
103154,47,Male,Urban,SMS,2,M103154,H103154,
103155,20,Male,Urban,SMS,0,M103155,,
103156,47,Female,Urban,Phone,1,M103156,H103156,
103157,50,Male,Urban,Phone,1,,H103157,T103157
103158,42,Female,Rural,Email,2,M103158,H103158,T103158
103159,21,Female,Rural,Email,0,M103159,H103159,
103160,49,Male,Urban,Email,0,M103160,H103160,
103161,65,Male,Urban,Phone,1,M103161,H103161,T103161
103162,69,Female,Urban,Phone,0,M103162,H103162,
103163,23,Female,Rural,SMS,0,,H103163,T103163
103164,53,Male,Rural,Email,1,M103164,H103164,T103164
103165,26,Female,Rural,Email,0,,H103165,
103166,18,Female,Rural,Email,0,M103166,,
103167,53,Female,Urban,SMS,0,,,
103168,46,Female,Urban,Phone,0,M103168,,T103168
103169,50,Male,Urban,Phone,0,M103169,,
103170,53,Female,Urban,Phone,4,M103170,,
103171,32,Male,Urban,Email,1,M103171,H103171,
103172,50,Male,Rural,Email,2,M103172,H103172,T103172
103173,38,Female,Urban,Email,0,M103173,H103173,T103173
103174,23,Male,Rural,Email,0,M103174,H103174,T103174
103175,41,Female,Urban,Email,5,M103175,,
103176,63,Male,Urban,Phone,2,M103176,H103176,T103176
103177,50,Male,Rural,Email,2,M103177,,T103177
103178,24,Male,Urban,SMS,0,M103178,,
103179,52,Female,Urban,Phone,0,M103179,,T103179
103180,65,Male,Urban,Phone,1,M103180,H103180,T103180
103181,47,Male,Rural,SMS,2,M103181,,
103182,52,Female,Urban,Email,0,M103182,H103182,T103182
103183,36,Female,Rural,Phone,2,M103183,,
103184,52,Female,Rural,Email,1,,H103184,T103184
103185,48,Female,Rural,Phone,1,M103185,H103185,
103186,47,Female,Urban,Phone,1,M103186,H103186,T103186
103187,50,Male,Rural,Email,1,,H103187,
103188,54,Non-binary,Urban,Email,2,M103188,H103188,T103188
103189,24,Female,Rural,Phone,0,M103189,,T103189
103190,49,Male,Urban,Phone,0,M103190,H103190,
103191,18,Male,Urban,Phone,0,,H103191,T103191
103192,24,Female,Urban,Email,0,M103192,H103192,T103192
103193,53,Male,Rural,Phone,0,M103193,H103193,
103194,51,Male,Rural,Phone,0,M103194,H103194,T103194
103195,51,Male,Urban,Email,1,M103195,H103195,
103196,50,Female,Urban,Phone,1,,H103196,T103196
103197,45,Female,Rural,Phone,2,,H103197,T103197
103198,46,Male,Rural,Phone,1,,H103198,T103198
103199,46,Female,Rural,Phone,1,M103199,H103199,T103199
103200,24,Female,Urban,Email,0,M103200,H103200,
103201,45,Female,Rural,SMS,2,M103201,H103201,T103201
103202,21,Female,Rural,SMS,0,M103202,,
103203,20,Female,Urban,Email,0,M103203,,T103203
103204,18,Male,Urban,SMS,0,M103204,,T103204
103205,54,Female,Urban,Email,1,M103205,,
103206,45,Male,Urban,Phone,2,,H103206,T103206
103207,63,Male,Rural,Phone,2,,,
103208,76,Male,Urban,Phone,1,,,T103208
103209,52,Female,Urban,SMS,0,M103209,H103209,
103210,19,Female,Urban,Email,0,,H103210,T103210
103211,53,Male,Rural,Phone,0,M103211,H103211,
103212,50,Male,Rural,Phone,0,M103212,,T103212
103213,49,Female,Urban,Email,0,,H103213,T103213
103214,22,Male,Rural,SMS,0,M103214,,T103214
103215,20,Male,Urban,Email,0,M103215,H103215,
103216,57,Female,Rural,Phone,0,M103216,,
103217,20,Male,Rural,SMS,0,M103217,,
103218,40,Male,Urban,Email,1,M103218,H103218,T103218
103219,51,Male,Rural,Email,0,M103219,H103219,
103220,19,Female,Urban,Email,0,M103220,,T103220
103221,19,Female,Rural,Phone,0,M103221,H103221,T103221
103222,79,Female,Urban,Email,1,,,T103222
103223,50,Female,Rural,Email,0,M103223,,T103223
103224,53,Female,Urban,Phone,0,M103224,H103224,
103225,20,Male,Urban,Email,0,M103225,H103225,T103225
103226,20,Male,Urban,Phone,0,M103226,,
103227,47,Female,Rural,Phone,1,M103227,H103227,
103228,50,Male,Urban,Email,2,M103228,,
103229,23,Female,Rural,Email,0,M103229,H103229,T103229
103230,50,Female,Urban,Email,0,M103230,,
103231,69,Male,Rural,Phone,0,M103231,H103231,T103231
103232,54,Male,Urban,Email,0,M103232,H103232,
103233,40,Female,Urban,Phone,0,M103233,H103233,T103233
103234,38,Male,Rural,Phone,1,M103234,,
103235,18,Male,Urban,Email,0,M103235,,T103235
103236,21,Male,Urban,SMS,0,,H103236,T103236
103237,51,Male,Rural,SMS,0,M103237,H103237,
103238,54,Female,Urban,Email,0,M103238,,
103239,47,Female,Urban,SMS,1,M103239,H103239,T103239
103240,46,Male,Urban,Email,0,M103240,,
103241,24,Female,Rural,Phone,0,M103241,H103241,T103241
103242,21,Female,Rural,Email,0,M103242,,
103243,18,Female,Rural,SMS,0,M103243,,T103243
103244,18,Female,Rural,SMS,0,M103244,H103244,T103244
103245,49,Female,Urban,SMS,1,M103245,,
103246,51,Female,Urban,SMS,3,M103246,H103246,T103246
103247,47,Male,Urban,Email,3,M103247,,T103247
103248,48,Female,Urban,Phone,1,M103248,,
103249,42,Male,Urban,Email,3,,H103249,T103249
103250,24,Female,Rural,Email,0,M103250,H103250,T103250
103251,39,Female,Urban,Email,0,M103251,H103251,T103251
103252,29,Male,Urban,SMS,0,M103252,,T103252
103253,48,Female,Urban,Phone,3,M103253,H103253,
103254,46,Female,Urban,Email,3,M103254,,
103255,18,Male,Urban,SMS,0,,H103255,T103255
103256,23,Female,Urban,SMS,0,M103256,H103256,T103256
103257,18,Female,Urban,Email,0,M103257,,T103257
103258,63,Male,Urban,Phone,3,M103258,H103258,
103259,19,Female,Rural,Phone,0,M103259,,
103260,22,Male,Rural,Phone,0,M103260,,
103261,24,Female,Rural,Email,0,,H103261,T103261
103262,52,Female,Rural,Phone,0,M103262,H103262,
103263,52,Female,Rural,Email,0,M103263,,T103263
103264,47,Male,Urban,Phone,1,M103264,,T103264
103265,30,Female,Rural,Email,0,M103265,H103265,
103266,22,Male,Urban,Email,0,M103266,,
103267,49,Male,Urban,Email,0,,H103267,T103267
103268,18,Male,Urban,Phone,0,M103268,H103268,
103269,24,Female,Urban,Email,0,,H103269,T103269
103270,46,Male,Rural,Phone,1,M103270,,T103270
103271,24,Male,Urban,Email,0,M103271,H103271,T103271
103272,24,Female,Rural,SMS,0,,H103272,T103272
103273,45,Male,Rural,Email,0,M103273,H103273,
103274,52,Female,Urban,Email,2,M103274,H103274,T103274
103275,22,Male,Urban,Email,0,M103275,,
103276,27,Male,Urban,Phone,0,,,
103277,53,Female,Urban,Email,0,M103277,H103277,T103277
103278,18,Female,Rural,Email,0,M103278,H103278,T103278
103279,19,Male,Rural,SMS,1,M103279,H103279,
103280,54,Male,Rural,Phone,2,M103280,H103280,T103280
103281,52,Male,Urban,Phone,1,M103281,H103281,T103281
103282,66,Female,Rural,Phone,0,M103282,,
103283,36,Male,Rural,SMS,0,,H103283,
103284,19,Male,Urban,SMS,0,,H103284,T103284
103285,45,Non-binary,Urban,Phone,4,M103285,,
103286,46,Female,Urban,Phone,1,M103286,H103286,T103286
103287,22,Male,Urban,SMS,0,M103287,,
103288,45,Female,Rural,SMS,1,M103288,,T103288
103289,20,Male,Rural,Email,0,,H103289,T103289
103290,48,Female,Urban,SMS,2,M103290,H103290,T103290
103291,54,Male,Rural,Phone,2,M103291,,
103292,54,Female,Urban,Phone,1,,H103292,T103292
103293,77,Female,Urban,Phone,0,M103293,,T103293
103294,70,Female,Rural,Phone,2,M103294,H103294,T103294
103295,21,Male,Rural,SMS,0,,H103295,T103295
103296,40,Male,Rural,Phone,1,,H103296,
103297,53,Male,Urban,Email,0,M103297,H103297,
103298,23,Male,Rural,Phone,0,M103298,H103298,
103299,44,Female,Rural,Email,1,M103299,H103299,
103300,21,Female,Rural,Email,0,M103300,,
103301,64,Female,Urban,Phone,0,M103301,,T103301
103302,42,Female,Urban,Phone,1,M103302,H103302,
103303,52,Male,Rural,Email,1,,H103303,T103303
103304,41,Female,Rural,Email,0,M103304,H103304,
103305,20,Male,Urban,Email,0,M103305,H103305,T103305
103306,51,Male,Urban,Phone,1,M103306,H103306,
103307,20,Male,Rural,SMS,0,M103307,H103307,
103308,22,Female,Urban,SMS,0,M103308,,
103309,37,Male,Urban,Phone,1,M103309,H103309,
103310,52,Male,Urban,Email,2,M103310,H103310,
103311,30,Male,Urban,Email,0,M103311,H103311,T103311
103312,22,Male,Rural,SMS,0,M103312,,
103313,27,Female,Urban,Email,0,,,T103313
103314,23,Male,Urban,Email,0,,H103314,T103314
103315,23,Male,Rural,Phone,0,M103315,H103315,T103315
103316,46,Male,Rural,Phone,1,M103316,H103316,T103316
103317,20,Male,Urban,Email,0,,,
103318,22,Male,Urban,Email,0,M103318,,T103318
103319,53,Female,Rural,Phone,1,M103319,,T103319
103320,52,Female,Urban,Email,0,M103320,,T103320
103321,21,Male,Urban,Email,0,M103321,H103321,
103322,27,Male,Urban,SMS,0,M103322,H103322,
103323,24,Male,Urban,SMS,0,,,
103324,63,Female,Rural,Phone,2,M103324,,T103324
103325,24,Male,Urban,Email,0,M103325,H103325,
103326,20,Male,Urban,Email,0,M103326,H103326,
103327,49,Male,Urban,Email,2,M103327,H103327,
103328,19,Female,Urban,SMS,0,M103328,H103328,
103329,24,Female,Urban,Phone,0,M103329,H103329,
103330,24,Male,Rural,Email,0,M103330,H103330,
103331,46,Male,Urban,Phone,0,,H103331,
103332,47,Female,Urban,Email,3,M103332,,
103333,50,Male,Urban,Phone,1,,,T103333
103334,49,Female,Rural,SMS,0,M103334,H103334,T103334
103335,29,Female,Urban,Email,0,M103335,H103335,T103335
103336,58,Female,Rural,Phone,1,M103336,H103336,
103337,51,Female,Rural,Phone,1,M103337,,T103337
103338,53,Male,Urban,Phone,0,,H103338,
103339,54,Female,Rural,Email,0,,,
103340,29,Male,Urban,Email,2,M103340,H103340,T103340
103341,23,Female,Rural,Email,0,,H103341,T103341
103342,51,Female,Rural,Phone,0,M103342,,
103343,19,Female,Urban,Email,0,M103343,H103343,T103343
103344,52,Female,Rural,Email,1,M103344,,T103344
103345,20,Male,Urban,Email,0,M103345,H103345,
103346,22,Male,Urban,Phone,0,M103346,,
103347,62,Male,Rural,Phone,1,,H103347,T103347
103348,54,Male,Rural,Phone,0,M103348,H103348,
103349,54,Male,Urban,Phone,3,M103349,,
103350,33,Male,Rural,SMS,0,M103350,H103350,T103350
103351,50,Male,Rural,Email,1,,H103351,T103351
103352,49,Male,Urban,Email,0,M103352,H103352,T103352
103353,49,Female,Rural,Email,4,M103353,,T103353
103354,54,Female,Rural,Email,0,,H103354,T103354
103355,47,Male,Rural,SMS,0,M103355,,
103356,30,Male,Rural,Email,1,,H103356,T103356
103357,51,Female,Urban,Phone,1,M103357,,T103357
103358,65,Male,Urban,Email,2,M103358,,
103359,51,Female,Urban,Phone,2,M103359,H103359,
103360,37,Male,Urban,Email,2,M103360,,
103361,47,Male,Urban,Email,2,M103361,,
103362,51,Female,Rural,Email,1,M103362,H103362,T103362
103363,65,Male,Urban,Phone,2,M103363,,
103364,46,Male,Rural,Phone,2,M103364,H103364,T103364
103365,29,Male,Urban,SMS,4,M103365,,
103366,40,Male,Urban,SMS,0,M103366,,
103367,46,Male,Rural,Phone,0,M103367,,T103367
103368,20,Female,Rural,SMS,0,M103368,H103368,
103369,48,Male,Urban,Email,2,M103369,,T103369
103370,50,Female,Rural,Email,1,M103370,,
103371,48,Female,Urban,Email,0,M103371,H103371,T103371
103372,18,Female,Urban,Phone,0,M103372,,
103373,50,Female,Urban,Phone,0,M103373,H103373,
103374,53,Male,Rural,Phone,3,M103374,,
103375,22,Male,Urban,SMS,0,M103375,H103375,T103375
103376,48,Male,Rural,Email,0,M103376,H103376,T103376
103377,49,Female,Urban,Phone,0,,,T103377
103378,46,Male,Urban,Phone,1,M103378,H103378,T103378
103379,19,Male,Rural,Email,0,M103379,,
103380,21,Female,Urban,Email,0,M103380,H103380,T103380
103381,50,Male,Urban,Email,0,M103381,H103381,
103382,21,Female,Urban,Email,0,,,
103383,44,Male,Urban,Phone,3,,H103383,
103384,51,Female,Urban,Phone,2,,H103384,T103384
103385,18,Male,Urban,Email,0,M103385,H103385,T103385
103386,50,Male,Rural,Phone,0,M103386,H103386,
103387,73,Male,Urban,Phone,0,M103387,H103387,T103387
103388,45,Female,Urban,SMS,0,M103388,,
103389,48,Female,Urban,Phone,0,M103389,,
103390,53,Male,Urban,Phone,1,M103390,,
103391,20,Female,Rural,Email,0,,H103391,T103391
103392,21,Female,Rural,Phone,0,M103392,,T103392
103393,47,Male,Urban,Email,0,M103393,H103393,
103394,35,Male,Urban,Email,2,M103394,H103394,
103395,20,Male,Urban,SMS,0,M103395,,
103396,23,Female,Urban,SMS,0,M103396,H103396,
103397,54,Female,Urban,Phone,1,M103397,H103397,
103398,22,Male,Rural,Email,0,M103398,H103398,
103399,53,Female,Rural,Phone,2,M103399,,T103399
103400,41,Female,Urban,Email,1,,H103400,T103400
103401,51,Female,Rural,Email,1,,H103401,T103401
103402,20,Male,Urban,Email,0,M103402,H103402,T103402
103403,18,Female,Rural,Email,0,M103403,H103403,T103403
103404,49,Male,Rural,Email,1,M103404,,
103405,53,Female,Urban,Phone,0,,H103405,T103405
103406,21,Female,Urban,Email,0,M103406,H103406,T103406
103407,52,Male,Urban,Phone,0,M103407,H103407,T103407
103408,45,Male,Rural,SMS,0,,,T103408
103409,19,Male,Urban,Email,0,M103409,H103409,T103409
103410,47,Male,Rural,Phone,4,M103410,,
103411,20,Female,Urban,Email,0,,H103411,T103411
103412,54,Female,Urban,SMS,3,M103412,H103412,
103413,21,Female,Rural,Email,0,M103413,H103413,T103413
103414,51,Female,Urban,Email,0,M103414,H103414,
103415,31,Male,Urban,Email,2,M103415,,T103415
103416,49,Male,Rural,SMS,2,M103416,H103416,T103416
103417,54,Female,Urban,Email,0,M103417,,T103417
103418,47,Female,Rural,Phone,0,M103418,,
103419,45,Non-binary,Rural,Email,1,M103419,,
103420,52,Male,Urban,Phone,1,M103420,H103420,
103421,22,Female,Urban,Email,0,M103421,H103421,
103422,27,Female,Urban,Email,0,M103422,H103422,T103422
103423,24,Female,Rural,Email,0,M103423,,T103423
103424,46,Female,Rural,Email,0,,,
103425,47,Female,Rural,Phone,2,M103425,,T103425
103426,46,Male,Rural,Phone,1,M103426,H103426,
103427,46,Female,Urban,Email,0,M103427,H103427,T103427
103428,52,Male,Urban,Phone,3,M103428,H103428,T103428
103429,22,Female,Urban,Email,0,M103429,,
103430,22,Female,Rural,Phone,0,M103430,,
103431,53,Female,Urban,Phone,1,M103431,H103431,
103432,18,Male,Urban,SMS,0,M103432,H103432,
103433,22,Male,Urban,SMS,0,M103433,,
103434,56,Female,Urban,Phone,0,M103434,H103434,
103435,79,Female,Urban,Phone,1,M103435,H103435,T103435
103436,51,Male,Urban,SMS,3,M103436,H103436,
103437,42,Female,Rural,Email,1,,H103437,T103437
103438,50,Male,Rural,Email,1,M103438,,
103439,20,Non-binary,Urban,Email,0,M103439,H103439,T103439
103440,51,Female,Rural,Phone,2,M103440,H103440,
103441,33,Male,Urban,Phone,2,M103441,,
103442,56,Male,Rural,SMS,0,,H103442,T103442
103443,63,Male,Urban,Phone,2,M103443,,
103444,52,Female,Urban,Email,1,M103444,,T103444
103445,18,Male,Urban,Email,0,M103445,H103445,T103445
103446,54,Female,Urban,Phone,1,M103446,,T103446
103447,19,Male,Rural,Email,0,M103447,H103447,T103447
103448,51,Male,Rural,SMS,0,M103448,H103448,T103448
103449,18,Female,Rural,Email,1,M103449,H103449,
103450,19,Male,Urban,SMS,0,M103450,H103450,
103451,51,Male,Urban,Phone,1,M103451,H103451,T103451
103452,51,Male,Rural,Phone,1,M103452,H103452,
103453,51,Non-binary,Urban,Phone,1,M103453,H103453,
103454,20,Male,Urban,Email,0,,H103454,T103454
103455,53,Female,Urban,Phone,1,M103455,H103455,
103456,18,Male,Urban,SMS,0,M103456,,T103456
103457,23,Male,Urban,Email,0,,H103457,T103457
103458,48,Male,Urban,Email,0,,H103458,T103458
103459,22,Male,Rural,SMS,0,M103459,H103459,T103459
103460,54,Female,Rural,SMS,2,M103460,,
103461,19,Female,Rural,Phone,1,M103461,H103461,T103461
103462,20,Female,Rural,SMS,0,M103462,,T103462
103463,53,Male,Urban,Phone,0,,H103463,T103463
103464,24,Female,Rural,Email,0,,H103464,
103465,47,Female,Rural,Phone,0,M103465,,
103466,50,Female,Urban,Email,2,M103466,H103466,T103466
103467,20,Male,Urban,Email,0,M103467,H103467,T103467
103468,50,Female,Rural,Phone,0,M103468,H103468,T103468
103469,20,Female,Rural,Email,0,M103469,,
103470,35,Female,Rural,Email,0,M103470,,
103471,24,Female,Rural,Phone,0,M103471,H103471,
103472,51,Female,Rural,Phone,1,M103472,H103472,T103472
103473,49,Female,Rural,SMS,1,M103473,H103473,
103474,46,Male,Rural,Email,1,M103474,H103474,
103475,66,Female,Rural,Phone,0,,H103475,T103475
103476,29,Female,Rural,Email,1,M103476,,T103476
103477,51,Male,Urban,Email,1,M103477,,T103477
103478,47,Female,Rural,Phone,1,M103478,,T103478
103479,62,Female,Urban,Phone,0,M103479,H103479,
103480,48,Female,Urban,Phone,0,M103480,H103480,
103481,65,Female,Urban,Phone,2,M103481,,
103482,21,Male,Urban,Email,0,M103482,H103482,
103483,46,Non-binary,Urban,Phone,2,M103483,H103483,
103484,45,Female,Urban,Email,2,M103484,,T103484
103485,46,Male,Urban,Email,2,M103485,H103485,T103485
103486,19,Male,Rural,Email,0,M103486,H103486,T103486
103487,72,Female,Rural,Phone,0,M103487,,
103488,24,Male,Rural,SMS,0,M103488,H103488,
103489,47,Male,Urban,Email,3,M103489,,
103490,45,Male,Urban,Phone,1,M103490,,
103491,19,Male,Rural,Phone,0,M103491,H103491,T103491
103492,48,Female,Urban,Phone,0,,H103492,T103492
103493,19,Male,Rural,Email,1,M103493,H103493,T103493
103494,48,Female,Rural,Phone,1,M103494,,
103495,54,Male,Urban,Phone,3,M103495,H103495,T103495
103496,28,Female,Urban,Email,1,M103496,,T103496
103497,51,Female,Urban,Phone,2,M103497,,
103498,22,Female,Urban,Email,0,,H103498,T103498
103499,46,Male,Urban,Phone,1,M103499,H103499,T103499
103500,57,Male,Rural,Phone,1,M103500,H103500,T103500
103501,20,Male,Rural,Email,0,,H103501,
103502,49,Female,Urban,Email,1,M103502,,
103503,45,Female,Urban,Email,0,M103503,,
103504,51,Female,Urban,Email,1,,H103504,T103504
103505,48,Female,Urban,Phone,1,M103505,H103505,
103506,48,Female,Rural,Email,1,M103506,H103506,
103507,51,Male,Rural,Phone,0,M103507,H103507,
103508,24,Male,Rural,SMS,0,M103508,,
103509,43,Female,Urban,Email,2,M103509,,
103510,54,Female,Urban,Email,0,M103510,H103510,T103510
103511,20,Male,Rural,Email,0,M103511,,
103512,46,Male,Rural,Phone,0,M103512,,
103513,19,Male,Rural,Email,0,,H103513,T103513
103514,48,Male,Urban,Email,3,,H103514,T103514
103515,48,Female,Rural,SMS,2,M103515,,
103516,37,Female,Urban,Phone,1,M103516,H103516,T103516
103517,19,Male,Urban,Email,0,M103517,H103517,T103517
103518,46,Male,Rural,Phone,2,M103518,,
103519,61,Male,Urban,SMS,0,,H103519,T103519
103520,49,Female,Rural,Phone,2,,H103520,T103520
103521,45,Male,Urban,Email,2,M103521,,T103521
103522,50,Female,Urban,Phone,1,M103522,,
103523,43,Male,Urban,Email,1,M103523,H103523,
103524,49,Female,Rural,Phone,2,M103524,H103524,
103525,28,Male,Rural,Email,2,M103525,,T103525
103526,19,Female,Urban,Phone,1,M103526,H103526,T103526
103527,48,Female,Urban,Phone,2,M103527,H103527,T103527
103528,47,Female,Urban,SMS,1,M103528,,T103528
103529,54,Male,Urban,Phone,2,,,
103530,54,Male,Rural,Email,1,M103530,H103530,
103531,48,Non-binary,Urban,Email,2,M103531,H103531,T103531
103532,24,Male,Urban,Email,1,,H103532,T103532
103533,53,Male,Urban,Email,2,,H103533,T103533
103534,55,Male,Rural,Email,1,M103534,,T103534
103535,49,Female,Rural,Phone,1,M103535,H103535,
103536,51,Male,Rural,Email,1,M103536,H103536,
103537,49,Male,Rural,Email,0,M103537,H103537,T103537
103538,49,Male,Rural,Phone,2,M103538,,
103539,59,Female,Urban,SMS,0,M103539,H103539,
103540,51,Female,Rural,Phone,1,M103540,H103540,
103541,47,Female,Rural,Email,2,M103541,H103541,
103542,22,Male,Urban,Email,0,M103542,H103542,
103543,47,Male,Rural,SMS,1,M103543,,
103544,33,Male,Rural,Email,0,M103544,H103544,
103545,55,Female,Rural,Phone,2,M103545,,T103545
103546,45,Male,Urban,Phone,0,,H103546,T103546
103547,45,Female,Urban,Phone,1,M103547,H103547,T103547
103548,28,Female,Rural,Email,1,,,
103549,51,Male,Urban,SMS,1,,H103549,T103549
103550,54,Female,Urban,Email,1,,,
103551,21,Female,Urban,Email,0,,H103551,T103551
103552,46,Female,Urban,Email,1,M103552,,T103552
103553,28,Female,Rural,Email,1,M103553,H103553,T103553
103554,46,Male,Rural,Email,4,M103554,H103554,T103554
103555,21,Male,Rural,SMS,0,,H103555,T103555
103556,52,Non-binary,Urban,Phone,0,,H103556,T103556
103557,45,Male,Urban,Email,1,M103557,,
103558,52,Female,Urban,Phone,2,M103558,H103558,T103558
103559,19,Female,Urban,SMS,1,M103559,H103559,T103559
103560,75,Male,Rural,Email,1,M103560,H103560,T103560
103561,53,Female,Urban,Phone,1,,,
103562,23,Non-binary,Urban,SMS,1,M103562,H103562,T103562
103563,22,Female,Rural,SMS,0,M103563,,T103563
103564,22,Male,Rural,Email,0,M103564,H103564,
103565,46,Male,Urban,SMS,4,M103565,,T103565
103566,18,Male,Rural,Phone,0,M103566,H103566,
103567,48,Male,Urban,Email,2,,H103567,
103568,51,Male,Rural,Email,1,M103568,,
103569,51,Female,Rural,Phone,1,M103569,,
103570,52,Male,Urban,Email,1,M103570,,
103571,48,Male,Urban,Email,4,M103571,,
103572,24,Male,Urban,Email,0,M103572,H103572,T103572
103573,49,Male,Rural,Phone,2,M103573,H103573,T103573
103574,19,Female,Urban,Phone,0,M103574,H103574,
103575,23,Female,Rural,Email,0,M103575,H103575,T103575
103576,66,Male,Urban,Phone,1,M103576,,T103576
103577,20,Female,Urban,Email,0,M103577,H103577,T103577
103578,23,Male,Urban,Email,1,M103578,H103578,
103579,52,Male,Urban,Phone,0,M103579,,
103580,27,Male,Urban,Email,1,M103580,H103580,T103580
103581,19,Female,Urban,SMS,0,M103581,H103581,T103581
103582,45,Female,Rural,Email,1,M103582,,T103582
103583,45,Male,Urban,Email,0,M103583,H103583,
103584,53,Male,Rural,Phone,0,M103584,H103584,
103585,23,Male,Urban,Email,0,M103585,H103585,
103586,50,Female,Rural,Email,1,M103586,,
103587,50,Female,Urban,Email,2,M103587,H103587,
103588,20,Male,Rural,Phone,0,M103588,,
103589,19,Male,Urban,Email,0,M103589,H103589,T103589
103590,18,Male,Urban,SMS,1,M103590,,T103590
103591,51,Male,Urban,Phone,1,M103591,H103591,
103592,18,Male,Urban,SMS,0,M103592,,T103592
103593,46,Male,Urban,Phone,0,,H103593,T103593
103594,62,Male,Urban,Phone,2,M103594,,
103595,22,Male,Rural,Phone,0,M103595,,T103595
103596,49,Male,Urban,Phone,2,M103596,H103596,
103597,19,Female,Urban,Phone,0,M103597,,
103598,19,Male,Rural,Phone,0,M103598,,T103598
103599,49,Male,Rural,Email,2,M103599,H103599,T103599
103600,48,Male,Urban,Phone,1,M103600,,T103600
103601,60,Female,Urban,Phone,1,M103601,H103601,T103601
103602,46,Female,Urban,Phone,0,M103602,,
103603,19,Male,Urban,Email,0,M103603,H103603,T103603
103604,46,Male,Urban,Email,1,M103604,,T103604
103605,20,Female,Rural,Email,0,M103605,H103605,T103605
103606,47,Female,Rural,Email,0,M103606,H103606,T103606
103607,47,Male,Urban,Email,0,M103607,H103607,T103607
103608,30,Non-binary,Urban,Email,1,M103608,H103608,T103608
103609,49,Female,Urban,Phone,3,,H103609,T103609
103610,47,Female,Urban,Email,1,M103610,,
103611,51,Female,Urban,SMS,1,M103611,H103611,
103612,20,Female,Rural,SMS,1,M103612,,T103612
103613,20,Female,Urban,Email,0,M103613,H103613,T103613
103614,21,Male,Rural,Email,0,M103614,H103614,
103615,36,Male,Urban,Email,0,M103615,H103615,T103615
103616,49,Female,Urban,Email,0,M103616,H103616,T103616
103617,22,Female,Urban,Email,0,,,T103617
103618,36,Male,Rural,Phone,1,M103618,H103618,
103619,50,Female,Urban,Phone,1,,H103619,T103619
103620,18,Male,Urban,Email,0,M103620,,T103620
103621,61,Female,Urban,Phone,0,M103621,H103621,
103622,45,Male,Rural,Email,1,,H103622,T103622
103623,36,Male,Rural,Phone,0,,H103623,T103623
103624,48,Female,Urban,SMS,1,M103624,H103624,T103624
103625,31,Male,Urban,Email,0,,H103625,T103625
103626,52,Male,Urban,Phone,1,M103626,H103626,
103627,49,Female,Urban,Phone,0,M103627,H103627,
103628,46,Male,Rural,Phone,0,M103628,,
103629,48,Female,Urban,Email,0,,H103629,T103629
103630,52,Female,Rural,Phone,1,M103630,H103630,T103630
103631,45,Non-binary,Rural,Phone,0,M103631,H103631,T103631
103632,23,Female,Rural,Email,0,M103632,,T103632
103633,20,Female,Urban,Phone,0,M103633,H103633,T103633
103634,45,Female,Rural,Phone,1,M103634,H103634,
103635,51,Non-binary,Urban,Email,2,M103635,,
103636,45,Female,Urban,SMS,0,M103636,H103636,
103637,48,Female,Rural,Email,0,M103637,H103637,T103637
103638,19,Male,Urban,Email,0,M103638,,T103638
103639,22,Male,Urban,Phone,0,,,T103639
103640,45,Male,Urban,Email,1,M103640,H103640,
103641,18,Male,Urban,SMS,0,M103641,,
103642,50,Female,Rural,Phone,0,M103642,H103642,T103642
103643,54,Male,Rural,Phone,0,M103643,,T103643
103644,45,Male,Rural,Phone,0,M103644,,T103644
103645,49,Female,Urban,SMS,0,M103645,H103645,T103645
103646,53,Male,Urban,SMS,2,M103646,H103646,T103646
103647,47,Male,Urban,Email,3,,,T103647
103648,21,Female,Urban,Email,0,M103648,,T103648
103649,53,Female,Rural,Phone,3,M103649,,T103649
103650,52,Female,Rural,SMS,0,M103650,H103650,
103651,20,Male,Rural,SMS,0,,,T103651
103652,52,Female,Rural,Email,0,M103652,H103652,
103653,51,Male,Urban,SMS,1,,H103653,T103653
103654,21,Female,Rural,Email,0,M103654,H103654,T103654
103655,49,Male,Rural,Email,0,M103655,,T103655
103656,64,Male,Rural,Phone,3,M103656,,
103657,53,Female,Urban,Email,0,M103657,H103657,T103657
103658,44,Female,Rural,Phone,0,M103658,H103658,
103659,51,Male,Urban,Email,3,M103659,H103659,T103659
103660,70,Female,Rural,Phone,1,M103660,,
103661,46,Female,Rural,SMS,1,,H103661,
103662,18,Male,Rural,Email,0,,,T103662
103663,24,Male,Urban,Email,0,,H103663,T103663
103664,48,Male,Urban,Phone,2,M103664,,T103664
103665,46,Male,Rural,Email,1,,H103665,T103665
103666,19,Male,Rural,SMS,0,M103666,,T103666
103667,25,Male,Rural,Phone,0,M103667,H103667,
103668,50,Female,Urban,Email,0,M103668,,T103668
103669,50,Male,Rural,Phone,1,M103669,H103669,
103670,48,Male,Rural,Phone,2,M103670,,T103670
103671,52,Male,Urban,Email,1,M103671,H103671,T103671
103672,72,Non-binary,Urban,Email,2,M103672,H103672,T103672
103673,54,Female,Rural,Phone,1,M103673,H103673,T103673
103674,23,Male,Urban,SMS,0,M103674,,T103674
103675,45,Male,Rural,Email,1,M103675,H103675,
103676,19,Female,Urban,Email,0,M103676,H103676,T103676
103677,76,Female,Urban,Email,0,M103677,,
103678,21,Male,Urban,Phone,0,M103678,H103678,
103679,52,Female,Rural,Email,2,M103679,H103679,T103679
103680,48,Male,Rural,Phone,0,M103680,H103680,
103681,18,Male,Rural,Email,0,M103681,H103681,T103681
103682,52,Male,Rural,Phone,1,M103682,H103682,T103682
103683,23,Male,Rural,Phone,0,,H103683,T103683
103684,51,Female,Rural,Phone,3,M103684,H103684,
103685,49,Female,Rural,Email,1,,H103685,T103685
103686,35,Male,Urban,Phone,1,M103686,,T103686
103687,52,Female,Urban,Phone,1,M103687,H103687,T103687
103688,61,Male,Urban,Phone,0,M103688,H103688,
103689,31,Female,Rural,Email,0,,H103689,T103689
103690,46,Female,Urban,Email,0,,H103690,T103690
103691,52,Non-binary,Rural,Phone,0,M103691,,
103692,52,Male,Rural,Email,0,M103692,H103692,T103692
103693,24,Male,Urban,Phone,0,M103693,,T103693
103694,60,Female,Urban,Phone,0,,H103694,T103694
103695,23,Male,Rural,Email,0,M103695,H103695,T103695
103696,49,Male,Urban,Phone,1,M103696,H103696,
103697,51,Male,Rural,Email,1,M103697,H103697,
103698,51,Female,Urban,Email,1,M103698,,T103698
103699,23,Female,Urban,SMS,0,M103699,H103699,
103700,23,Male,Rural,Email,0,,H103700,
103701,45,Male,Urban,SMS,2,M103701,,
103702,23,Female,Urban,Email,0,M103702,H103702,
103703,52,Female,Urban,SMS,0,M103703,H103703,T103703
103704,50,Male,Urban,Phone,4,M103704,H103704,T103704
103705,50,Non-binary,Rural,Email,0,M103705,,
103706,23,Male,Urban,Email,1,M103706,,
103707,21,Male,Urban,Phone,0,M103707,,T103707
103708,71,Male,Urban,Phone,0,,H103708,T103708
103709,53,Male,Urban,Email,0,M103709,H103709,
103710,23,Male,Urban,SMS,0,M103710,H103710,T103710
103711,19,Female,Rural,Phone,0,M103711,H103711,
103712,33,Male,Urban,SMS,0,M103712,,T103712
103713,69,Male,Rural,Phone,1,M103713,H103713,
103714,18,Female,Urban,SMS,0,M103714,,
103715,24,Female,Urban,SMS,0,M103715,H103715,
103716,47,Male,Urban,Phone,0,M103716,H103716,T103716
103717,19,Male,Rural,SMS,0,,H103717,T103717
103718,19,Female,Rural,Phone,0,M103718,,
103719,72,Male,Urban,Email,1,M103719,,
103720,46,Female,Rural,Phone,1,M103720,H103720,
103721,19,Female,Urban,Email,0,M103721,H103721,T103721
103722,48,Female,Urban,SMS,2,M103722,H103722,T103722
103723,19,Female,Rural,Phone,0,M103723,H103723,T103723
103724,19,Female,Urban,Email,0,,H103724,T103724
103725,54,Male,Urban,Email,2,M103725,H103725,
103726,50,Male,Urban,Phone,0,M103726,,T103726
103727,45,Male,Rural,Email,0,,H103727,T103727
103728,46,Male,Urban,Phone,1,M103728,,T103728
103729,23,Male,Rural,Phone,0,M103729,H103729,T103729
103730,57,Female,Urban,Phone,1,M103730,,
103731,46,Female,Rural,Email,1,,H103731,T103731
103732,22,Female,Urban,Email,0,M103732,H103732,T103732
103733,53,Male,Rural,Phone,2,,H103733,T103733
103734,20,Female,Urban,SMS,0,M103734,H103734,
103735,52,Male,Urban,SMS,0,M103735,H103735,T103735
103736,49,Male,Urban,Phone,1,,H103736,T103736
103737,18,Male,Rural,Email,0,,H103737,T103737
103738,52,Female,Urban,Email,1,,H103738,T103738
103739,24,Female,Rural,SMS,0,,H103739,T103739
103740,54,Female,Rural,SMS,5,M103740,H103740,
103741,18,Male,Urban,Email,0,M103741,H103741,T103741
103742,21,Male,Urban,Phone,0,M103742,H103742,
103743,41,Male,Urban,Email,2,M103743,,
103744,45,Male,Urban,Email,0,,H103744,
103745,24,Male,Urban,SMS,0,M103745,,T103745
103746,46,Female,Rural,SMS,0,M103746,H103746,T103746
103747,19,Female,Urban,SMS,0,M103747,H103747,
103748,54,Female,Urban,Email,1,,H103748,
103749,30,Female,Rural,Email,1,M103749,H103749,
103750,22,Female,Urban,SMS,0,M103750,H103750,T103750
103751,59,Male,Rural,Phone,2,M103751,H103751,T103751
103752,52,Female,Rural,Phone,0,M103752,H103752,T103752
103753,45,Female,Urban,Phone,2,,H103753,
103754,51,Female,Urban,Email,1,M103754,H103754,T103754
103755,45,Female,Rural,Phone,0,M103755,H103755,
103756,46,Female,Rural,Phone,2,M103756,,T103756
103757,50,Female,Rural,Email,2,M103757,H103757,T103757
103758,49,Female,Rural,Email,0,M103758,H103758,
103759,46,Non-binary,Urban,Phone,0,,H103759,T103759
103760,52,Female,Urban,Phone,2,M103760,H103760,
103761,48,Female,Rural,Email,1,M103761,,T103761
103762,53,Female,Rural,Email,0,M103762,H103762,
103763,45,Female,Rural,Phone,0,M103763,H103763,T103763
103764,47,Male,Urban,Email,1,M103764,,
103765,47,Female,Rural,Phone,0,M103765,,T103765
103766,73,Male,Urban,Phone,0,M103766,,T103766
103767,59,Male,Urban,Phone,1,M103767,H103767,T103767
103768,46,Male,Urban,Phone,0,,H103768,
103769,50,Female,Urban,Phone,2,M103769,H103769,T103769
103770,54,Female,Rural,Phone,3,M103770,,
103771,18,Female,Urban,Email,0,M103771,H103771,T103771
103772,47,Male,Rural,Phone,1,M103772,,T103772
103773,21,Female,Urban,Email,0,M103773,H103773,T103773
103774,23,Male,Urban,Email,0,M103774,H103774,
103775,67,Female,Urban,Phone,1,M103775,,
103776,47,Female,Urban,Email,2,,H103776,T103776
103777,47,Female,Rural,Email,3,,,
103778,22,Female,Urban,SMS,0,M103778,H103778,T103778
103779,45,Male,Urban,Email,0,M103779,H103779,
103780,51,Male,Urban,SMS,1,M103780,,T103780
103781,49,Female,Urban,Phone,0,M103781,,
103782,69,Female,Urban,Email,2,M103782,H103782,
103783,33,Male,Rural,Phone,1,M103783,H103783,T103783
103784,23,Female,Urban,Email,0,,H103784,T103784
103785,23,Male,Urban,SMS,0,,H103785,T103785
103786,24,Female,Rural,SMS,0,M103786,H103786,T103786
103787,37,Male,Rural,Phone,0,M103787,H103787,T103787
103788,23,Male,Urban,Email,0,M103788,H103788,
103789,19,Female,Rural,SMS,0,M103789,,
103790,20,Male,Rural,Phone,0,M103790,H103790,T103790
103791,21,Male,Urban,SMS,0,M103791,H103791,
103792,52,Female,Urban,Email,1,,H103792,T103792
103793,22,Male,Rural,SMS,0,M103793,H103793,T103793
103794,50,Female,Rural,Phone,1,M103794,H103794,T103794
103795,20,Female,Rural,Email,0,M103795,H103795,
103796,22,Male,Urban,SMS,0,M103796,H103796,T103796
103797,21,Male,Rural,Phone,0,,H103797,T103797
103798,49,Female,Urban,SMS,0,M103798,,
103799,22,Male,Rural,Email,0,,H103799,T103799
103800,51,Female,Rural,Phone,0,M103800,,T103800
103801,20,Male,Urban,Phone,0,M103801,,T103801
103802,67,Female,Urban,Email,0,M103802,H103802,
103803,20,Male,Rural,SMS,0,M103803,H103803,
103804,39,Female,Rural,Phone,2,M103804,H103804,
103805,46,Female,Urban,Email,0,M103805,H103805,
103806,19,Male,Rural,Phone,0,,H103806,T103806
103807,24,Female,Urban,Email,0,M103807,H103807,T103807
103808,47,Female,Urban,Phone,4,M103808,H103808,
103809,23,Female,Urban,SMS,0,M103809,,T103809
103810,18,Male,Rural,Email,0,M103810,H103810,
103811,54,Female,Urban,Phone,0,M103811,H103811,
103812,19,Male,Rural,Email,0,M103812,,T103812
103813,48,Female,Urban,Email,0,M103813,,T103813
103814,52,Male,Rural,Phone,1,M103814,H103814,
103815,47,Male,Rural,Email,1,M103815,H103815,T103815
103816,21,Female,Urban,Email,0,M103816,H103816,T103816
103817,52,Male,Urban,Email,2,M103817,H103817,T103817
103818,45,Female,Urban,Phone,0,M103818,H103818,
103819,18,Female,Urban,SMS,0,M103819,H103819,T103819
103820,52,Male,Rural,Email,2,M103820,H103820,T103820
103821,47,Male,Urban,Email,1,,H103821,
103822,54,Male,Urban,Email,0,M103822,,
103823,24,Male,Rural,Email,0,M103823,,T103823
103824,24,Female,Urban,Email,1,M103824,,T103824
103825,54,Male,Urban,Phone,4,M103825,H103825,T103825
103826,53,Female,Urban,Phone,1,M103826,H103826,
103827,38,Male,Urban,Email,3,M103827,H103827,
103828,24,Male,Rural,Phone,0,M103828,,T103828
103829,48,Female,Urban,Phone,1,M103829,H103829,T103829
103830,22,Male,Urban,Email,0,M103830,,T103830
103831,25,Male,Urban,Email,1,M103831,H103831,T103831
103832,54,Male,Rural,Phone,1,M103832,H103832,
103833,22,Male,Urban,Email,0,,H103833,T103833
103834,24,Male,Urban,SMS,0,M103834,,T103834
103835,20,Male,Urban,SMS,0,M103835,H103835,T103835
103836,58,Male,Urban,Phone,1,M103836,,
103837,30,Male,Urban,Email,3,M103837,,T103837
103838,53,Female,Urban,Email,1,M103838,H103838,
103839,73,Female,Rural,Phone,2,M103839,,T103839
103840,52,Male,Urban,Phone,1,M103840,H103840,
103841,47,Male,Rural,Email,0,M103841,H103841,T103841
103842,52,Male,Rural,Phone,0,M103842,H103842,T103842
103843,42,Female,Urban,Email,0,,H103843,T103843
103844,53,Female,Rural,Phone,1,M103844,H103844,
103845,55,Male,Urban,SMS,1,,H103845,T103845
103846,48,Female,Rural,Phone,1,,H103846,T103846
103847,45,Female,Rural,Phone,0,M103847,H103847,
103848,29,Female,Rural,SMS,1,,,T103848
103849,52,Male,Urban,Phone,1,M103849,,T103849
103850,22,Male,Rural,Email,0,M103850,,T103850
103851,52,Female,Urban,Phone,1,M103851,,
103852,23,Male,Urban,Email,0,M103852,H103852,T103852
103853,54,Female,Urban,Email,1,M103853,,
103854,53,Male,Urban,Phone,2,M103854,H103854,
103855,50,Male,Rural,Email,0,M103855,H103855,
103856,24,Male,Rural,Email,0,M103856,,T103856
103857,45,Female,Urban,Phone,1,M103857,H103857,T103857
103858,42,Female,Urban,Email,5,M103858,H103858,
103859,30,Female,Rural,Phone,1,M103859,H103859,
103860,54,Male,Rural,Email,1,,,
103861,50,Female,Rural,Phone,0,M103861,,T103861
103862,46,Female,Urban,SMS,1,,,
103863,23,Female,Urban,Email,0,M103863,H103863,T103863
103864,54,Male,Rural,Phone,1,M103864,H103864,T103864
103865,45,Male,Urban,Email,2,M103865,H103865,
103866,18,Female,Rural,Email,0,M103866,H103866,T103866
103867,51,Male,Rural,Email,1,,H103867,T103867
103868,50,Female,Rural,Email,0,M103868,H103868,
103869,50,Male,Urban,Email,1,M103869,,
103870,45,Non-binary,Rural,Phone,1,M103870,,
103871,50,Male,Rural,Phone,1,M103871,,
103872,21,Male,Urban,SMS,0,,H103872,
103873,33,Male,Urban,SMS,0,M103873,H103873,T103873
103874,58,Female,Urban,Phone,1,M103874,H103874,
103875,48,Male,Urban,Email,0,M103875,H103875,
103876,45,Male,Rural,Email,2,,H103876,
103877,50,Female,Rural,Phone,1,,H103877,T103877
103878,51,Male,Urban,Phone,1,M103878,H103878,
103879,19,Female,Urban,Email,0,M103879,H103879,T103879
103880,52,Female,Urban,Email,1,M103880,,
103881,54,Male,Urban,Email,2,M103881,,T103881
103882,46,Female,Urban,SMS,0,M103882,H103882,T103882
103883,22,Male,Rural,Email,0,M103883,,
103884,31,Female,Rural,Phone,0,,H103884,T103884
103885,18,Male,Rural,Email,0,M103885,H103885,T103885
103886,46,Male,Rural,Email,0,M103886,,
103887,48,Male,Urban,Email,0,M103887,H103887,T103887
103888,18,Male,Rural,SMS,0,M103888,,
103889,48,Female,Urban,Phone,2,M103889,H103889,T103889
103890,67,Female,Urban,Phone,1,M103890,H103890,
103891,24,Male,Urban,Email,0,M103891,,
103892,50,Male,Urban,Email,0,M103892,H103892,
103893,48,Male,Urban,Email,0,M103893,,T103893
103894,23,Male,Urban,Email,0,M103894,,T103894
103895,45,Female,Urban,Email,2,M103895,,
103896,50,Female,Rural,Phone,0,,,
103897,22,Male,Urban,SMS,0,,H103897,
103898,23,Male,Urban,SMS,0,M103898,,
103899,47,Male,Rural,Phone,1,M103899,H103899,
103900,30,Male,Urban,SMS,2,M103900,,T103900
103901,52,Male,Urban,SMS,0,,H103901,T103901
103902,52,Male,Rural,Email,3,M103902,,
103903,46,Female,Urban,Email,2,M103903,H103903,T103903
103904,54,Male,Urban,Email,2,M103904,H103904,
103905,47,Female,Urban,SMS,1,M103905,H103905,T103905
103906,48,Female,Urban,Email,1,M103906,H103906,
103907,46,Male,Rural,Email,1,M103907,H103907,T103907
103908,36,Female,Urban,Phone,2,M103908,,
103909,37,Female,Rural,Phone,0,M103909,,T103909
103910,36,Male,Rural,Phone,1,M103910,H103910,
103911,23,Non-binary,Rural,SMS,0,,H103911,T103911
103912,50,Female,Urban,Phone,3,M103912,H103912,
103913,38,Male,Urban,Phone,2,,,
103914,21,Male,Rural,Email,0,M103914,,
103915,22,Female,Rural,SMS,0,,H103915,T103915
103916,46,Male,Urban,Phone,4,M103916,H103916,
103917,47,Male,Urban,Email,4,M103917,,
103918,53,Male,Rural,SMS,0,M103918,,T103918
103919,45,Male,Urban,SMS,0,M103919,H103919,
103920,54,Male,Urban,Phone,5,M103920,H103920,T103920
103921,54,Male,Rural,SMS,1,M103921,H103921,T103921
103922,19,Female,Urban,Email,0,M103922,H103922,
103923,69,Male,Urban,Phone,2,M103923,H103923,T103923
103924,19,Male,Rural,Email,1,M103924,,T103924
103925,50,Female,Rural,Phone,1,M103925,,
103926,47,Male,Urban,Phone,1,M103926,H103926,
103927,32,Male,Rural,SMS,1,M103927,H103927,T103927
103928,48,Female,Urban,Phone,2,M103928,H103928,T103928
103929,44,Female,Urban,Phone,3,M103929,,
103930,23,Male,Rural,Email,0,M103930,,T103930
103931,20,Female,Urban,Email,0,M103931,H103931,T103931
103932,22,Male,Urban,Email,0,M103932,H103932,T103932
103933,18,Female,Rural,SMS,0,M103933,,
103934,45,Male,Urban,Email,0,M103934,H103934,
103935,50,Male,Urban,SMS,0,M103935,,
103936,49,Female,Rural,Phone,1,M103936,H103936,
103937,48,Male,Urban,Email,0,M103937,H103937,T103937
103938,18,Female,Rural,SMS,0,M103938,H103938,T103938
103939,23,Female,Urban,Phone,1,M103939,,
103940,49,Male,Urban,Phone,4,M103940,H103940,
103941,49,Female,Rural,Email,1,,H103941,
103942,49,Male,Urban,Email,2,M103942,H103942,
103943,21,Male,Rural,Email,0,M103943,H103943,
103944,51,Female,Rural,Phone,3,M103944,H103944,T103944
103945,52,Female,Rural,Phone,1,M103945,H103945,
103946,40,Male,Urban,SMS,3,M103946,H103946,T103946
103947,19,Female,Urban,SMS,0,M103947,H103947,
103948,24,Male,Rural,Email,0,M103948,H103948,
103949,47,Female,Urban,SMS,2,M103949,H103949,T103949
103950,45,Male,Rural,Email,0,,H103950,T103950
103951,45,Female,Rural,Email,0,M103951,H103951,T103951
103952,32,Female,Urban,SMS,0,M103952,H103952,
103953,48,Male,Urban,SMS,1,,H103953,
103954,45,Female,Rural,SMS,5,M103954,H103954,T103954
103955,53,Male,Rural,Phone,2,M103955,,
103956,48,Female,Urban,Email,1,M103956,H103956,T103956
103957,44,Female,Rural,Email,3,M103957,H103957,
103958,33,Female,Rural,Email,0,M103958,H103958,
103959,45,Male,Urban,Phone,1,M103959,H103959,
103960,51,Male,Urban,Phone,2,M103960,,T103960
103961,74,Female,Rural,Email,1,M103961,,
103962,46,Male,Rural,Phone,0,M103962,H103962,
103963,38,Male,Rural,Phone,1,M103963,,
103964,39,Female,Urban,Phone,0,M103964,H103964,
103965,46,Female,Rural,Phone,1,M103965,H103965,
103966,32,Female,Rural,Email,0,M103966,H103966,
103967,47,Female,Rural,Phone,1,M103967,,T103967
103968,44,Male,Urban,Phone,1,,H103968,T103968
103969,43,Male,Urban,Email,2,M103969,H103969,T103969
103970,51,Female,Urban,Email,0,M103970,H103970,
103971,18,Male,Urban,SMS,0,M103971,H103971,
103972,45,Female,Urban,Phone,2,M103972,,T103972
103973,46,Male,Rural,Email,2,M103973,,
103974,49,Male,Urban,Phone,1,M103974,,
103975,52,Female,Rural,Phone,1,,H103975,T103975
103976,46,Male,Urban,Email,1,M103976,,
103977,52,Female,Rural,Email,1,M103977,,T103977
103978,35,Male,Urban,SMS,0,,,
103979,27,Female,Rural,Email,0,M103979,H103979,
103980,50,Male,Urban,Email,1,M103980,,
103981,53,Male,Rural,Phone,4,M103981,,
103982,52,Male,Urban,Phone,1,M103982,H103982,T103982
103983,50,Male,Urban,Phone,2,M103983,H103983,T103983
103984,45,Male,Rural,Email,0,M103984,H103984,T103984
103985,20,Female,Urban,Email,0,M103985,H103985,T103985
103986,52,Male,Rural,Email,1,M103986,,
103987,18,Female,Urban,SMS,0,M103987,,
103988,42,Male,Urban,Phone,2,M103988,H103988,
103989,52,Male,Rural,Phone,0,M103989,,T103989
103990,52,Female,Urban,Email,4,M103990,H103990,T103990
103991,37,Female,Rural,Phone,1,M103991,,
103992,47,Female,Urban,Phone,0,M103992,,T103992
103993,46,Female,Rural,Phone,5,M103993,H103993,T103993
103994,48,Male,Rural,Email,1,M103994,,T103994
103995,60,Female,Urban,Phone,4,M103995,H103995,T103995
103996,46,Male,Urban,Email,1,,H103996,T103996
103997,50,Female,Urban,Email,1,,H103997,T103997
103998,19,Female,Rural,SMS,0,M103998,,
103999,21,Female,Urban,Email,0,M103999,,T103999
104000,28,Female,Rural,Email,3,M104000,,
104001,24,Male,Urban,SMS,0,,H104001,T104001
104002,48,Female,Rural,Email,0,M104002,H104002,
104003,24,Male,Rural,Phone,0,M104003,H104003,T104003
104004,46,Male,Urban,Phone,1,M104004,,
104005,18,Female,Urban,SMS,0,M104005,H104005,
104006,19,Female,Urban,Email,0,M104006,H104006,T104006
104007,71,Female,Urban,Phone,1,M104007,,
104008,54,Female,Urban,Phone,0,,H104008,T104008
104009,56,Male,Rural,Phone,0,M104009,H104009,T104009
104010,52,Female,Urban,Phone,1,M104010,H104010,T104010
104011,22,Female,Urban,SMS,0,M104011,,T104011
104012,48,Male,Urban,Email,0,M104012,,T104012
104013,48,Female,Urban,Email,1,M104013,H104013,
104014,24,Male,Rural,Phone,0,M104014,,
104015,52,Male,Urban,Phone,0,M104015,H104015,T104015
104016,47,Male,Urban,Phone,2,M104016,H104016,T104016
104017,54,Male,Urban,Email,0,,H104017,T104017
104018,49,Female,Rural,Email,1,M104018,,
104019,45,Female,Rural,Phone,2,M104019,,
104020,23,Male,Urban,SMS,1,,H104020,T104020
104021,78,Female,Rural,Email,1,M104021,H104021,T104021
104022,39,Female,Rural,Phone,1,M104022,,T104022
104023,22,Male,Rural,Email,0,,H104023,T104023
104024,19,Male,Urban,Email,0,,H104024,T104024
104025,53,Male,Rural,Phone,0,M104025,,T104025
104026,70,Female,Rural,Phone,1,M104026,H104026,T104026
104027,47,Male,Urban,Phone,3,M104027,,
104028,50,Female,Urban,Email,1,M104028,H104028,
104029,69,Male,Urban,Phone,3,,H104029,T104029
104030,51,Female,Urban,Email,0,M104030,,T104030
104031,32,Male,Urban,SMS,3,M104031,H104031,
104032,49,Male,Rural,SMS,1,M104032,H104032,
104033,23,Female,Rural,Email,0,M104033,,
104034,21,Male,Urban,Email,0,M104034,,T104034
104035,44,Female,Urban,SMS,0,M104035,H104035,
104036,19,Female,Rural,Email,0,M104036,H104036,
104037,62,Female,Urban,Phone,2,M104037,,T104037
104038,73,Male,Urban,Phone,3,M104038,H104038,
104039,44,Female,Rural,Phone,2,,H104039,
104040,47,Male,Urban,Email,1,,H104040,T104040
104041,36,Male,Urban,Email,0,M104041,H104041,
104042,24,Male,Rural,Email,0,M104042,H104042,
104043,34,Female,Rural,Email,1,M104043,,T104043
104044,23,Male,Urban,Email,0,M104044,,T104044
104045,29,Female,Rural,SMS,3,M104045,H104045,
104046,20,Female,Rural,Email,0,M104046,,
104047,22,Male,Urban,Email,0,M104047,,T104047
104048,23,Non-binary,Rural,Email,0,M104048,,
104049,47,Female,Urban,Email,0,,H104049,T104049
104050,18,Female,Urban,Email,0,M104050,H104050,
104051,25,Female,Urban,Email,0,,,
104052,48,Female,Urban,Phone,2,M104052,H104052,
104053,31,Female,Urban,SMS,2,M104053,,T104053
104054,49,Female,Rural,Email,1,M104054,,
104055,22,Female,Urban,SMS,0,M104055,,
104056,49,Female,Rural,Email,3,M104056,,T104056
104057,47,Male,Urban,Email,1,M104057,H104057,T104057
104058,52,Male,Rural,SMS,1,M104058,,
104059,52,Male,Urban,SMS,3,M104059,,
104060,54,Female,Urban,Email,1,M104060,,T104060
104061,33,Male,Rural,Email,1,M104061,H104061,T104061
104062,20,Female,Rural,Email,0,M104062,,T104062
104063,52,Male,Urban,Phone,0,M104063,,
104064,20,Female,Urban,Phone,0,M104064,H104064,T104064
104065,33,Male,Rural,Email,2,M104065,,
104066,51,Female,Rural,SMS,0,M104066,H104066,T104066
104067,23,Male,Urban,Phone,0,M104067,H104067,T104067
104068,19,Female,Rural,Email,0,M104068,H104068,T104068
104069,45,Male,Urban,Phone,2,M104069,,
104070,36,Male,Urban,Phone,2,M104070,,
104071,50,Female,Rural,Email,1,M104071,H104071,
104072,64,Male,Rural,Phone,3,M104072,H104072,T104072
104073,61,Female,Urban,Phone,2,M104073,H104073,
104074,53,Male,Urban,SMS,1,M104074,,
104075,21,Female,Urban,Email,0,,,T104075
104076,54,Male,Rural,Phone,2,M104076,,
104077,54,Male,Urban,Phone,0,M104077,,
104078,47,Female,Urban,SMS,1,M104078,H104078,
104079,33,Male,Urban,Email,2,M104079,,T104079
104080,18,Male,Rural,Email,0,M104080,,
104081,22,Male,Urban,SMS,0,M104081,H104081,
104082,21,Female,Rural,Email,0,M104082,H104082,
104083,20,Female,Urban,Email,0,,,
104084,64,Female,Urban,Phone,1,M104084,H104084,T104084
104085,22,Female,Urban,Email,0,M104085,H104085,
