CustomerID,Age,AgeGroup,Gender,Location,ComChannel,DependentChildren,MotorID,HealthID,TravelID,MotorType,MotorAnnualPremium,HealthType,HealthAnnualPremium,TravelType,TravelAnnualPremium,HasMotor,HasHealth,HasTravel,PolicyCount,TotalAnnualPremium
100001,24,18-24,Male,Urban,Email,0,M100001,H100001,T100001,Telematics,414,Core,489,Single Trip,74,1,1,1,3,977
100015,22,18-24,Male,Urban,SMS,0,M100015,H100015,T100015,Third Party,495,Enhanced,873,Annual,81,1,1,1,3,1449
100016,53,45-54,Female,Rural,Phone,2,M100016,H100016,T100016,Comprehensive,492,Core,1656,Annual,92,1,1,1,3,2240
100023,51,45-54,Female,Urban,SMS,1,M100023,H100023,T100023,Third Party,1072,Core,582,Single Trip,77,1,1,1,3,1731
100024,48,45-54,Female,Urban,Email,1,M100024,H100024,T100024,Third Party,605,Core,1483,Annual,300,1,1,1,3,2388
100026,42,35-44,Male,Urban,Phone,1,M100026,H100026,T100026,Comprehensive,1078,Family,1455,Single Trip,188,1,1,1,3,2721
100029,50,45-54,Female,Urban,Email,3,M100029,H100029,T100029,Telematics,1113,Enhanced,1731,Single Trip,269,1,1,1,3,3113
100036,53,45-54,Male,Urban,SMS,1,M100036,H100036,T100036,Comprehensive,915,Enhanced,857,Family,185,1,1,1,3,1957
100040,51,45-54,Male,Urban,Email,1,M100040,H100040,T100040,Telematics,1206,Family,1016,Single Trip,176,1,1,1,3,2398
100043,62,55-64,Female,Rural,Email,2,M100043,H100043,T100043,Comprehensive,473,Family,1211,Annual,264,1,1,1,3,1948
100050,29,25-34,Male,Rural,SMS,0,M100050,H100050,T100050,Third Party,940,Core,731,Annual,405,1,1,1,3,2076
100051,21,18-24,Male,Urban,Email,0,M100051,H100051,T100051,Comprehensive,808,Core,795,Annual,226,1,1,1,3,1829
100059,50,45-54,Female,Rural,Phone,1,M100059,H100059,T100059,Comprehensive,403,Enhanced,621,Annual,271,1,1,1,3,1295
100060,24,18-24,Male,Rural,Phone,0,M100060,H100060,T100060,Comprehensive,702,Core,1697,Single Trip,98,1,1,1,3,2497
100062,20,18-24,Female,Urban,Email,0,M100062,H100062,T100062,Third Party,1185,Core,1295,Family,259,1,1,1,3,2739
100069,24,18-24,Female,Urban,Email,0,M100069,H100069,T100069,Third Party,867,Core,1062,Family,110,1,1,1,3,2039
100073,22,18-24,Female,Urban,SMS,0,M100073,H100073,T100073,Third Party,422,Family,1770,Annual,161,1,1,1,3,2353
100074,22,18-24,Male,Rural,Email,0,M100074,H100074,T100074,Comprehensive,295,Family,1249,Annual,295,1,1,1,3,1839
100076,22,18-24,Female,Rural,Email,0,M100076,H100076,T100076,Telematics,533,Core,1537,Annual,301,1,1,1,3,2371
100078,24,18-24,Female,Rural,Phone,0,M100078,H100078,T100078,Third Party,560,Enhanced,881,Single Trip,74,1,1,1,3,1515
100081,51,45-54,Male,Rural,Phone,3,M100081,H100081,T100081,Comprehensive,619,Core,1105,Annual,210,1,1,1,3,1934
100083,24,18-24,Female,Urban,SMS,0,M100083,H100083,T100083,Comprehensive,1051,Core,1846,Family,198,1,1,1,3,3095
100087,54,45-54,Female,Rural,Email,1,M100087,H100087,T100087,Third Party,1240,Enhanced,1567,Single Trip,264,1,1,1,3,3071
100095,23,18-24,Male,Urban,Email,0,M100095,H100095,T100095,Third Party,917,Enhanced,1764,Family,334,1,1,1,3,3015
100103,23,18-24,Male,Rural,Phone,0,M100103,H100103,T100103,Third Party,519,Core,1500,Annual,67,1,1,1,3,2086
100106,22,18-24,Female,Urban,SMS,0,M100106,H100106,T100106,Third Party,1084,Family,1842,Family,349,1,1,1,3,3275
100110,18,18-24,Male,Urban,SMS,0,M100110,H100110,T100110,Comprehensive,577,Enhanced,1558,Single Trip,295,1,1,1,3,2430
100111,53,45-54,Female,Rural,Email,2,M100111,H100111,T100111,Telematics,429,Core,1462,Single Trip,162,1,1,1,3,2053
100120,50,45-54,Female,Rural,Email,2,M100120,H100120,T100120,Comprehensive,958,Family,768,Single Trip,328,1,1,1,3,2054
100121,46,45-54,Male,Rural,SMS,0,M100121,H100121,T100121,Telematics,393,Family,912,Annual,127,1,1,1,3,1432
100123,47,45-54,Male,Rural,Phone,1,M100123,H100123,T100123,Comprehensive,555,Core,1460,Single Trip,152,1,1,1,3,2167
100124,34,25-34,Male,Urban,Email,5,M100124,H100124,T100124,Comprehensive,1004,Enhanced,651,Family,299,1,1,1,3,1954
100125,20,18-24,Female,Rural,Phone,0,M100125,H100125,T100125,Comprehensive,1112,Family,699,Family,136,1,1,1,3,1947
100129,23,18-24,Female,Urban,SMS,0,M100129,H100129,T100129,Telematics,443,Enhanced,748,Annual,349,1,1,1,3,1540
100134,25,25-34,Male,Rural,Email,0,M100134,H100134,T100134,Comprehensive,1245,Enhanced,1709,Single Trip,395,1,1,1,3,3349
100139,53,45-54,Male,Urban,Email,1,M100139,H100139,T100139,Telematics,354,Core,816,Single Trip,169,1,1,1,3,1339
100147,63,55-64,Female,Rural,Phone,1,M100147,H100147,T100147,Comprehensive,1161,Core,420,Annual,180,1,1,1,3,1761
100150,19,18-24,Male,Rural,Email,0,M100150,H100150,T100150,Telematics,507,Core,1104,Single Trip,128,1,1,1,3,1739
100161,62,55-64,Female,Urban,Email,0,M100161,H100161,T100161,Comprehensive,1201,Family,1267,Annual,102,1,1,1,3,2570
100165,51,45-54,Male,Rural,Email,2,M100165,H100165,T100165,Comprehensive,1099,Enhanced,1705,Annual,256,1,1,1,3,3060
100168,54,45-54,Female,Rural,Email,0,M100168,H100168,T100168,Telematics,466,Family,1074,Annual,82,1,1,1,3,1622
100170,19,18-24,Female,Rural,Email,0,M100170,H100170,T100170,Comprehensive,1178,Enhanced,650,Annual,183,1,1,1,3,2011
100171,48,45-54,Male,Urban,SMS,2,M100171,H100171,T100171,Third Party,927,Core,1350,Annual,242,1,1,1,3,2519
100172,23,18-24,Male,Urban,SMS,1,M100172,H100172,T100172,Third Party,1107,Core,936,Single Trip,324,1,1,1,3,2367
100179,53,45-54,Male,Rural,Phone,2,M100179,H100179,T100179,Comprehensive,1045,Core,1465,Annual,377,1,1,1,3,2887
100180,25,25-34,Male,Rural,Email,0,M100180,H100180,T100180,Comprehensive,652,Enhanced,1055,Family,151,1,1,1,3,1858
100182,45,45-54,Non-binary,Rural,Phone,0,M100182,H100182,T100182,Comprehensive,917,Family,1780,Single Trip,184,1,1,1,3,2881
100185,24,18-24,Male,Rural,Phone,0,M100185,H100185,T100185,Comprehensive,909,Core,1384,Family,363,1,1,1,3,2656
100187,18,18-24,Female,Rural,Email,0,M100187,H100187,T100187,Comprehensive,470,Enhanced,1661,Annual,404,1,1,1,3,2535
100195,19,18-24,Male,Rural,Phone,0,M100195,H100195,T100195,Third Party,549,Family,1780,Single Trip,101,1,1,1,3,2430
100200,48,45-54,Male,Urban,Email,1,M100200,H100200,T100200,Third Party,328,Family,1312,Single Trip,200,1,1,1,3,1840
100202,24,18-24,Female,Urban,Email,0,M100202,H100202,T100202,Comprehensive,986,Enhanced,406,Single Trip,175,1,1,1,3,1567
100208,44,35-44,Female,Urban,Phone,0,M100208,H100208,T100208,Comprehensive,828,Enhanced,1802,Annual,257,1,1,1,3,2887
100209,50,45-54,Male,Urban,Phone,0,M100209,H100209,T100209,Telematics,313,Core,956,Single Trip,402,1,1,1,3,1671
100210,50,45-54,Female,Urban,Email,3,M100210,H100210,T100210,Comprehensive,1093,Family,1829,Annual,271,1,1,1,3,3193
100216,49,45-54,Male,Urban,Email,1,M100216,H100216,T100216,Comprehensive,789,Core,1452,Annual,408,1,1,1,3,2649
100217,43,35-44,Male,Urban,SMS,1,M100217,H100217,T100217,Comprehensive,525,Core,1173,Annual,282,1,1,1,3,1980
100228,44,35-44,Male,Urban,Email,0,M100228,H100228,T100228,Comprehensive,818,Core,1158,Single Trip,287,1,1,1,3,2263
100243,45,45-54,Female,Rural,Phone,2,M100243,H100243,T100243,Third Party,773,Core,1146,Annual,409,1,1,1,3,2328
100253,50,45-54,Female,Urban,Email,3,M100253,H100253,T100253,Comprehensive,358,Enhanced,1151,Annual,303,1,1,1,3,1812
100264,33,25-34,Female,Urban,SMS,1,M100264,H100264,T100264,Comprehensive,732,Enhanced,998,Annual,379,1,1,1,3,2109
100265,53,45-54,Male,Rural,Phone,0,M100265,H100265,T100265,Third Party,1106,Core,1172,Family,295,1,1,1,3,2573
100268,19,18-24,Male,Urban,Email,1,M100268,H100268,T100268,Comprehensive,537,Core,804,Single Trip,341,1,1,1,3,1682
100270,47,45-54,Male,Rural,Email,1,M100270,H100270,T100270,Comprehensive,415,Family,735,Single Trip,345,1,1,1,3,1495
100282,53,45-54,Male,Urban,Email,0,M100282,H100282,T100282,Third Party,843,Enhanced,1668,Single Trip,81,1,1,1,3,2592
100283,19,18-24,Female,Rural,Email,0,M100283,H100283,T100283,Telematics,588,Core,1807,Family,103,1,1,1,3,2498
100285,36,35-44,Male,Rural,Phone,1,M100285,H100285,T100285,Comprehensive,333,Core,1083,Family,292,1,1,1,3,1708
100287,18,18-24,Male,Rural,Email,0,M100287,H100287,T100287,Third Party,337,Core,541,Annual,75,1,1,1,3,953
100290,55,55-64,Male,Urban,Phone,1,M100290,H100290,T100290,Comprehensive,475,Core,482,Single Trip,147,1,1,1,3,1104
100294,34,25-34,Female,Urban,Email,0,M100294,H100294,T100294,Third Party,377,Family,695,Annual,322,1,1,1,3,1394
100302,50,45-54,Female,Urban,Email,4,M100302,H100302,T100302,Telematics,493,Core,661,Annual,404,1,1,1,3,1558
100303,49,45-54,Female,Urban,Email,2,M100303,H100303,T100303,Comprehensive,676,Core,1013,Single Trip,378,1,1,1,3,2067
100308,19,18-24,Female,Rural,Email,0,M100308,H100308,T100308,Comprehensive,369,Core,1008,Single Trip,387,1,1,1,3,1764
100311,54,45-54,Male,Urban,Email,1,M100311,H100311,T100311,Third Party,684,Family,1046,Annual,101,1,1,1,3,1831
100315,18,18-24,Male,Urban,Email,0,M100315,H100315,T100315,Comprehensive,941,Enhanced,1232,Annual,380,1,1,1,3,2553
100321,24,18-24,Female,Urban,SMS,0,M100321,H100321,T100321,Comprehensive,524,Enhanced,425,Family,375,1,1,1,3,1324
100325,21,18-24,Male,Rural,Phone,0,M100325,H100325,T100325,Third Party,916,Family,1372,Family,171,1,1,1,3,2459
100327,43,35-44,Female,Rural,Phone,2,M100327,H100327,T100327,Third Party,374,Core,1549,Single Trip,313,1,1,1,3,2236
100329,18,18-24,Male,Rural,SMS,0,M100329,H100329,T100329,Comprehensive,868,Core,1093,Family,181,1,1,1,3,2142
100330,69,65+,Female,Urban,Phone,0,M100330,H100330,T100330,Third Party,816,Core,383,Single Trip,154,1,1,1,3,1353
100339,50,45-54,Female,Rural,Email,1,M100339,H100339,T100339,Comprehensive,566,Family,960,Family,245,1,1,1,3,1771
100341,20,18-24,Female,Rural,Email,0,M100341,H100341,T100341,Comprehensive,858,Family,1133,Annual,334,1,1,1,3,2325
100343,25,25-34,Female,Urban,Phone,1,M100343,H100343,T100343,Comprehensive,389,Family,1807,Annual,276,1,1,1,3,2472
100346,61,55-64,Male,Rural,Phone,2,M100346,H100346,T100346,Third Party,859,Core,576,Annual,402,1,1,1,3,1837
100349,74,65+,Female,Urban,SMS,3,M100349,H100349,T100349,Third Party,1072,Family,1491,Annual,369,1,1,1,3,2932
100352,50,45-54,Male,Rural,Phone,1,M100352,H100352,T100352,Third Party,723,Enhanced,1029,Annual,73,1,1,1,3,1825
100356,21,18-24,Female,Urban,Email,0,M100356,H100356,T100356,Third Party,1001,Enhanced,1496,Single Trip,232,1,1,1,3,2729
100358,68,65+,Male,Rural,Email,0,M100358,H100358,T100358,Comprehensive,455,Family,415,Annual,380,1,1,1,3,1250
100359,49,45-54,Female,Urban,Phone,1,M100359,H100359,T100359,Telematics,969,Core,1102,Single Trip,53,1,1,1,3,2124
100364,54,45-54,Female,Urban,SMS,2,M100364,H100364,T100364,Telematics,577,Enhanced,1439,Family,280,1,1,1,3,2296
100373,24,18-24,Male,Rural,Phone,0,M100373,H100373,T100373,Telematics,455,Family,802,Family,367,1,1,1,3,1624
100386,21,18-24,Male,Urban,Email,0,M100386,H100386,T100386,Telematics,601,Core,878,Single Trip,112,1,1,1,3,1591
100390,63,55-64,Female,Rural,Phone,0,M100390,H100390,T100390,Comprehensive,612,Family,1761,Single Trip,136,1,1,1,3,2509
100392,62,55-64,Female,Urban,Phone,1,M100392,H100392,T100392,Telematics,489,Enhanced,983,Single Trip,123,1,1,1,3,1595
100394,22,18-24,Female,Rural,Phone,0,M100394,H100394,T100394,Comprehensive,1118,Core,1725,Single Trip,140,1,1,1,3,2983
100397,22,18-24,Female,Urban,SMS,0,M100397,H100397,T100397,Comprehensive,1080,Enhanced,1693,Family,98,1,1,1,3,2871
100400,48,45-54,Male,Urban,Email,0,M100400,H100400,T100400,Comprehensive,1087,Family,1262,Annual,369,1,1,1,3,2718
100403,52,45-54,Female,Urban,Email,3,M100403,H100403,T100403,Third Party,586,Core,1549,Single Trip,120,1,1,1,3,2255
100407,33,25-34,Female,Rural,Email,0,M100407,H100407,T100407,Comprehensive,940,Core,1162,Annual,146,1,1,1,3,2248
100410,50,45-54,Female,Rural,Phone,1,M100410,H100410,T100410,Telematics,617,Core,684,Single Trip,279,1,1,1,3,1580
100413,52,45-54,Female,Rural,Email,3,M100413,H100413,T100413,Comprehensive,1146,Core,360,Single Trip,206,1,1,1,3,1712
100414,47,45-54,Male,Rural,Email,4,M100414,H100414,T100414,Third Party,477,Family,824,Single Trip,277,1,1,1,3,1578
100423,21,18-24,Female,Urban,SMS,0,M100423,H100423,T100423,Comprehensive,918,Enhanced,944,Single Trip,145,1,1,1,3,2007
100425,24,18-24,Male,Urban,Email,1,M100425,H100425,T100425,Comprehensive,895,Enhanced,709,Single Trip,284,1,1,1,3,1888
100437,50,45-54,Male,Urban,Phone,1,M100437,H100437,T100437,Comprehensive,490,Enhanced,377,Family,190,1,1,1,3,1057
100444,22,18-24,Female,Urban,Email,0,M100444,H100444,T100444,Telematics,954,Core,1501,Single Trip,122,1,1,1,3,2577
100448,18,18-24,Female,Urban,Email,0,M100448,H100448,T100448,Third Party,845,Core,1052,Annual,71,1,1,1,3,1968
100451,50,45-54,Male,Rural,Phone,0,M100451,H100451,T100451,Comprehensive,428,Enhanced,1101,Family,274,1,1,1,3,1803
100455,54,45-54,Female,Rural,Email,0,M100455,H100455,T100455,Comprehensive,406,Enhanced,1573,Annual,123,1,1,1,3,2102
100462,53,45-54,Male,Urban,Email,2,M100462,H100462,T100462,Telematics,435,Enhanced,759,Single Trip,345,1,1,1,3,1539
100464,48,45-54,Male,Rural,SMS,1,M100464,H100464,T100464,Comprehensive,1120,Core,1264,Single Trip,49,1,1,1,3,2433
100466,29,25-34,Male,Urban,SMS,1,M100466,H100466,T100466,Third Party,767,Family,837,Single Trip,62,1,1,1,3,1666
100467,21,18-24,Female,Urban,SMS,1,M100467,H100467,T100467,Comprehensive,1021,Family,1293,Single Trip,245,1,1,1,3,2559
100468,51,45-54,Male,Rural,Phone,0,M100468,H100468,T100468,Comprehensive,302,Core,568,Annual,359,1,1,1,3,1229
100473,45,45-54,Female,Rural,Email,3,M100473,H100473,T100473,Comprehensive,921,Core,852,Single Trip,272,1,1,1,3,2045
100474,48,45-54,Female,Rural,Phone,1,M100474,H100474,T100474,Comprehensive,348,Core,1576,Annual,330,1,1,1,3,2254
100481,47,45-54,Female,Urban,Email,0,M100481,H100481,T100481,Comprehensive,970,Enhanced,1597,Single Trip,335,1,1,1,3,2902
100488,62,55-64,Female,Rural,Phone,1,M100488,H100488,T100488,Telematics,922,Enhanced,646,Single Trip,259,1,1,1,3,1827
100489,27,25-34,Female,Rural,Email,0,M100489,H100489,T100489,Third Party,558,Enhanced,1418,Single Trip,322,1,1,1,3,2298
100491,71,65+,Female,Urban,Phone,0,M100491,H100491,T100491,Comprehensive,959,Enhanced,1670,Annual,380,1,1,1,3,3009
100515,46,45-54,Male,Urban,Email,4,M100515,H100515,T100515,Telematics,414,Family,423,Annual,236,1,1,1,3,1073
100517,20,18-24,Male,Urban,Email,1,M100517,H100517,T100517,Comprehensive,670,Core,1361,Annual,52,1,1,1,3,2083
100524,46,45-54,Non-binary,Rural,Email,0,M100524,H100524,T100524,Telematics,506,Family,779,Single Trip,280,1,1,1,3,1565
100530,21,18-24,Male,Rural,Email,0,M100530,H100530,T100530,Telematics,1249,Enhanced,841,Family,329,1,1,1,3,2419
100532,52,45-54,Male,Urban,SMS,1,M100532,H100532,T100532,Comprehensive,492,Enhanced,364,Single Trip,240,1,1,1,3,1096
100535,45,45-54,Female,Rural,Email,0,M100535,H100535,T100535,Comprehensive,1017,Core,823,Annual,103,1,1,1,3,1943
100538,23,18-24,Female,Urban,Email,1,M100538,H100538,T100538,Comprehensive,330,Enhanced,1350,Annual,134,1,1,1,3,1814
100553,33,25-34,Male,Rural,SMS,1,M100553,H100553,T100553,Comprehensive,638,Enhanced,1259,Annual,383,1,1,1,3,2280
100557,48,45-54,Female,Urban,Phone,1,M100557,H100557,T100557,Comprehensive,905,Family,459,Single Trip,405,1,1,1,3,1769
100560,54,45-54,Male,Rural,SMS,2,M100560,H100560,T100560,Telematics,285,Family,967,Annual,275,1,1,1,3,1527
100561,24,18-24,Female,Rural,Email,0,M100561,H100561,T100561,Comprehensive,753,Core,1564,Single Trip,327,1,1,1,3,2644
100563,50,45-54,Female,Urban,Phone,1,M100563,H100563,T100563,Comprehensive,1123,Core,429,Single Trip,117,1,1,1,3,1669
100565,59,55-64,Female,Rural,Email,1,M100565,H100565,T100565,Comprehensive,859,Enhanced,1605,Annual,139,1,1,1,3,2603
100575,55,55-64,Female,Rural,Phone,3,M100575,H100575,T100575,Comprehensive,1104,Family,1816,Family,382,1,1,1,3,3302
100576,49,45-54,Female,Rural,Email,3,M100576,H100576,T100576,Third Party,311,Family,1005,Family,130,1,1,1,3,1446
100578,19,18-24,Male,Urban,Email,0,M100578,H100578,T100578,Telematics,520,Core,668,Single Trip,252,1,1,1,3,1440
100584,22,18-24,Female,Urban,Email,0,M100584,H100584,T100584,Telematics,355,Family,980,Single Trip,311,1,1,1,3,1646
100588,19,18-24,Male,Rural,Phone,0,M100588,H100588,T100588,Comprehensive,442,Enhanced,701,Annual,212,1,1,1,3,1355
100592,49,45-54,Female,Rural,SMS,0,M100592,H100592,T100592,Comprehensive,742,Enhanced,1027,Annual,307,1,1,1,3,2076
100600,53,45-54,Male,Rural,Phone,2,M100600,H100600,T100600,Comprehensive,668,Enhanced,521,Annual,54,1,1,1,3,1243
100603,23,18-24,Male,Urban,SMS,0,M100603,H100603,T100603,Third Party,1139,Enhanced,396,Annual,379,1,1,1,3,1914
100606,20,18-24,Female,Rural,SMS,0,M100606,H100606,T100606,Telematics,830,Enhanced,1084,Single Trip,370,1,1,1,3,2284
100609,33,25-34,Female,Urban,SMS,2,M100609,H100609,T100609,Comprehensive,907,Core,617,Single Trip,198,1,1,1,3,1722
100617,51,45-54,Male,Rural,Phone,1,M100617,H100617,T100617,Comprehensive,333,Core,672,Family,224,1,1,1,3,1229
100628,23,18-24,Female,Urban,Email,0,M100628,H100628,T100628,Third Party,1151,Core,539,Annual,80,1,1,1,3,1770
100631,44,35-44,Male,Rural,SMS,0,M100631,H100631,T100631,Comprehensive,575,Enhanced,581,Family,334,1,1,1,3,1490
100632,51,45-54,Female,Urban,Phone,3,M100632,H100632,T100632,Comprehensive,991,Family,714,Annual,298,1,1,1,3,2003
100636,25,25-34,Male,Urban,Email,0,M100636,H100636,T100636,Third Party,803,Family,672,Annual,339,1,1,1,3,1814
100642,69,65+,Male,Urban,SMS,1,M100642,H100642,T100642,Comprehensive,957,Enhanced,1535,Single Trip,197,1,1,1,3,2689
100647,49,45-54,Male,Urban,Email,2,M100647,H100647,T100647,Comprehensive,791,Enhanced,495,Single Trip,138,1,1,1,3,1424
100648,46,45-54,Female,Rural,Email,1,M100648,H100648,T100648,Telematics,585,Family,1782,Annual,276,1,1,1,3,2643
100649,46,45-54,Female,Urban,Phone,0,M100649,H100649,T100649,Comprehensive,945,Family,1271,Single Trip,211,1,1,1,3,2427
100650,21,18-24,Male,Rural,SMS,0,M100650,H100650,T100650,Comprehensive,359,Family,739,Single Trip,375,1,1,1,3,1473
100658,45,45-54,Female,Rural,Phone,2,M100658,H100658,T100658,Third Party,618,Family,414,Annual,51,1,1,1,3,1083
100660,48,45-54,Male,Urban,Email,2,M100660,H100660,T100660,Telematics,669,Core,1676,Single Trip,233,1,1,1,3,2578
100662,46,45-54,Male,Rural,Email,1,M100662,H100662,T100662,Comprehensive,972,Enhanced,1655,Single Trip,145,1,1,1,3,2772
100668,47,45-54,Female,Rural,Email,1,M100668,H100668,T100668,Comprehensive,1129,Core,1748,Annual,183,1,1,1,3,3060
100670,46,45-54,Female,Rural,Email,2,M100670,H100670,T100670,Third Party,962,Enhanced,377,Single Trip,256,1,1,1,3,1595
100673,52,45-54,Male,Urban,Email,1,M100673,H100673,T100673,Third Party,796,Family,1449,Annual,363,1,1,1,3,2608
100674,51,45-54,Female,Urban,Email,1,M100674,H100674,T100674,Telematics,504,Core,869,Single Trip,239,1,1,1,3,1612
100686,40,35-44,Male,Urban,Phone,1,M100686,H100686,T100686,Comprehensive,402,Enhanced,982,Family,126,1,1,1,3,1510
100689,49,45-54,Male,Rural,Phone,0,M100689,H100689,T100689,Third Party,492,Enhanced,1693,Single Trip,88,1,1,1,3,2273
100695,52,45-54,Non-binary,Urban,Phone,1,M100695,H100695,T100695,Comprehensive,959,Family,423,Single Trip,265,1,1,1,3,1647
100697,18,18-24,Male,Rural,Phone,0,M100697,H100697,T100697,Third Party,540,Enhanced,1220,Single Trip,309,1,1,1,3,2069
100702,62,55-64,Female,Rural,Phone,1,M100702,H100702,T100702,Third Party,923,Core,1410,Single Trip,111,1,1,1,3,2444
100703,54,45-54,Female,Urban,Email,3,M100703,H100703,T100703,Third Party,916,Family,758,Single Trip,412,1,1,1,3,2086
100704,51,45-54,Male,Rural,SMS,0,M100704,H100704,T100704,Comprehensive,859,Family,584,Single Trip,356,1,1,1,3,1799
100719,20,18-24,Female,Urban,Email,0,M100719,H100719,T100719,Third Party,729,Core,786,Annual,67,1,1,1,3,1582
100722,52,45-54,Male,Urban,Email,0,M100722,H100722,T100722,Third Party,802,Family,1422,Single Trip,111,1,1,1,3,2335
100729,54,45-54,Male,Rural,Email,1,M100729,H100729,T100729,Comprehensive,664,Enhanced,1045,Family,54,1,1,1,3,1763
100734,50,45-54,Male,Urban,Email,0,M100734,H100734,T100734,Comprehensive,1158,Enhanced,748,Annual,141,1,1,1,3,2047
100735,67,65+,Female,Urban,Phone,0,M100735,H100735,T100735,Comprehensive,715,Core,1366,Annual,105,1,1,1,3,2186
100749,48,45-54,Male,Urban,SMS,2,M100749,H100749,T100749,Telematics,1006,Core,1553,Family,281,1,1,1,3,2840
100752,68,65+,Female,Rural,Phone,1,M100752,H100752,T100752,Comprehensive,1038,Core,366,Single Trip,77,1,1,1,3,1481
100759,20,18-24,Male,Urban,SMS,0,M100759,H100759,T100759,Third Party,907,Family,1359,Single Trip,254,1,1,1,3,2520
100771,52,45-54,Female,Urban,Email,1,M100771,H100771,T100771,Comprehensive,370,Core,1353,Annual,131,1,1,1,3,1854
100772,56,55-64,Male,Rural,Phone,1,M100772,H100772,T100772,Comprehensive,622,Core,679,Single Trip,106,1,1,1,3,1407
100775,46,45-54,Female,Urban,Email,0,M100775,H100775,T100775,Comprehensive,293,Enhanced,1292,Single Trip,331,1,1,1,3,1916
100776,54,45-54,Male,Urban,Phone,2,M100776,H100776,T100776,Comprehensive,644,Core,801,Single Trip,389,1,1,1,3,1834
100779,34,25-34,Female,Urban,Phone,2,M100779,H100779,T100779,Comprehensive,989,Family,722,Annual,309,1,1,1,3,2020
100788,19,18-24,Male,Rural,Phone,0,M100788,H100788,T100788,Third Party,734,Family,363,Annual,117,1,1,1,3,1214
100791,23,18-24,Female,Urban,Email,0,M100791,H100791,T100791,Comprehensive,595,Enhanced,1126,Single Trip,277,1,1,1,3,1998
100794,22,18-24,Male,Urban,SMS,0,M100794,H100794,T100794,Comprehensive,776,Enhanced,1129,Annual,354,1,1,1,3,2259
100802,54,45-54,Female,Rural,Phone,1,M100802,H100802,T100802,Third Party,1037,Family,1414,Single Trip,195,1,1,1,3,2646
100804,41,35-44,Female,Rural,Email,2,M100804,H100804,T100804,Telematics,746,Family,372,Annual,418,1,1,1,3,1536
100812,49,45-54,Male,Urban,Email,1,M100812,H100812,T100812,Comprehensive,1111,Enhanced,1166,Annual,149,1,1,1,3,2426
100817,18,18-24,Male,Urban,SMS,0,M100817,H100817,T100817,Telematics,615,Core,461,Annual,414,1,1,1,3,1490
100818,18,18-24,Male,Urban,Phone,0,M100818,H100818,T100818,Third Party,997,Core,412,Family,100,1,1,1,3,1509
100819,77,65+,Male,Urban,Phone,0,M100819,H100819,T100819,Comprehensive,481,Core,739,Family,250,1,1,1,3,1470
100824,48,45-54,Female,Urban,Email,1,M100824,H100824,T100824,Third Party,1068,Enhanced,1462,Single Trip,144,1,1,1,3,2674
100827,50,45-54,Male,Rural,Email,1,M100827,H100827,T100827,Telematics,867,Core,1248,Annual,231,1,1,1,3,2346
100831,23,18-24,Female,Rural,SMS,0,M100831,H100831,T100831,Comprehensive,679,Family,1278,Family,239,1,1,1,3,2196
100836,19,18-24,Female,Urban,SMS,0,M100836,H100836,T100836,Comprehensive,912,Family,1839,Single Trip,332,1,1,1,3,3083
100843,22,18-24,Female,Urban,Email,0,M100843,H100843,T100843,Third Party,370,Enhanced,475,Annual,271,1,1,1,3,1116
100845,37,35-44,Female,Rural,Email,2,M100845,H100845,T100845,Telematics,1104,Family,1485,Single Trip,312,1,1,1,3,2901
100848,18,18-24,Male,Urban,SMS,0,M100848,H100848,T100848,Telematics,297,Family,1586,Annual,65,1,1,1,3,1948
100862,47,45-54,Female,Rural,Phone,0,M100862,H100862,T100862,Third Party,775,Core,1690,Annual,363,1,1,1,3,2828
100863,51,45-54,Male,Rural,Phone,1,M100863,H100863,T100863,Third Party,437,Enhanced,773,Single Trip,331,1,1,1,3,1541
100864,29,25-34,Male,Urban,Email,2,M100864,H100864,T100864,Third Party,948,Core,1383,Annual,202,1,1,1,3,2533
100871,47,45-54,Male,Urban,Email,1,M100871,H100871,T100871,Comprehensive,430,Core,774,Single Trip,142,1,1,1,3,1346
100872,22,18-24,Male,Rural,Email,0,M100872,H100872,T100872,Comprehensive,1041,Family,810,Single Trip,285,1,1,1,3,2136
100881,45,45-54,Female,Rural,Phone,1,M100881,H100881,T100881,Third Party,1215,Core,1304,Single Trip,170,1,1,1,3,2689
100883,51,45-54,Female,Urban,Phone,0,M100883,H100883,T100883,Comprehensive,1072,Family,415,Single Trip,377,1,1,1,3,1864
100887,49,45-54,Male,Urban,SMS,0,M100887,H100887,T100887,Comprehensive,886,Family,1178,Annual,118,1,1,1,3,2182
100894,28,25-34,Male,Rural,SMS,0,M100894,H100894,T100894,Third Party,361,Enhanced,1229,Single Trip,392,1,1,1,3,1982
100903,48,45-54,Female,Rural,Phone,2,M100903,H100903,T100903,Third Party,1097,Enhanced,1275,Annual,411,1,1,1,3,2783
100905,45,45-54,Male,Urban,Phone,1,M100905,H100905,T100905,Comprehensive,568,Core,421,Family,396,1,1,1,3,1385
100908,46,45-54,Male,Urban,Phone,1,M100908,H100908,T100908,Comprehensive,590,Core,632,Single Trip,358,1,1,1,3,1580
100913,46,45-54,Male,Urban,Phone,2,M100913,H100913,T100913,Telematics,1186,Core,880,Single Trip,170,1,1,1,3,2236
100915,24,18-24,Male,Urban,SMS,0,M100915,H100915,T100915,Comprehensive,335,Core,717,Single Trip,337,1,1,1,3,1389
100919,47,45-54,Male,Urban,Email,1,M100919,H100919,T100919,Comprehensive,412,Family,1007,Annual,73,1,1,1,3,1492
100920,46,45-54,Female,Urban,Phone,0,M100920,H100920,T100920,Comprehensive,421,Enhanced,1464,Single Trip,197,1,1,1,3,2082
100929,22,18-24,Male,Rural,SMS,0,M100929,H100929,T100929,Third Party,1182,Core,1252,Single Trip,362,1,1,1,3,2796
100932,23,18-24,Male,Rural,Email,0,M100932,H100932,T100932,Telematics,1189,Core,459,Annual,355,1,1,1,3,2003
100933,49,45-54,Female,Urban,Phone,2,M100933,H100933,T100933,Comprehensive,873,Family,392,Single Trip,278,1,1,1,3,1543
100940,52,45-54,Male,Urban,SMS,0,M100940,H100940,T100940,Comprehensive,663,Enhanced,854,Annual,185,1,1,1,3,1702
100944,24,18-24,Female,Urban,SMS,0,M100944,H100944,T100944,Third Party,568,Family,739,Annual,78,1,1,1,3,1385
100945,21,18-24,Female,Rural,SMS,0,M100945,H100945,T100945,Third Party,454,Enhanced,807,Single Trip,306,1,1,1,3,1567
100953,47,45-54,Female,Rural,SMS,0,M100953,H100953,T100953,Third Party,923,Family,1789,Single Trip,325,1,1,1,3,3037
100955,31,25-34,Male,Rural,Phone,0,M100955,H100955,T100955,Third Party,300,Family,1839,Annual,294,1,1,1,3,2433
100956,46,45-54,Female,Rural,Email,1,M100956,H100956,T100956,Comprehensive,966,Core,394,Annual,63,1,1,1,3,1423
100958,55,55-64,Male,Rural,Phone,2,M100958,H100958,T100958,Comprehensive,572,Core,1057,Annual,171,1,1,1,3,1800
100959,64,55-64,Female,Rural,SMS,1,M100959,H100959,T100959,Telematics,741,Enhanced,624,Single Trip,416,1,1,1,3,1781
100960,54,45-54,Male,Urban,Email,4,M100960,H100960,T100960,Third Party,936,Family,669,Single Trip,170,1,1,1,3,1775
100963,49,45-54,Female,Urban,Phone,3,M100963,H100963,T100963,Third Party,449,Enhanced,618,Family,170,1,1,1,3,1237
100968,20,18-24,Female,Urban,Email,0,M100968,H100968,T100968,Third Party,310,Family,1073,Annual,244,1,1,1,3,1627
100972,45,45-54,Male,Rural,Phone,1,M100972,H100972,T100972,Telematics,702,Enhanced,1342,Annual,412,1,1,1,3,2456
100985,54,45-54,Female,Rural,Phone,1,M100985,H100985,T100985,Comprehensive,806,Enhanced,1830,Annual,96,1,1,1,3,2732
100987,19,18-24,Male,Urban,SMS,0,M100987,H100987,T100987,Comprehensive,1164,Core,1796,Single Trip,109,1,1,1,3,3069
100988,18,18-24,Male,Rural,SMS,0,M100988,H100988,T100988,Telematics,651,Enhanced,1723,Single Trip,263,1,1,1,3,2637
100990,27,25-34,Female,Urban,Email,1,M100990,H100990,T100990,Comprehensive,1160,Family,705,Annual,135,1,1,1,3,2000
100991,19,18-24,Male,Rural,Email,0,M100991,H100991,T100991,Comprehensive,1183,Core,1585,Single Trip,186,1,1,1,3,2954
100993,24,18-24,Female,Urban,Email,0,M100993,H100993,T100993,Comprehensive,1043,Core,1100,Single Trip,383,1,1,1,3,2526
101005,24,18-24,Female,Urban,Email,0,M101005,H101005,T101005,Third Party,680,Core,1729,Family,46,1,1,1,3,2455
101006,50,45-54,Female,Rural,Phone,2,M101006,H101006,T101006,Telematics,511,Enhanced,1473,Single Trip,131,1,1,1,3,2115
101007,48,45-54,Female,Urban,Email,0,M101007,H101007,T101007,Comprehensive,808,Core,1013,Family,357,1,1,1,3,2178
101018,54,45-54,Male,Urban,Phone,1,M101018,H101018,T101018,Comprehensive,1011,Enhanced,745,Annual,402,1,1,1,3,2158
101023,50,45-54,Female,Rural,Phone,0,M101023,H101023,T101023,Comprehensive,364,Enhanced,1564,Single Trip,224,1,1,1,3,2152
101025,23,18-24,Female,Urban,Email,0,M101025,H101025,T101025,Comprehensive,595,Enhanced,1811,Single Trip,362,1,1,1,3,2768
101026,52,45-54,Female,Urban,Phone,2,M101026,H101026,T101026,Comprehensive,394,Enhanced,378,Single Trip,159,1,1,1,3,931
101031,46,45-54,Female,Urban,Phone,1,M101031,H101031,T101031,Telematics,962,Enhanced,1436,Single Trip,138,1,1,1,3,2536
101038,47,45-54,Male,Urban,Email,1,M101038,H101038,T101038,Comprehensive,1065,Family,1776,Single Trip,298,1,1,1,3,3139
101047,21,18-24,Male,Rural,Email,0,M101047,H101047,T101047,Third Party,1133,Family,1355,Annual,198,1,1,1,3,2686
101048,46,45-54,Male,Urban,Phone,0,M101048,H101048,T101048,Telematics,363,Family,1505,Annual,83,1,1,1,3,1951
101050,47,45-54,Male,Urban,Email,0,M101050,H101050,T101050,Third Party,1115,Family,821,Annual,305,1,1,1,3,2241
101055,21,18-24,Female,Urban,Email,0,M101055,H101055,T101055,Third Party,738,Family,1167,Annual,373,1,1,1,3,2278
101057,51,45-54,Male,Urban,Email,1,M101057,H101057,T101057,Comprehensive,355,Core,780,Single Trip,317,1,1,1,3,1452
101060,19,18-24,Male,Rural,Email,0,M101060,H101060,T101060,Comprehensive,783,Enhanced,727,Single Trip,127,1,1,1,3,1637
101062,73,65+,Male,Urban,Email,1,M101062,H101062,T101062,Comprehensive,773,Family,591,Family,332,1,1,1,3,1696
101064,24,18-24,Female,Urban,Email,0,M101064,H101064,T101064,Third Party,355,Enhanced,1670,Single Trip,335,1,1,1,3,2360
101066,23,18-24,Female,Urban,Email,0,M101066,H101066,T101066,Comprehensive,1134,Family,713,Annual,266,1,1,1,3,2113
101084,34,25-34,Female,Urban,Phone,0,M101084,H101084,T101084,Telematics,1018,Core,949,Annual,317,1,1,1,3,2284
101086,24,18-24,Female,Rural,Email,0,M101086,H101086,T101086,Third Party,1210,Family,1481,Family,147,1,1,1,3,2838
101087,23,18-24,Female,Urban,Email,0,M101087,H101087,T101087,Third Party,787,Enhanced,997,Family,374,1,1,1,3,2158
101088,23,18-24,Male,Rural,Email,0,M101088,H101088,T101088,Third Party,867,Core,433,Single Trip,273,1,1,1,3,1573
101089,53,45-54,Female,Rural,Phone,0,M101089,H101089,T101089,Comprehensive,281,Enhanced,1245,Single Trip,114,1,1,1,3,1640
101096,51,45-54,Male,Rural,Email,1,M101096,H101096,T101096,Third Party,985,Enhanced,636,Annual,150,1,1,1,3,1771
101097,52,45-54,Male,Rural,Phone,3,M101097,H101097,T101097,Comprehensive,990,Enhanced,1352,Annual,231,1,1,1,3,2573
101099,48,45-54,Female,Urban,Phone,0,M101099,H101099,T101099,Telematics,1079,Core,527,Family,191,1,1,1,3,1797
101100,48,45-54,Female,Urban,SMS,0,M101100,H101100,T101100,Comprehensive,281,Core,1516,Annual,287,1,1,1,3,2084
101101,40,35-44,Male,Urban,Email,1,M101101,H101101,T101101,Comprehensive,913,Enhanced,898,Annual,381,1,1,1,3,2192
101103,28,25-34,Female,Rural,SMS,1,M101103,H101103,T101103,Comprehensive,1009,Enhanced,411,Family,209,1,1,1,3,1629
101105,50,45-54,Male,Urban,Phone,2,M101105,H101105,T101105,Third Party,597,Family,1342,Single Trip,83,1,1,1,3,2022
101108,20,18-24,Female,Rural,Phone,0,M101108,H101108,T101108,Comprehensive,1059,Core,700,Single Trip,260,1,1,1,3,2019
101111,56,55-64,Male,Urban,Phone,3,M101111,H101111,T101111,Comprehensive,991,Enhanced,426,Single Trip,60,1,1,1,3,1477
101120,53,45-54,Female,Rural,Phone,0,M101120,H101120,T101120,Comprehensive,888,Core,494,Single Trip,228,1,1,1,3,1610
101124,31,25-34,Male,Rural,SMS,0,M101124,H101124,T101124,Telematics,526,Enhanced,1371,Single Trip,143,1,1,1,3,2040
101130,18,18-24,Female,Urban,SMS,0,M101130,H101130,T101130,Comprehensive,1055,Family,930,Single Trip,329,1,1,1,3,2314
101137,22,18-24,Male,Urban,SMS,1,M101137,H101137,T101137,Telematics,754,Family,477,Single Trip,129,1,1,1,3,1360
101139,55,55-64,Female,Rural,Email,1,M101139,H101139,T101139,Telematics,292,Core,739,Single Trip,196,1,1,1,3,1227
101144,73,65+,Male,Rural,Phone,3,M101144,H101144,T101144,Comprehensive,759,Core,1172,Single Trip,334,1,1,1,3,2265
101145,58,55-64,Female,Rural,Phone,4,M101145,H101145,T101145,Third Party,878,Family,1592,Single Trip,397,1,1,1,3,2867
101147,44,35-44,Male,Rural,Phone,0,M101147,H101147,T101147,Third Party,840,Core,1024,Single Trip,115,1,1,1,3,1979
101150,48,45-54,Male,Rural,Phone,1,M101150,H101150,T101150,Third Party,789,Family,674,Single Trip,152,1,1,1,3,1615
101153,20,18-24,Female,Rural,Email,0,M101153,H101153,T101153,Third Party,1225,Enhanced,624,Single Trip,90,1,1,1,3,1939
101154,48,45-54,Female,Rural,Email,1,M101154,H101154,T101154,Third Party,617,Core,1431,Annual,341,1,1,1,3,2389
101161,20,18-24,Non-binary,Rural,Email,0,M101161,H101161,T101161,Third Party,616,Core,1276,Annual,225,1,1,1,3,2117
101162,20,18-24,Female,Rural,Email,0,M101162,H101162,T101162,Telematics,1173,Enhanced,1387,Single Trip,206,1,1,1,3,2766
101168,24,18-24,Female,Rural,SMS,0,M101168,H101168,T101168,Comprehensive,939,Enhanced,1155,Single Trip,306,1,1,1,3,2400
101172,42,35-44,Male,Urban,Email,1,M101172,H101172,T101172,Third Party,1117,Enhanced,402,Annual,129,1,1,1,3,1648
101175,45,45-54,Female,Urban,Phone,3,M101175,H101175,T101175,Third Party,738,Enhanced,416,Single Trip,403,1,1,1,3,1557
101181,29,25-34,Female,Urban,SMS,1,M101181,H101181,T101181,Comprehensive,1210,Enhanced,1343,Annual,218,1,1,1,3,2771
101189,27,25-34,Female,Urban,Email,0,M101189,H101189,T101189,Third Party,630,Family,683,Family,329,1,1,1,3,1642
101190,52,45-54,Male,Rural,Email,0,M101190,H101190,T101190,Comprehensive,1155,Core,1582,Annual,257,1,1,1,3,2994
101192,46,45-54,Female,Urban,Phone,0,M101192,H101192,T101192,Comprehensive,547,Core,1130,Single Trip,390,1,1,1,3,2067
101193,18,18-24,Male,Rural,Phone,0,M101193,H101193,T101193,Comprehensive,1024,Family,989,Single Trip,266,1,1,1,3,2279
101203,49,45-54,Female,Urban,Phone,0,M101203,H101203,T101203,Comprehensive,926,Family,497,Single Trip,86,1,1,1,3,1509
101204,18,18-24,Female,Urban,Email,0,M101204,H101204,T101204,Telematics,551,Enhanced,502,Annual,253,1,1,1,3,1306
101212,49,45-54,Male,Urban,Phone,0,M101212,H101212,T101212,Telematics,939,Core,922,Annual,347,1,1,1,3,2208
101223,35,35-44,Male,Urban,Email,2,M101223,H101223,T101223,Comprehensive,609,Core,829,Annual,353,1,1,1,3,1791
101231,61,55-64,Male,Urban,Email,0,M101231,H101231,T101231,Comprehensive,907,Core,488,Annual,146,1,1,1,3,1541
101236,40,35-44,Male,Urban,Phone,1,M101236,H101236,T101236,Third Party,1023,Enhanced,438,Family,332,1,1,1,3,1793
101239,49,45-54,Female,Rural,Phone,1,M101239,H101239,T101239,Telematics,1050,Core,878,Family,100,1,1,1,3,2028
101252,19,18-24,Female,Urban,Email,0,M101252,H101252,T101252,Third Party,832,Family,910,Single Trip,335,1,1,1,3,2077
101254,19,18-24,Female,Urban,Email,0,M101254,H101254,T101254,Comprehensive,881,Enhanced,1737,Single Trip,133,1,1,1,3,2751
101259,51,45-54,Female,Rural,Phone,0,M101259,H101259,T101259,Comprehensive,1226,Family,598,Single Trip,287,1,1,1,3,2111
101264,46,45-54,Female,Rural,Email,1,M101264,H101264,T101264,Third Party,846,Family,1717,Annual,262,1,1,1,3,2825
101265,51,45-54,Male,Rural,Phone,1,M101265,H101265,T101265,Comprehensive,884,Enhanced,376,Single Trip,182,1,1,1,3,1442
101271,31,25-34,Female,Urban,Email,1,M101271,H101271,T101271,Third Party,1091,Enhanced,366,Single Trip,264,1,1,1,3,1721
101277,22,18-24,Female,Urban,Phone,0,M101277,H101277,T101277,Comprehensive,612,Family,1229,Single Trip,362,1,1,1,3,2203
101281,18,18-24,Female,Rural,Email,0,M101281,H101281,T101281,Comprehensive,539,Enhanced,1748,Annual,79,1,1,1,3,2366
101286,54,45-54,Female,Rural,Email,1,M101286,H101286,T101286,Third Party,515,Family,1367,Single Trip,198,1,1,1,3,2080
101289,47,45-54,Female,Urban,SMS,2,M101289,H101289,T101289,Comprehensive,404,Core,1440,Single Trip,387,1,1,1,3,2231
101293,21,18-24,Female,Urban,Phone,1,M101293,H101293,T101293,Third Party,812,Enhanced,1623,Family,289,1,1,1,3,2724
101294,50,45-54,Female,Rural,Phone,2,M101294,H101294,T101294,Comprehensive,637,Core,1654,Single Trip,381,1,1,1,3,2672
101311,41,35-44,Female,Rural,Phone,0,M101311,H101311,T101311,Third Party,938,Family,1437,Annual,251,1,1,1,3,2626
101312,68,65+,Male,Rural,Phone,1,M101312,H101312,T101312,Comprehensive,834,Enhanced,1477,Single Trip,380,1,1,1,3,2691
101314,51,45-54,Male,Rural,Phone,0,M101314,H101314,T101314,Comprehensive,1103,Core,831,Single Trip,92,1,1,1,3,2026
101325,53,45-54,Male,Urban,Email,0,M101325,H101325,T101325,Third Party,1146,Enhanced,1185,Annual,295,1,1,1,3,2626
101329,46,45-54,Female,Urban,SMS,1,M101329,H101329,T101329,Third Party,963,Family,1790,Family,330,1,1,1,3,3083
101330,18,18-24,Non-binary,Rural,SMS,0,M101330,H101330,T101330,Telematics,1128,Enhanced,841,Single Trip,349,1,1,1,3,2318
101331,35,35-44,Female,Rural,Email,1,M101331,H101331,T101331,Third Party,1109,Family,800,Family,89,1,1,1,3,1998
101333,18,18-24,Male,Urban,Email,0,M101333,H101333,T101333,Comprehensive,295,Family,549,Family,178,1,1,1,3,1022
101337,44,35-44,Female,Urban,SMS,2,M101337,H101337,T101337,Third Party,1043,Family,724,Annual,182,1,1,1,3,1949
101339,51,45-54,Female,Rural,Email,0,M101339,H101339,T101339,Comprehensive,872,Core,1081,Annual,263,1,1,1,3,2216
101341,46,45-54,Male,Rural,Phone,0,M101341,H101341,T101341,Comprehensive,569,Enhanced,1397,Single Trip,369,1,1,1,3,2335
101346,51,45-54,Male,Rural,Email,3,M101346,H101346,T101346,Comprehensive,1017,Enhanced,1563,Single Trip,80,1,1,1,3,2660
101349,22,18-24,Male,Urban,Email,0,M101349,H101349,T101349,Comprehensive,998,Core,1247,Annual,259,1,1,1,3,2504
101352,48,45-54,Female,Rural,Phone,1,M101352,H101352,T101352,Telematics,698,Core,1239,Single Trip,216,1,1,1,3,2153
101360,65,65+,Female,Urban,Phone,1,M101360,H101360,T101360,Telematics,1038,Family,1456,Annual,360,1,1,1,3,2854
101365,67,65+,Female,Rural,Phone,0,M101365,H101365,T101365,Third Party,482,Core,1116,Single Trip,103,1,1,1,3,1701
101377,45,45-54,Female,Urban,SMS,0,M101377,H101377,T101377,Comprehensive,834,Core,899,Annual,63,1,1,1,3,1796
101382,22,18-24,Female,Urban,Phone,0,M101382,H101382,T101382,Comprehensive,360,Core,1554,Single Trip,172,1,1,1,3,2086
101384,21,18-24,Female,Urban,Phone,0,M101384,H101384,T101384,Third Party,712,Family,1657,Family,314,1,1,1,3,2683
101389,54,45-54,Male,Rural,Email,0,M101389,H101389,T101389,Third Party,871,Enhanced,1504,Single Trip,274,1,1,1,3,2649
101399,30,25-34,Male,Rural,Email,0,M101399,H101399,T101399,Comprehensive,294,Enhanced,830,Annual,247,1,1,1,3,1371
101404,50,45-54,Female,Urban,Phone,0,M101404,H101404,T101404,Third Party,678,Core,1518,Single Trip,109,1,1,1,3,2305
101406,79,65+,Male,Urban,Phone,0,M101406,H101406,T101406,Comprehensive,725,Family,426,Single Trip,162,1,1,1,3,1313
101414,53,45-54,Male,Urban,Phone,4,M101414,H101414,T101414,Third Party,594,Family,381,Single Trip,319,1,1,1,3,1294
101418,76,65+,Male,Rural,Email,1,M101418,H101418,T101418,Third Party,675,Enhanced,820,Single Trip,266,1,1,1,3,1761
101419,18,18-24,Female,Rural,Phone,0,M101419,H101419,T101419,Comprehensive,958,Family,820,Single Trip,288,1,1,1,3,2066
101420,45,45-54,Male,Rural,Email,2,M101420,H101420,T101420,Comprehensive,724,Enhanced,1251,Single Trip,350,1,1,1,3,2325
101421,48,45-54,Male,Urban,Phone,0,M101421,H101421,T101421,Comprehensive,971,Family,1651,Single Trip,226,1,1,1,3,2848
101424,43,35-44,Female,Urban,Phone,0,M101424,H101424,T101424,Third Party,1208,Enhanced,1585,Annual,325,1,1,1,3,3118
101425,49,45-54,Female,Urban,Phone,0,M101425,H101425,T101425,Telematics,957,Core,1222,Single Trip,132,1,1,1,3,2311
101431,48,45-54,Male,Urban,Email,0,M101431,H101431,T101431,Comprehensive,564,Family,971,Annual,80,1,1,1,3,1615
101451,51,45-54,Male,Rural,Phone,0,M101451,H101451,T101451,Telematics,598,Core,405,Single Trip,394,1,1,1,3,1397
101453,54,45-54,Female,Urban,Email,1,M101453,H101453,T101453,Third Party,857,Enhanced,1210,Annual,330,1,1,1,3,2397
101481,50,45-54,Female,Urban,Phone,4,M101481,H101481,T101481,Third Party,1175,Enhanced,1463,Family,115,1,1,1,3,2753
101483,39,35-44,Female,Urban,Phone,0,M101483,H101483,T101483,Comprehensive,815,Core,1823,Single Trip,398,1,1,1,3,3036
101484,48,45-54,Female,Rural,SMS,1,M101484,H101484,T101484,Comprehensive,718,Enhanced,1287,Annual,367,1,1,1,3,2372
101489,45,45-54,Female,Rural,Phone,0,M101489,H101489,T101489,Third Party,309,Family,1722,Annual,286,1,1,1,3,2317
101493,23,18-24,Male,Urban,Email,0,M101493,H101493,T101493,Comprehensive,1039,Family,1676,Single Trip,63,1,1,1,3,2778
101494,51,45-54,Female,Urban,Phone,1,M101494,H101494,T101494,Comprehensive,507,Core,1816,Annual,326,1,1,1,3,2649
101497,49,45-54,Male,Rural,Email,0,M101497,H101497,T101497,Comprehensive,830,Family,994,Annual,118,1,1,1,3,1942
101499,48,45-54,Male,Urban,SMS,2,M101499,H101499,T101499,Comprehensive,392,Core,1607,Single Trip,318,1,1,1,3,2317
101501,54,45-54,Male,Urban,SMS,1,M101501,H101501,T101501,Third Party,800,Core,1802,Annual,122,1,1,1,3,2724
101504,62,55-64,Male,Urban,Email,0,M101504,H101504,T101504,Third Party,860,Enhanced,1312,Family,270,1,1,1,3,2442
101507,43,35-44,Male,Urban,Phone,0,M101507,H101507,T101507,Third Party,346,Family,1787,Single Trip,95,1,1,1,3,2228
101510,50,45-54,Female,Urban,Phone,2,M101510,H101510,T101510,Third Party,310,Core,1016,Family,115,1,1,1,3,1441
101512,18,18-24,Female,Rural,SMS,0,M101512,H101512,T101512,Comprehensive,1114,Core,606,Single Trip,147,1,1,1,3,1867
101514,19,18-24,Female,Urban,SMS,0,M101514,H101514,T101514,Third Party,497,Enhanced,1048,Family,135,1,1,1,3,1680
101520,23,18-24,Female,Rural,Phone,0,M101520,H101520,T101520,Third Party,786,Family,1314,Family,122,1,1,1,3,2222
101525,23,18-24,Male,Rural,Email,0,M101525,H101525,T101525,Third Party,353,Core,688,Single Trip,266,1,1,1,3,1307
101526,49,45-54,Male,Urban,Email,0,M101526,H101526,T101526,Third Party,1030,Core,392,Single Trip,285,1,1,1,3,1707
101531,22,18-24,Female,Rural,Email,0,M101531,H101531,T101531,Third Party,548,Core,888,Annual,358,1,1,1,3,1794
101532,54,45-54,Male,Rural,Phone,1,M101532,H101532,T101532,Comprehensive,389,Core,628,Single Trip,353,1,1,1,3,1370
101535,51,45-54,Female,Urban,Phone,0,M101535,H101535,T101535,Comprehensive,1144,Core,589,Single Trip,64,1,1,1,3,1797
101537,52,45-54,Male,Urban,SMS,0,M101537,H101537,T101537,Comprehensive,798,Core,1107,Annual,182,1,1,1,3,2087
101544,60,55-64,Male,Urban,SMS,0,M101544,H101544,T101544,Comprehensive,927,Core,1787,Single Trip,364,1,1,1,3,3078
101545,30,25-34,Male,Rural,SMS,0,M101545,H101545,T101545,Comprehensive,814,Family,650,Annual,314,1,1,1,3,1778
101553,20,18-24,Male,Urban,Email,0,M101553,H101553,T101553,Comprehensive,732,Enhanced,1216,Single Trip,283,1,1,1,3,2231
101564,54,45-54,Male,Rural,Phone,3,M101564,H101564,T101564,Comprehensive,539,Family,856,Single Trip,196,1,1,1,3,1591
101570,21,18-24,Male,Urban,Phone,0,M101570,H101570,T101570,Third Party,514,Core,1078,Single Trip,405,1,1,1,3,1997
101575,22,18-24,Female,Urban,SMS,0,M101575,H101575,T101575,Telematics,557,Core,1626,Single Trip,291,1,1,1,3,2474
101577,52,45-54,Male,Rural,Phone,1,M101577,H101577,T101577,Comprehensive,495,Enhanced,1056,Single Trip,345,1,1,1,3,1896
101579,48,45-54,Female,Rural,Phone,1,M101579,H101579,T101579,Comprehensive,454,Family,747,Single Trip,148,1,1,1,3,1349
101581,51,45-54,Female,Rural,Email,2,M101581,H101581,T101581,Third Party,1216,Family,1509,Single Trip,280,1,1,1,3,3005
101586,18,18-24,Female,Rural,Email,0,M101586,H101586,T101586,Third Party,578,Enhanced,1367,Annual,65,1,1,1,3,2010
101589,50,45-54,Female,Urban,Phone,4,M101589,H101589,T101589,Comprehensive,1209,Enhanced,719,Single Trip,284,1,1,1,3,2212
101590,20,18-24,Male,Rural,Email,0,M101590,H101590,T101590,Third Party,608,Enhanced,1572,Family,48,1,1,1,3,2228
101594,57,55-64,Female,Urban,Email,2,M101594,H101594,T101594,Comprehensive,912,Family,439,Annual,157,1,1,1,3,1508
101597,20,18-24,Female,Rural,SMS,0,M101597,H101597,T101597,Comprehensive,372,Family,616,Family,395,1,1,1,3,1383
101604,50,45-54,Male,Urban,Phone,0,M101604,H101604,T101604,Comprehensive,325,Enhanced,797,Annual,97,1,1,1,3,1219
101608,30,25-34,Female,Urban,SMS,1,M101608,H101608,T101608,Comprehensive,412,Family,1314,Family,419,1,1,1,3,2145
101615,23,18-24,Male,Rural,Phone,0,M101615,H101615,T101615,Third Party,583,Core,1832,Annual,363,1,1,1,3,2778
101618,26,25-34,Female,Rural,Phone,0,M101618,H101618,T101618,Comprehensive,1184,Family,1344,Single Trip,47,1,1,1,3,2575
101620,49,45-54,Male,Urban,SMS,1,M101620,H101620,T101620,Third Party,635,Enhanced,996,Annual,389,1,1,1,3,2020
101622,48,45-54,Male,Rural,Phone,0,M101622,H101622,T101622,Comprehensive,378,Family,1840,Single Trip,224,1,1,1,3,2442
101625,18,18-24,Female,Urban,Phone,0,M101625,H101625,T101625,Third Party,649,Core,1388,Annual,404,1,1,1,3,2441
101631,47,45-54,Female,Urban,SMS,0,M101631,H101631,T101631,Comprehensive,1225,Core,1813,Annual,249,1,1,1,3,3287
101636,45,45-54,Female,Rural,Phone,0,M101636,H101636,T101636,Comprehensive,376,Core,1342,Single Trip,311,1,1,1,3,2029
101641,52,45-54,Male,Urban,Email,0,M101641,H101641,T101641,Third Party,716,Core,1701,Annual,411,1,1,1,3,2828
101646,19,18-24,Female,Rural,Email,0,M101646,H101646,T101646,Comprehensive,959,Enhanced,928,Annual,332,1,1,1,3,2219
101649,37,35-44,Female,Rural,SMS,1,M101649,H101649,T101649,Telematics,1221,Enhanced,508,Annual,296,1,1,1,3,2025
101650,25,25-34,Male,Urban,Email,0,M101650,H101650,T101650,Comprehensive,1174,Family,827,Single Trip,321,1,1,1,3,2322
101652,20,18-24,Male,Rural,Phone,0,M101652,H101652,T101652,Comprehensive,642,Family,1120,Annual,408,1,1,1,3,2170
101656,70,65+,Female,Urban,Phone,2,M101656,H101656,T101656,Telematics,960,Family,399,Single Trip,384,1,1,1,3,1743
101661,24,18-24,Female,Rural,Email,0,M101661,H101661,T101661,Comprehensive,1104,Core,1486,Single Trip,86,1,1,1,3,2676
101662,51,45-54,Female,Rural,Phone,1,M101662,H101662,T101662,Telematics,566,Family,1725,Annual,218,1,1,1,3,2509
101669,46,45-54,Female,Rural,Phone,1,M101669,H101669,T101669,Comprehensive,500,Enhanced,1801,Family,92,1,1,1,3,2393
101671,22,18-24,Male,Urban,Email,0,M101671,H101671,T101671,Comprehensive,425,Enhanced,1395,Single Trip,210,1,1,1,3,2030
101672,47,45-54,Female,Rural,Phone,0,M101672,H101672,T101672,Comprehensive,588,Family,1796,Single Trip,266,1,1,1,3,2650
101680,71,65+,Female,Urban,Email,1,M101680,H101680,T101680,Comprehensive,374,Core,1680,Annual,268,1,1,1,3,2322
101684,49,45-54,Female,Urban,Phone,1,M101684,H101684,T101684,Comprehensive,1246,Enhanced,1634,Annual,194,1,1,1,3,3074
101686,50,45-54,Female,Urban,Phone,1,M101686,H101686,T101686,Telematics,926,Enhanced,1421,Single Trip,199,1,1,1,3,2546
101692,24,18-24,Female,Rural,Phone,0,M101692,H101692,T101692,Third Party,1181,Enhanced,1180,Single Trip,208,1,1,1,3,2569
101697,25,25-34,Female,Rural,Phone,0,M101697,H101697,T101697,Third Party,1052,Family,496,Annual,261,1,1,1,3,1809
101709,36,35-44,Male,Urban,Phone,1,M101709,H101709,T101709,Third Party,426,Enhanced,1718,Family,267,1,1,1,3,2411
101711,50,45-54,Male,Urban,Phone,2,M101711,H101711,T101711,Comprehensive,797,Core,625,Annual,205,1,1,1,3,1627
101714,49,45-54,Female,Urban,Phone,0,M101714,H101714,T101714,Comprehensive,974,Core,655,Single Trip,197,1,1,1,3,1826
101716,24,18-24,Male,Rural,Email,0,M101716,H101716,T101716,Third Party,445,Family,1105,Single Trip,395,1,1,1,3,1945
101719,30,25-34,Female,Urban,SMS,1,M101719,H101719,T101719,Third Party,774,Family,499,Annual,142,1,1,1,3,1415
101722,48,45-54,Male,Rural,Phone,0,M101722,H101722,T101722,Comprehensive,989,Enhanced,704,Annual,272,1,1,1,3,1965
101727,42,35-44,Male,Urban,Email,0,M101727,H101727,T101727,Comprehensive,377,Enhanced,487,Annual,127,1,1,1,3,991
101728,24,18-24,Female,Urban,SMS,0,M101728,H101728,T101728,Comprehensive,446,Core,1414,Annual,326,1,1,1,3,2186
101731,51,45-54,Female,Rural,Email,2,M101731,H101731,T101731,Comprehensive,477,Family,1520,Single Trip,301,1,1,1,3,2298
101732,27,25-34,Female,Urban,SMS,0,M101732,H101732,T101732,Comprehensive,1054,Enhanced,624,Single Trip,53,1,1,1,3,1731
101735,20,18-24,Female,Rural,Email,0,M101735,H101735,T101735,Comprehensive,784,Enhanced,570,Single Trip,289,1,1,1,3,1643
101736,45,45-54,Male,Urban,Phone,1,M101736,H101736,T101736,Telematics,1230,Enhanced,586,Single Trip,165,1,1,1,3,1981
101744,51,45-54,Male,Rural,Email,1,M101744,H101744,T101744,Telematics,495,Core,1224,Single Trip,280,1,1,1,3,1999
101747,47,45-54,Male,Rural,Phone,0,M101747,H101747,T101747,Comprehensive,876,Family,856,Family,152,1,1,1,3,1884
101751,51,45-54,Female,Urban,Phone,1,M101751,H101751,T101751,Telematics,516,Family,798,Family,199,1,1,1,3,1513
101754,51,45-54,Male,Rural,Email,1,M101754,H101754,T101754,Third Party,1098,Family,828,Annual,417,1,1,1,3,2343
101755,24,18-24,Female,Urban,Email,0,M101755,H101755,T101755,Comprehensive,873,Core,892,Single Trip,285,1,1,1,3,2050
101760,24,18-24,Female,Rural,Email,0,M101760,H101760,T101760,Comprehensive,769,Core,1173,Single Trip,166,1,1,1,3,2108
101763,21,18-24,Male,Rural,Email,0,M101763,H101763,T101763,Third Party,319,Family,1489,Single Trip,320,1,1,1,3,2128
101770,50,45-54,Female,Rural,Phone,2,M101770,H101770,T101770,Third Party,490,Enhanced,389,Family,283,1,1,1,3,1162
101779,54,45-54,Male,Urban,Phone,1,M101779,H101779,T101779,Comprehensive,609,Core,620,Annual,411,1,1,1,3,1640
101781,22,18-24,Male,Urban,Email,0,M101781,H101781,T101781,Comprehensive,1062,Enhanced,1324,Family,285,1,1,1,3,2671
101783,79,65+,Female,Urban,Phone,1,M101783,H101783,T101783,Comprehensive,810,Core,1666,Single Trip,403,1,1,1,3,2879
101785,20,18-24,Female,Rural,SMS,0,M101785,H101785,T101785,Comprehensive,1203,Core,1254,Single Trip,108,1,1,1,3,2565
101787,35,35-44,Male,Rural,Phone,1,M101787,H101787,T101787,Telematics,641,Core,1132,Annual,403,1,1,1,3,2176
101788,50,45-54,Male,Rural,Email,0,M101788,H101788,T101788,Comprehensive,734,Family,1352,Annual,360,1,1,1,3,2446
101792,49,45-54,Female,Rural,SMS,1,M101792,H101792,T101792,Third Party,1032,Core,609,Annual,101,1,1,1,3,1742
101808,23,18-24,Female,Urban,Email,0,M101808,H101808,T101808,Comprehensive,1241,Enhanced,697,Single Trip,116,1,1,1,3,2054
101811,51,45-54,Female,Urban,Phone,0,M101811,H101811,T101811,Comprehensive,653,Enhanced,1075,Annual,285,1,1,1,3,2013
101815,32,25-34,Female,Urban,Email,2,M101815,H101815,T101815,Telematics,771,Core,1422,Annual,286,1,1,1,3,2479
101820,28,25-34,Male,Urban,Email,0,M101820,H101820,T101820,Telematics,1162,Core,495,Single Trip,142,1,1,1,3,1799
101822,54,45-54,Male,Urban,Email,0,M101822,H101822,T101822,Comprehensive,282,Core,1024,Single Trip,63,1,1,1,3,1369
101825,52,45-54,Male,Urban,Phone,1,M101825,H101825,T101825,Third Party,891,Core,547,Annual,135,1,1,1,3,1573
101828,22,18-24,Female,Rural,Email,0,M101828,H101828,T101828,Comprehensive,799,Enhanced,1443,Annual,218,1,1,1,3,2460
101829,22,18-24,Non-binary,Rural,SMS,0,M101829,H101829,T101829,Third Party,288,Core,1066,Annual,391,1,1,1,3,1745
101831,22,18-24,Female,Urban,Phone,0,M101831,H101831,T101831,Comprehensive,1236,Core,663,Annual,201,1,1,1,3,2100
101837,45,45-54,Female,Urban,Email,0,M101837,H101837,T101837,Telematics,470,Core,1199,Single Trip,161,1,1,1,3,1830
101839,48,45-54,Male,Urban,Email,1,M101839,H101839,T101839,Comprehensive,395,Enhanced,399,Single Trip,317,1,1,1,3,1111
101843,51,45-54,Female,Urban,Phone,0,M101843,H101843,T101843,Comprehensive,1226,Enhanced,1686,Single Trip,107,1,1,1,3,3019
101845,22,18-24,Male,Rural,Phone,0,M101845,H101845,T101845,Comprehensive,812,Enhanced,1816,Single Trip,141,1,1,1,3,2769
101851,21,18-24,Female,Rural,SMS,0,M101851,H101851,T101851,Comprehensive,633,Enhanced,1359,Single Trip,370,1,1,1,3,2362
101852,47,45-54,Male,Urban,Phone,1,M101852,H101852,T101852,Third Party,574,Enhanced,1224,Single Trip,211,1,1,1,3,2009
101858,23,18-24,Male,Rural,Email,0,M101858,H101858,T101858,Comprehensive,691,Family,710,Family,107,1,1,1,3,1508
101863,22,18-24,Female,Urban,SMS,0,M101863,H101863,T101863,Comprehensive,466,Enhanced,694,Single Trip,174,1,1,1,3,1334
101867,49,45-54,Male,Urban,Email,1,M101867,H101867,T101867,Comprehensive,844,Enhanced,1386,Family,243,1,1,1,3,2473
101868,61,55-64,Female,Urban,Phone,1,M101868,H101868,T101868,Telematics,846,Core,1672,Annual,207,1,1,1,3,2725
101875,49,45-54,Female,Urban,Phone,0,M101875,H101875,T101875,Third Party,509,Core,408,Family,145,1,1,1,3,1062
101876,48,45-54,Female,Rural,Phone,1,M101876,H101876,T101876,Comprehensive,1095,Enhanced,498,Annual,314,1,1,1,3,1907
101880,52,45-54,Male,Rural,Phone,2,M101880,H101880,T101880,Comprehensive,1169,Core,1587,Single Trip,250,1,1,1,3,3006
101882,42,35-44,Male,Urban,Email,0,M101882,H101882,T101882,Telematics,646,Core,911,Single Trip,134,1,1,1,3,1691
101883,48,45-54,Male,Urban,Email,1,M101883,H101883,T101883,Third Party,662,Enhanced,616,Single Trip,107,1,1,1,3,1385
101888,69,65+,Male,Rural,Phone,1,M101888,H101888,T101888,Third Party,886,Enhanced,1273,Single Trip,232,1,1,1,3,2391
101892,22,18-24,Male,Urban,Email,0,M101892,H101892,T101892,Comprehensive,638,Enhanced,363,Family,402,1,1,1,3,1403
101893,22,18-24,Female,Rural,SMS,0,M101893,H101893,T101893,Comprehensive,299,Enhanced,365,Single Trip,143,1,1,1,3,807
101898,50,45-54,Female,Urban,Email,4,M101898,H101898,T101898,Comprehensive,1035,Core,1587,Annual,343,1,1,1,3,2965
101901,49,45-54,Male,Rural,Phone,0,M101901,H101901,T101901,Comprehensive,1238,Core,1558,Single Trip,393,1,1,1,3,3189
101913,25,25-34,Male,Rural,SMS,0,M101913,H101913,T101913,Third Party,1157,Core,1604,Annual,184,1,1,1,3,2945
101918,26,25-34,Female,Rural,Email,0,M101918,H101918,T101918,Third Party,1233,Core,903,Single Trip,310,1,1,1,3,2446
101925,23,18-24,Male,Urban,SMS,0,M101925,H101925,T101925,Comprehensive,1128,Family,1068,Single Trip,333,1,1,1,3,2529
101930,46,45-54,Male,Urban,Email,1,M101930,H101930,T101930,Third Party,832,Family,1711,Annual,272,1,1,1,3,2815
101941,53,45-54,Female,Rural,Phone,0,M101941,H101941,T101941,Comprehensive,848,Core,445,Annual,363,1,1,1,3,1656
101944,41,35-44,Female,Rural,SMS,0,M101944,H101944,T101944,Comprehensive,811,Core,1089,Single Trip,309,1,1,1,3,2209
101950,57,55-64,Female,Urban,Phone,3,M101950,H101950,T101950,Third Party,390,Enhanced,881,Single Trip,389,1,1,1,3,1660
101956,18,18-24,Male,Urban,SMS,0,M101956,H101956,T101956,Third Party,282,Family,1669,Single Trip,323,1,1,1,3,2274
101960,23,18-24,Female,Urban,SMS,0,M101960,H101960,T101960,Comprehensive,974,Core,381,Annual,151,1,1,1,3,1506
101961,45,45-54,Male,Urban,Phone,0,M101961,H101961,T101961,Comprehensive,732,Enhanced,1202,Single Trip,345,1,1,1,3,2279
101962,24,18-24,Male,Urban,Email,0,M101962,H101962,T101962,Comprehensive,436,Enhanced,385,Single Trip,224,1,1,1,3,1045
101967,49,45-54,Male,Urban,Email,5,M101967,H101967,T101967,Comprehensive,1114,Core,1277,Annual,379,1,1,1,3,2770
101971,52,45-54,Female,Rural,Phone,2,M101971,H101971,T101971,Third Party,1144,Family,527,Family,417,1,1,1,3,2088
101972,75,65+,Male,Rural,Email,3,M101972,H101972,T101972,Third Party,542,Core,1097,Single Trip,320,1,1,1,3,1959
101974,25,25-34,Male,Rural,SMS,0,M101974,H101974,T101974,Comprehensive,404,Enhanced,959,Annual,221,1,1,1,3,1584
101976,20,18-24,Male,Urban,Email,0,M101976,H101976,T101976,Telematics,1031,Enhanced,1565,Single Trip,121,1,1,1,3,2717
101983,21,18-24,Male,Urban,Email,0,M101983,H101983,T101983,Comprehensive,715,Core,426,Single Trip,376,1,1,1,3,1517
101988,54,45-54,Female,Rural,Phone,2,M101988,H101988,T101988,Comprehensive,963,Family,1273,Single Trip,160,1,1,1,3,2396
101994,38,35-44,Female,Urban,Email,1,M101994,H101994,T101994,Third Party,461,Core,1248,Annual,281,1,1,1,3,1990
101996,51,45-54,Male,Rural,SMS,0,M101996,H101996,T101996,Comprehensive,739,Core,1238,Single Trip,148,1,1,1,3,2125
101997,49,45-54,Male,Rural,Phone,1,M101997,H101997,T101997,Third Party,1044,Enhanced,829,Single Trip,80,1,1,1,3,1953
102005,48,45-54,Female,Rural,Phone,1,M102005,H102005,T102005,Third Party,787,Enhanced,855,Single Trip,373,1,1,1,3,2015
102011,48,45-54,Female,Rural,Phone,0,M102011,H102011,T102011,Third Party,846,Core,516,Annual,151,1,1,1,3,1513
102021,45,45-54,Male,Urban,Email,1,M102021,H102021,T102021,Third Party,948,Enhanced,1499,Family,194,1,1,1,3,2641
102026,24,18-24,Male,Urban,SMS,0,M102026,H102026,T102026,Third Party,1053,Core,746,Annual,327,1,1,1,3,2126
102032,43,35-44,Female,Rural,Phone,0,M102032,H102032,T102032,Comprehensive,673,Core,1410,Single Trip,82,1,1,1,3,2165
102036,24,18-24,Male,Urban,SMS,0,M102036,H102036,T102036,Third Party,431,Core,1626,Single Trip,400,1,1,1,3,2457
102040,45,45-54,Female,Urban,Phone,0,M102040,H102040,T102040,Third Party,661,Enhanced,1617,Annual,323,1,1,1,3,2601
102046,22,18-24,Male,Urban,SMS,0,M102046,H102046,T102046,Third Party,347,Enhanced,1250,Single Trip,400,1,1,1,3,1997
100004,24,18-24,Female,Rural,Email,0,M100004,H100004,,Comprehensive,1163,Enhanced,1623,,,1,1,0,2,2786
100009,52,45-54,Male,Urban,Email,0,M100009,H100009,,Comprehensive,810,Enhanced,974,,,1,1,0,2,1784
100012,69,65+,Male,Urban,Phone,2,M100012,H100012,,Comprehensive,350,Core,432,,,1,1,0,2,782
100013,45,45-54,Male,Rural,Email,0,M100013,H100013,,Comprehensive,1144,Enhanced,494,,,1,1,0,2,1638
100021,53,45-54,Female,Urban,Phone,0,M100021,H100021,,Third Party,804,Enhanced,1093,,,1,1,0,2,1897
100022,54,45-54,Male,Rural,Phone,0,M100022,H100022,,Comprehensive,1090,Enhanced,1570,,,1,1,0,2,2660
100028,51,45-54,Male,Rural,Email,1,M100028,H100028,,Comprehensive,941,Enhanced,1426,,,1,1,0,2,2367
100035,23,18-24,Male,Urban,Email,1,M100035,H100035,,Comprehensive,514,Enhanced,1034,,,1,1,0,2,1548
100037,44,35-44,Female,Rural,Phone,0,M100037,H100037,,Comprehensive,984,Core,1460,,,1,1,0,2,2444
100042,47,45-54,Male,Rural,Phone,2,M100042,H100042,,Third Party,556,Enhanced,1394,,,1,1,0,2,1950
100047,46,45-54,Male,Rural,Phone,1,M100047,H100047,,Telematics,301,Family,853,,,1,1,0,2,1154
100070,50,45-54,Male,Urban,Phone,1,M100070,H100070,,Comprehensive,354,Core,866,,,1,1,0,2,1220
100077,18,18-24,Male,Urban,Email,0,M100077,H100077,,Third Party,860,Enhanced,559,,,1,1,0,2,1419
100084,69,65+,Female,Rural,Email,2,M100084,H100084,,Comprehensive,391,Enhanced,507,,,1,1,0,2,898
100085,19,18-24,Male,Urban,Email,0,M100085,H100085,,Comprehensive,1165,Core,1780,,,1,1,0,2,2945
100089,60,55-64,Male,Urban,Email,1,M100089,H100089,,Comprehensive,982,Enhanced,771,,,1,1,0,2,1753
100091,69,65+,Female,Rural,Phone,1,M100091,H100091,,Comprehensive,1061,Family,1600,,,1,1,0,2,2661
100092,40,35-44,Male,Urban,SMS,3,M100092,H100092,,Comprehensive,712,Enhanced,554,,,1,1,0,2,1266
100094,70,65+,Female,Urban,Phone,1,M100094,H100094,,Third Party,936,Enhanced,1714,,,1,1,0,2,2650
100096,62,55-64,Male,Rural,Phone,1,M100096,H100096,,Comprehensive,1062,Family,727,,,1,1,0,2,1789
100100,52,45-54,Male,Urban,Email,1,M100100,H100100,,Third Party,989,Enhanced,1190,,,1,1,0,2,2179
100114,52,45-54,Male,Rural,Phone,1,M100114,H100114,,Comprehensive,759,Core,1464,,,1,1,0,2,2223
100119,24,18-24,Male,Rural,Email,0,M100119,H100119,,Third Party,920,Enhanced,1068,,,1,1,0,2,1988
100122,48,45-54,Male,Urban,Email,0,M100122,H100122,,Third Party,354,Enhanced,971,,,1,1,0,2,1325
100126,20,18-24,Male,Urban,SMS,0,M100126,H100126,,Comprehensive,1223,Core,905,,,1,1,0,2,2128
100127,20,18-24,Male,Rural,Email,0,M100127,H100127,,Third Party,545,Core,1049,,,1,1,0,2,1594
100128,67,65+,Female,Rural,Phone,0,M100128,H100128,,Comprehensive,1020,Core,1769,,,1,1,0,2,2789
100135,54,45-54,Female,Urban,Email,2,M100135,H100135,,Comprehensive,1059,Core,432,,,1,1,0,2,1491
100136,60,55-64,Female,Rural,Phone,0,M100136,H100136,,Comprehensive,935,Enhanced,1115,,,1,1,0,2,2050
100137,47,45-54,Female,Rural,Phone,2,M100137,H100137,,Third Party,495,Family,1615,,,1,1,0,2,2110
100141,60,55-64,Male,Urban,Email,0,M100141,H100141,,Third Party,408,Family,1258,,,1,1,0,2,1666
100146,23,18-24,Female,Urban,Email,1,M100146,H100146,,Third Party,1097,Core,373,,,1,1,0,2,1470
100148,48,45-54,Female,Urban,Phone,4,M100148,H100148,,Comprehensive,992,Enhanced,1068,,,1,1,0,2,2060
100155,23,18-24,Male,Rural,Email,0,M100155,H100155,,Third Party,1049,Enhanced,753,,,1,1,0,2,1802
100156,45,45-54,Female,Urban,SMS,1,M100156,H100156,,Comprehensive,1219,Family,1485,,,1,1,0,2,2704
100160,19,18-24,Female,Urban,Email,0,M100160,H100160,,Third Party,1241,Enhanced,1198,,,1,1,0,2,2439
100162,52,45-54,Female,Urban,Email,0,M100162,H100162,,Third Party,441,Enhanced,1435,,,1,1,0,2,1876
100174,20,18-24,Male,Urban,Email,0,M100174,H100174,,Third Party,1041,Enhanced,580,,,1,1,0,2,1621
100175,54,45-54,Female,Rural,Phone,3,M100175,H100175,,Comprehensive,1101,Core,1669,,,1,1,0,2,2770
100177,46,45-54,Male,Urban,Phone,0,M100177,H100177,,Third Party,1192,Core,514,,,1,1,0,2,1706
100178,50,45-54,Female,Rural,Email,1,M100178,H100178,,Comprehensive,472,Enhanced,687,,,1,1,0,2,1159
100189,52,45-54,Female,Rural,Phone,1,M100189,H100189,,Comprehensive,1076,Core,384,,,1,1,0,2,1460
100199,50,45-54,Male,Urban,Phone,1,M100199,H100199,,Telematics,1133,Family,1268,,,1,1,0,2,2401
100218,53,45-54,Female,Urban,Email,0,M100218,H100218,,Telematics,403,Core,1387,,,1,1,0,2,1790
100219,18,18-24,Female,Urban,Email,0,M100219,H100219,,Third Party,389,Enhanced,1755,,,1,1,0,2,2144
100224,50,45-54,Female,Urban,Email,2,M100224,H100224,,Comprehensive,584,Family,1235,,,1,1,0,2,1819
100232,52,45-54,Female,Urban,Phone,3,M100232,H100232,,Third Party,900,Enhanced,604,,,1,1,0,2,1504
100234,47,45-54,Female,Rural,Phone,0,M100234,H100234,,Comprehensive,475,Core,1645,,,1,1,0,2,2120
100238,48,45-54,Female,Rural,Email,1,M100238,H100238,,Third Party,979,Enhanced,1424,,,1,1,0,2,2403
100241,50,45-54,Male,Urban,Phone,0,M100241,H100241,,Telematics,302,Enhanced,1620,,,1,1,0,2,1922
100244,50,45-54,Male,Rural,Phone,3,M100244,H100244,,Comprehensive,982,Enhanced,1034,,,1,1,0,2,2016
100249,53,45-54,Male,Rural,Phone,0,M100249,H100249,,Telematics,285,Family,1689,,,1,1,0,2,1974
100251,54,45-54,Female,Urban,Phone,0,M100251,H100251,,Telematics,1201,Enhanced,1290,,,1,1,0,2,2491
100252,39,35-44,Female,Urban,SMS,3,M100252,H100252,,Comprehensive,1164,Family,818,,,1,1,0,2,1982
100254,36,35-44,Male,Urban,Phone,2,M100254,H100254,,Comprehensive,1127,Enhanced,1713,,,1,1,0,2,2840
100256,50,45-54,Male,Urban,Email,0,M100256,H100256,,Third Party,358,Core,1609,,,1,1,0,2,1967
100267,22,18-24,Male,Urban,Phone,0,M100267,H100267,,Telematics,484,Core,351,,,1,1,0,2,835
100275,50,45-54,Female,Rural,Phone,1,M100275,H100275,,Comprehensive,878,Core,467,,,1,1,0,2,1345
100277,56,55-64,Male,Rural,SMS,3,M100277,H100277,,Comprehensive,377,Family,1474,,,1,1,0,2,1851
100280,52,45-54,Male,Rural,Email,0,M100280,H100280,,Comprehensive,349,Core,1110,,,1,1,0,2,1459
100281,68,65+,Female,Urban,SMS,2,M100281,H100281,,Comprehensive,1194,Family,1578,,,1,1,0,2,2772
100284,24,18-24,Male,Urban,Email,0,M100284,H100284,,Comprehensive,572,Core,997,,,1,1,0,2,1569
100286,22,18-24,Female,Rural,Phone,0,M100286,H100286,,Third Party,738,Enhanced,1701,,,1,1,0,2,2439
100300,48,45-54,Male,Urban,Phone,1,M100300,H100300,,Comprehensive,492,Core,1668,,,1,1,0,2,2160
100305,54,45-54,Female,Rural,Email,0,M100305,H100305,,Third Party,859,Core,1558,,,1,1,0,2,2417
100307,20,18-24,Male,Urban,Email,0,M100307,H100307,,Comprehensive,1239,Core,1670,,,1,1,0,2,2909
100310,28,25-34,Male,Urban,Email,2,M100310,H100310,,Comprehensive,556,Family,894,,,1,1,0,2,1450
100317,58,55-64,Female,Rural,Email,2,M100317,H100317,,Comprehensive,636,Core,833,,,1,1,0,2,1469
100318,53,45-54,Male,Urban,Email,3,M100318,H100318,,Comprehensive,1178,Enhanced,1360,,,1,1,0,2,2538
100324,49,45-54,Female,Urban,Phone,2,M100324,H100324,,Comprehensive,473,Core,1582,,,1,1,0,2,2055
100326,46,45-54,Female,Urban,SMS,0,M100326,H100326,,Comprehensive,682,Core,437,,,1,1,0,2,1119
100331,19,18-24,Female,Rural,Email,0,M100331,H100331,,Comprehensive,1249,Family,472,,,1,1,0,2,1721
100337,24,18-24,Female,Urban,Email,0,M100337,H100337,,Third Party,747,Enhanced,438,,,1,1,0,2,1185
100342,20,18-24,Male,Urban,Email,1,M100342,H100342,,Comprehensive,679,Enhanced,710,,,1,1,0,2,1389
100344,22,18-24,Female,Urban,Phone,0,M100344,H100344,,Third Party,843,Family,396,,,1,1,0,2,1239
100351,48,45-54,Female,Rural,Email,0,M100351,H100351,,Comprehensive,379,Family,1539,,,1,1,0,2,1918
100362,46,45-54,Male,Urban,Phone,1,M100362,H100362,,Telematics,1167,Core,1808,,,1,1,0,2,2975
100365,42,35-44,Male,Urban,Phone,0,M100365,H100365,,Third Party,986,Enhanced,1582,,,1,1,0,2,2568
100370,52,45-54,Female,Urban,SMS,0,M100370,H100370,,Telematics,787,Family,1261,,,1,1,0,2,2048
100371,24,18-24,Female,Urban,Email,0,M100371,H100371,,Comprehensive,949,Core,852,,,1,1,0,2,1801
100372,19,18-24,Female,Urban,Email,0,M100372,H100372,,Comprehensive,848,Core,450,,,1,1,0,2,1298
100375,52,45-54,Female,Rural,Email,0,M100375,H100375,,Comprehensive,645,Enhanced,710,,,1,1,0,2,1355
100378,23,18-24,Male,Rural,Phone,0,M100378,H100378,,Comprehensive,823,Core,869,,,1,1,0,2,1692
100379,19,18-24,Male,Urban,Email,0,M100379,H100379,,Comprehensive,1000,Core,880,,,1,1,0,2,1880
100380,47,45-54,Male,Rural,Phone,1,M100380,H100380,,Third Party,516,Core,1636,,,1,1,0,2,2152
100381,46,45-54,Male,Urban,Email,0,M100381,H100381,,Comprehensive,792,Family,643,,,1,1,0,2,1435
100391,49,45-54,Male,Urban,SMS,3,M100391,H100391,,Telematics,673,Family,1782,,,1,1,0,2,2455
100393,44,35-44,Male,Rural,Email,2,M100393,H100393,,Comprehensive,410,Core,1522,,,1,1,0,2,1932
100396,19,18-24,Male,Urban,SMS,0,M100396,H100396,,Telematics,438,Family,1254,,,1,1,0,2,1692
100398,29,25-34,Male,Rural,Email,0,M100398,H100398,,Third Party,1054,Family,1374,,,1,1,0,2,2428
100399,47,45-54,Female,Urban,Phone,0,M100399,H100399,,Comprehensive,489,Enhanced,377,,,1,1,0,2,866
100402,19,18-24,Male,Rural,Email,0,M100402,H100402,,Third Party,983,Core,1236,,,1,1,0,2,2219
100405,23,18-24,Female,Rural,SMS,0,M100405,H100405,,Comprehensive,356,Enhanced,1347,,,1,1,0,2,1703
100411,53,45-54,Female,Urban,Email,0,M100411,H100411,,Comprehensive,544,Enhanced,1489,,,1,1,0,2,2033
100416,45,45-54,Male,Rural,Email,1,M100416,H100416,,Comprehensive,901,Core,460,,,1,1,0,2,1361
100419,24,18-24,Female,Urban,Email,0,M100419,H100419,,Third Party,333,Enhanced,1751,,,1,1,0,2,2084
100426,34,25-34,Male,Rural,Phone,2,M100426,H100426,,Comprehensive,1228,Family,820,,,1,1,0,2,2048
100427,30,25-34,Female,Rural,Email,2,M100427,H100427,,Comprehensive,629,Family,433,,,1,1,0,2,1062
100434,33,25-34,Male,Rural,Email,0,M100434,H100434,,Comprehensive,441,Family,1340,,,1,1,0,2,1781
100438,70,65+,Male,Urban,Phone,0,M100438,H100438,,Telematics,692,Enhanced,1442,,,1,1,0,2,2134
100440,22,18-24,Female,Urban,Email,0,M100440,H100440,,Telematics,697,Core,1615,,,1,1,0,2,2312
100442,19,18-24,Female,Urban,SMS,0,M100442,H100442,,Comprehensive,1055,Enhanced,818,,,1,1,0,2,1873
100454,20,18-24,Male,Rural,SMS,0,M100454,H100454,,Comprehensive,827,Core,1249,,,1,1,0,2,2076
100458,58,55-64,Female,Rural,Email,0,M100458,H100458,,Third Party,475,Family,1389,,,1,1,0,2,1864
100459,53,45-54,Male,Rural,Email,0,M100459,H100459,,Comprehensive,397,Core,1626,,,1,1,0,2,2023
100460,49,45-54,Female,Rural,Phone,1,M100460,H100460,,Third Party,363,Enhanced,759,,,1,1,0,2,1122
100461,53,45-54,Female,Rural,Email,0,M100461,H100461,,Comprehensive,1017,Enhanced,1560,,,1,1,0,2,2577
100469,24,18-24,Female,Rural,Phone,0,M100469,H100469,,Comprehensive,442,Core,1564,,,1,1,0,2,2006
100470,18,18-24,Female,Urban,Email,0,M100470,H100470,,Comprehensive,622,Enhanced,551,,,1,1,0,2,1173
100475,49,45-54,Non-binary,Urban,Phone,1,M100475,H100475,,Comprehensive,1232,Enhanced,494,,,1,1,0,2,1726
100480,47,45-54,Male,Urban,Phone,2,M100480,H100480,,Comprehensive,482,Family,740,,,1,1,0,2,1222
100484,46,45-54,Male,Rural,Phone,0,M100484,H100484,,Comprehensive,658,Core,1642,,,1,1,0,2,2300
100487,20,18-24,Male,Urban,SMS,0,M100487,H100487,,Telematics,716,Core,1206,,,1,1,0,2,1922
100490,23,18-24,Male,Urban,SMS,0,M100490,H100490,,Third Party,1003,Family,1405,,,1,1,0,2,2408
100492,45,45-54,Female,Rural,Email,1,M100492,H100492,,Third Party,734,Core,1455,,,1,1,0,2,2189
100493,23,18-24,Female,Urban,Email,0,M100493,H100493,,Comprehensive,918,Enhanced,812,,,1,1,0,2,1730
100498,58,55-64,Male,Urban,Phone,0,M100498,H100498,,Telematics,558,Core,1515,,,1,1,0,2,2073
100499,58,55-64,Female,Urban,Phone,0,M100499,H100499,,Comprehensive,548,Core,812,,,1,1,0,2,1360
100500,52,45-54,Female,Urban,Email,3,M100500,H100500,,Third Party,1214,Core,739,,,1,1,0,2,1953
100504,51,45-54,Female,Rural,Phone,0,M100504,H100504,,Telematics,1064,Family,799,,,1,1,0,2,1863
100506,21,18-24,Male,Urban,Email,0,M100506,H100506,,Comprehensive,975,Core,447,,,1,1,0,2,1422
100510,54,45-54,Female,Rural,Phone,0,M100510,H100510,,Third Party,951,Enhanced,1288,,,1,1,0,2,2239
100512,50,45-54,Male,Rural,SMS,0,M100512,H100512,,Comprehensive,474,Family,636,,,1,1,0,2,1110
100513,54,45-54,Male,Rural,Email,1,M100513,H100513,,Comprehensive,581,Family,1139,,,1,1,0,2,1720
100514,43,35-44,Male,Urban,SMS,1,M100514,H100514,,Third Party,1179,Enhanced,904,,,1,1,0,2,2083
100516,52,45-54,Female,Urban,SMS,1,M100516,H100516,,Comprehensive,1046,Enhanced,877,,,1,1,0,2,1923
100521,21,18-24,Male,Urban,SMS,0,M100521,H100521,,Third Party,765,Core,1475,,,1,1,0,2,2240
100522,36,35-44,Female,Urban,Email,3,M100522,H100522,,Comprehensive,519,Family,1478,,,1,1,0,2,1997
100531,20,18-24,Male,Urban,Email,0,M100531,H100531,,Comprehensive,778,Core,1326,,,1,1,0,2,2104
100541,29,25-34,Male,Urban,Email,1,M100541,H100541,,Telematics,658,Family,1166,,,1,1,0,2,1824
100544,45,45-54,Female,Rural,Phone,1,M100544,H100544,,Third Party,778,Core,1330,,,1,1,0,2,2108
100545,46,45-54,Male,Urban,Email,2,M100545,H100545,,Third Party,837,Core,952,,,1,1,0,2,1789
100554,48,45-54,Female,Urban,Email,0,M100554,H100554,,Comprehensive,292,Enhanced,1169,,,1,1,0,2,1461
100564,20,18-24,Male,Rural,Email,0,M100564,H100564,,Comprehensive,838,Enhanced,557,,,1,1,0,2,1395
100566,47,45-54,Male,Rural,Phone,2,M100566,H100566,,Third Party,1212,Core,1452,,,1,1,0,2,2664
100571,48,45-54,Female,Urban,Email,0,M100571,H100571,,Comprehensive,1054,Family,442,,,1,1,0,2,1496
100577,24,18-24,Female,Urban,Email,0,M100577,H100577,,Third Party,812,Family,1093,,,1,1,0,2,1905
100579,51,45-54,Female,Urban,Email,0,M100579,H100579,,Telematics,786,Core,1632,,,1,1,0,2,2418
100580,69,65+,Female,Rural,Phone,0,M100580,H100580,,Third Party,1064,Family,1438,,,1,1,0,2,2502
100594,52,45-54,Male,Rural,Phone,1,M100594,H100594,,Comprehensive,445,Core,893,,,1,1,0,2,1338
100601,19,18-24,Female,Rural,Phone,0,M100601,H100601,,Comprehensive,692,Family,1540,,,1,1,0,2,2232
100602,22,18-24,Male,Urban,Email,0,M100602,H100602,,Third Party,1175,Core,1445,,,1,1,0,2,2620
100605,45,45-54,Male,Urban,Email,0,M100605,H100605,,Comprehensive,460,Core,1393,,,1,1,0,2,1853
100607,48,45-54,Male,Rural,SMS,1,M100607,H100607,,Comprehensive,282,Enhanced,1360,,,1,1,0,2,1642
100618,50,45-54,Non-binary,Urban,Email,0,M100618,H100618,,Third Party,1079,Enhanced,416,,,1,1,0,2,1495
100622,19,18-24,Male,Urban,SMS,0,M100622,H100622,,Comprehensive,1014,Core,1709,,,1,1,0,2,2723
100624,31,25-34,Male,Rural,Email,3,M100624,H100624,,Telematics,511,Enhanced,1457,,,1,1,0,2,1968
100629,24,18-24,Male,Rural,Email,0,M100629,H100629,,Third Party,1045,Enhanced,1768,,,1,1,0,2,2813
100633,30,25-34,Male,Rural,Phone,2,M100633,H100633,,Telematics,754,Core,1333,,,1,1,0,2,2087
100635,53,45-54,Male,Urban,Phone,2,M100635,H100635,,Comprehensive,537,Family,1074,,,1,1,0,2,1611
100639,53,45-54,Female,Urban,Phone,1,M100639,H100639,,Comprehensive,356,Family,962,,,1,1,0,2,1318
100644,56,55-64,Female,Rural,Phone,1,M100644,H100644,,Telematics,690,Enhanced,938,,,1,1,0,2,1628
100655,22,18-24,Female,Urban,Email,0,M100655,H100655,,Comprehensive,827,Family,1774,,,1,1,0,2,2601
100659,47,45-54,Male,Urban,Email,1,M100659,H100659,,Third Party,674,Enhanced,623,,,1,1,0,2,1297
100661,43,35-44,Female,Urban,Phone,1,M100661,H100661,,Third Party,982,Core,857,,,1,1,0,2,1839
100663,52,45-54,Female,Urban,Email,2,M100663,H100663,,Third Party,507,Core,1175,,,1,1,0,2,1682
100665,54,45-54,Female,Rural,Email,0,M100665,H100665,,Comprehensive,908,Core,1194,,,1,1,0,2,2102
100671,51,45-54,Male,Rural,Email,0,M100671,H100671,,Third Party,890,Enhanced,871,,,1,1,0,2,1761
100672,48,45-54,Female,Rural,Email,1,M100672,H100672,,Third Party,871,Core,864,,,1,1,0,2,1735
100675,50,45-54,Female,Urban,SMS,2,M100675,H100675,,Comprehensive,640,Core,1670,,,1,1,0,2,2310
100679,21,18-24,Female,Rural,Email,0,M100679,H100679,,Third Party,996,Core,1567,,,1,1,0,2,2563
100685,54,45-54,Male,Rural,Email,3,M100685,H100685,,Third Party,1147,Core,1441,,,1,1,0,2,2588
100687,46,45-54,Female,Urban,SMS,1,M100687,H100687,,Comprehensive,555,Core,864,,,1,1,0,2,1419
100688,37,35-44,Female,Rural,Email,1,M100688,H100688,,Comprehensive,340,Family,686,,,1,1,0,2,1026
100694,49,45-54,Female,Rural,Email,2,M100694,H100694,,Third Party,1067,Core,1441,,,1,1,0,2,2508
100698,63,55-64,Female,Rural,Phone,2,M100698,H100698,,Comprehensive,1247,Family,1408,,,1,1,0,2,2655
100700,67,65+,Male,Rural,SMS,0,M100700,H100700,,Third Party,1026,Enhanced,810,,,1,1,0,2,1836
100708,50,45-54,Female,Urban,Phone,1,M100708,H100708,,Comprehensive,1247,Core,1678,,,1,1,0,2,2925
100711,38,35-44,Female,Rural,Phone,1,M100711,H100711,,Comprehensive,1123,Enhanced,1586,,,1,1,0,2,2709
100712,51,45-54,Female,Urban,Email,1,M100712,H100712,,Comprehensive,581,Core,1154,,,1,1,0,2,1735
100721,24,18-24,Female,Rural,SMS,0,M100721,H100721,,Third Party,1092,Family,479,,,1,1,0,2,1571
100724,18,18-24,Male,Urban,Email,0,M100724,H100724,,Third Party,388,Core,600,,,1,1,0,2,988
100725,52,45-54,Male,Rural,Phone,1,M100725,H100725,,Comprehensive,1212,Enhanced,1662,,,1,1,0,2,2874
100728,53,45-54,Female,Rural,Email,1,M100728,H100728,,Comprehensive,292,Enhanced,1815,,,1,1,0,2,2107
100732,25,25-34,Male,Rural,Email,0,M100732,H100732,,Comprehensive,950,Family,774,,,1,1,0,2,1724
100740,31,25-34,Female,Rural,Phone,1,M100740,H100740,,Telematics,940,Enhanced,1003,,,1,1,0,2,1943
100743,51,45-54,Female,Urban,Email,1,M100743,H100743,,Telematics,327,Family,1028,,,1,1,0,2,1355
100748,54,45-54,Female,Urban,Phone,0,M100748,H100748,,Telematics,1027,Family,1732,,,1,1,0,2,2759
100751,24,18-24,Male,Urban,Email,0,M100751,H100751,,Comprehensive,458,Family,1216,,,1,1,0,2,1674
100754,52,45-54,Male,Urban,Phone,1,M100754,H100754,,Comprehensive,579,Core,931,,,1,1,0,2,1510
100757,25,25-34,Female,Urban,SMS,0,M100757,H100757,,Comprehensive,622,Enhanced,1825,,,1,1,0,2,2447
100761,50,45-54,Male,Urban,Phone,2,M100761,H100761,,Telematics,955,Core,1639,,,1,1,0,2,2594
100763,39,35-44,Male,Urban,Email,1,M100763,H100763,,Comprehensive,521,Core,1219,,,1,1,0,2,1740
100766,52,45-54,Female,Rural,Phone,1,M100766,H100766,,Third Party,1014,Enhanced,923,,,1,1,0,2,1937
100773,46,45-54,Female,Rural,Email,0,M100773,H100773,,Comprehensive,525,Enhanced,1513,,,1,1,0,2,2038
100774,44,35-44,Female,Urban,Phone,1,M100774,H100774,,Comprehensive,1237,Core,714,,,1,1,0,2,1951
100781,20,18-24,Female,Rural,Email,0,M100781,H100781,,Third Party,1178,Enhanced,1407,,,1,1,0,2,2585
100782,22,18-24,Male,Urban,Email,0,M100782,H100782,,Comprehensive,668,Core,1763,,,1,1,0,2,2431
100783,77,65+,Female,Urban,Phone,0,M100783,H100783,,Comprehensive,636,Family,1549,,,1,1,0,2,2185
100784,46,45-54,Female,Rural,SMS,2,M100784,H100784,,Comprehensive,1175,Enhanced,1117,,,1,1,0,2,2292
100786,58,55-64,Male,Urban,Phone,0,M100786,H100786,,Comprehensive,424,Core,1589,,,1,1,0,2,2013
100789,18,18-24,Female,Rural,Email,0,M100789,H100789,,Telematics,308,Core,1569,,,1,1,0,2,1877
100793,21,18-24,Female,Urban,Email,0,M100793,H100793,,Telematics,998,Enhanced,1753,,,1,1,0,2,2751
100796,24,18-24,Male,Urban,SMS,0,M100796,H100796,,Comprehensive,1153,Core,1382,,,1,1,0,2,2535
100797,22,18-24,Male,Urban,Email,0,M100797,H100797,,Comprehensive,1201,Core,1824,,,1,1,0,2,3025
100800,45,45-54,Male,Urban,Phone,1,M100800,H100800,,Comprehensive,489,Core,1463,,,1,1,0,2,1952
100803,48,45-54,Non-binary,Rural,Phone,1,M100803,H100803,,Comprehensive,403,Enhanced,635,,,1,1,0,2,1038
100806,29,25-34,Male,Rural,Email,0,M100806,H100806,,Comprehensive,820,Core,903,,,1,1,0,2,1723
100809,18,18-24,Female,Urban,SMS,0,M100809,H100809,,Telematics,365,Family,705,,,1,1,0,2,1070
100820,52,45-54,Female,Rural,Email,2,M100820,H100820,,Telematics,929,Core,1275,,,1,1,0,2,2204
100823,19,18-24,Male,Urban,SMS,0,M100823,H100823,,Comprehensive,877,Enhanced,1142,,,1,1,0,2,2019
100829,18,18-24,Male,Urban,Email,0,M100829,H100829,,Telematics,940,Core,1726,,,1,1,0,2,2666
100833,48,45-54,Female,Urban,Phone,0,M100833,H100833,,Telematics,515,Core,1096,,,1,1,0,2,1611
100841,18,18-24,Male,Urban,Phone,0,M100841,H100841,,Comprehensive,370,Family,1568,,,1,1,0,2,1938
100844,20,18-24,Non-binary,Urban,SMS,0,M100844,H100844,,Third Party,590,Core,1769,,,1,1,0,2,2359
100850,48,45-54,Male,Urban,Email,2,M100850,H100850,,Third Party,1192,Enhanced,1336,,,1,1,0,2,2528
100851,54,45-54,Male,Urban,Email,2,M100851,H100851,,Third Party,1141,Enhanced,1483,,,1,1,0,2,2624
100859,48,45-54,Female,Urban,Phone,0,M100859,H100859,,Comprehensive,1082,Enhanced,1621,,,1,1,0,2,2703
100861,26,25-34,Male,Rural,SMS,0,M100861,H100861,,Telematics,1128,Core,1491,,,1,1,0,2,2619
100866,19,18-24,Male,Rural,SMS,0,M100866,H100866,,Comprehensive,891,Enhanced,754,,,1,1,0,2,1645
100867,18,18-24,Male,Urban,SMS,0,M100867,H100867,,Third Party,425,Core,1644,,,1,1,0,2,2069
100869,21,18-24,Female,Rural,Email,1,M100869,H100869,,Comprehensive,712,Enhanced,1136,,,1,1,0,2,1848
100870,48,45-54,Male,Urban,Phone,3,M100870,H100870,,Comprehensive,854,Core,1591,,,1,1,0,2,2445
100875,64,55-64,Female,Urban,Phone,1,M100875,H100875,,Comprehensive,1056,Enhanced,1706,,,1,1,0,2,2762
100885,18,18-24,Female,Urban,Phone,1,M100885,H100885,,Comprehensive,890,Enhanced,388,,,1,1,0,2,1278
100888,47,45-54,Male,Urban,Email,1,M100888,H100888,,Telematics,948,Family,1692,,,1,1,0,2,2640
100898,48,45-54,Female,Rural,SMS,1,M100898,H100898,,Comprehensive,1241,Enhanced,662,,,1,1,0,2,1903
100904,46,45-54,Female,Urban,Phone,0,M100904,H100904,,Third Party,687,Core,1735,,,1,1,0,2,2422
100906,55,55-64,Male,Rural,Phone,0,M100906,H100906,,Comprehensive,1050,Core,918,,,1,1,0,2,1968
100911,51,45-54,Male,Rural,Phone,0,M100911,H100911,,Comprehensive,1181,Core,561,,,1,1,0,2,1742
100914,59,55-64,Male,Urban,Phone,1,M100914,H100914,,Comprehensive,851,Family,636,,,1,1,0,2,1487
100931,48,45-54,Male,Rural,Email,2,M100931,H100931,,Comprehensive,1059,Core,688,,,1,1,0,2,1747
100937,24,18-24,Male,Rural,SMS,0,M100937,H100937,,Comprehensive,930,Enhanced,1664,,,1,1,0,2,2594
100941,49,45-54,Female,Urban,Email,1,M100941,H100941,,Comprehensive,523,Enhanced,1526,,,1,1,0,2,2049
100947,18,18-24,Female,Rural,Email,0,M100947,H100947,,Comprehensive,299,Core,1381,,,1,1,0,2,1680
100948,77,65+,Male,Urban,Phone,2,M100948,H100948,,Third Party,642,Family,1741,,,1,1,0,2,2383
100952,23,18-24,Male,Urban,SMS,0,M100952,H100952,,Telematics,605,Family,1270,,,1,1,0,2,1875
100974,56,55-64,Male,Urban,Phone,3,M100974,H100974,,Telematics,1245,Family,1171,,,1,1,0,2,2416
100975,19,18-24,Female,Urban,Email,0,M100975,H100975,,Comprehensive,402,Core,413,,,1,1,0,2,815
100977,49,45-54,Male,Urban,Phone,1,M100977,H100977,,Comprehensive,745,Core,853,,,1,1,0,2,1598
100979,32,25-34,Female,Rural,Email,0,M100979,H100979,,Comprehensive,996,Core,542,,,1,1,0,2,1538
100986,37,35-44,Female,Rural,Phone,0,M100986,H100986,,Third Party,914,Enhanced,1160,,,1,1,0,2,2074
100992,23,18-24,Female,Urban,Email,0,M100992,H100992,,Comprehensive,811,Enhanced,410,,,1,1,0,2,1221
100994,53,45-54,Female,Rural,Phone,2,M100994,H100994,,Comprehensive,312,Family,1652,,,1,1,0,2,1964
101001,22,18-24,Male,Urban,Email,0,M101001,H101001,,Third Party,703,Family,1037,,,1,1,0,2,1740
101002,54,45-54,Male,Rural,Phone,1,M101002,H101002,,Comprehensive,1007,Core,1539,,,1,1,0,2,2546
101013,47,45-54,Female,Urban,Phone,1,M101013,H101013,,Comprehensive,477,Core,1525,,,1,1,0,2,2002
101016,55,55-64,Female,Rural,Phone,0,M101016,H101016,,Comprehensive,1229,Family,923,,,1,1,0,2,2152
101019,52,45-54,Male,Urban,Phone,2,M101019,H101019,,Comprehensive,673,Enhanced,748,,,1,1,0,2,1421
101020,40,35-44,Male,Urban,Email,1,M101020,H101020,,Third Party,941,Enhanced,1468,,,1,1,0,2,2409
101028,52,45-54,Female,Urban,Phone,3,M101028,H101028,,Third Party,667,Core,1074,,,1,1,0,2,1741
101029,52,45-54,Female,Urban,Email,0,M101029,H101029,,Third Party,633,Core,433,,,1,1,0,2,1066
101032,60,55-64,Male,Rural,Phone,2,M101032,H101032,,Comprehensive,380,Enhanced,1701,,,1,1,0,2,2081
101040,43,35-44,Male,Urban,Phone,2,M101040,H101040,,Comprehensive,1138,Enhanced,1357,,,1,1,0,2,2495
101041,42,35-44,Female,Urban,SMS,1,M101041,H101041,,Comprehensive,1156,Family,1027,,,1,1,0,2,2183
101045,46,45-54,Female,Rural,Phone,0,M101045,H101045,,Third Party,920,Core,952,,,1,1,0,2,1872
101049,18,18-24,Female,Urban,Email,0,M101049,H101049,,Comprehensive,505,Core,1276,,,1,1,0,2,1781
101051,31,25-34,Male,Urban,Email,0,M101051,H101051,,Comprehensive,314,Family,1415,,,1,1,0,2,1729
101052,59,55-64,Male,Urban,Phone,0,M101052,H101052,,Comprehensive,747,Core,814,,,1,1,0,2,1561
101054,52,45-54,Female,Urban,Phone,1,M101054,H101054,,Third Party,885,Core,1075,,,1,1,0,2,1960
101068,51,45-54,Male,Urban,Phone,1,M101068,H101068,,Comprehensive,385,Enhanced,1126,,,1,1,0,2,1511
101071,51,45-54,Female,Urban,Phone,1,M101071,H101071,,Comprehensive,1180,Core,904,,,1,1,0,2,2084
101073,24,18-24,Male,Urban,SMS,0,M101073,H101073,,Comprehensive,370,Enhanced,954,,,1,1,0,2,1324
101076,59,55-64,Female,Rural,Phone,2,M101076,H101076,,Telematics,450,Core,1300,,,1,1,0,2,1750
101077,24,18-24,Male,Rural,SMS,0,M101077,H101077,,Comprehensive,617,Core,540,,,1,1,0,2,1157
101079,49,45-54,Male,Rural,Phone,0,M101079,H101079,,Third Party,699,Core,414,,,1,1,0,2,1113
101080,48,45-54,Male,Urban,Email,0,M101080,H101080,,Comprehensive,1221,Core,896,,,1,1,0,2,2117
101085,38,35-44,Female,Urban,SMS,2,M101085,H101085,,Comprehensive,1009,Family,547,,,1,1,0,2,1556
101090,52,45-54,Male,Rural,Email,0,M101090,H101090,,Comprehensive,1135,Enhanced,953,,,1,1,0,2,2088
101091,52,45-54,Female,Rural,Phone,0,M101091,H101091,,Comprehensive,892,Core,1153,,,1,1,0,2,2045
101102,39,35-44,Female,Rural,Phone,1,M101102,H101102,,Comprehensive,364,Enhanced,1494,,,1,1,0,2,1858
101107,51,45-54,Female,Urban,Phone,1,M101107,H101107,,Third Party,1005,Family,936,,,1,1,0,2,1941
101109,47,45-54,Female,Rural,Phone,2,M101109,H101109,,Comprehensive,865,Family,949,,,1,1,0,2,1814
101116,21,18-24,Female,Urban,Email,0,M101116,H101116,,Third Party,432,Enhanced,642,,,1,1,0,2,1074
101119,51,45-54,Male,Rural,Phone,0,M101119,H101119,,Third Party,747,Core,1187,,,1,1,0,2,1934
101123,20,18-24,Male,Urban,Phone,0,M101123,H101123,,Third Party,528,Family,1692,,,1,1,0,2,2220
101131,50,45-54,Female,Rural,Phone,0,M101131,H101131,,Comprehensive,884,Enhanced,560,,,1,1,0,2,1444
101142,23,18-24,Male,Urban,SMS,1,M101142,H101142,,Third Party,1153,Core,1224,,,1,1,0,2,2377
101143,47,45-54,Female,Rural,Phone,1,M101143,H101143,,Comprehensive,1098,Family,470,,,1,1,0,2,1568
101152,29,25-34,Male,Urban,SMS,0,M101152,H101152,,Comprehensive,354,Core,1221,,,1,1,0,2,1575
101155,21,18-24,Male,Rural,Email,0,M101155,H101155,,Comprehensive,306,Family,1148,,,1,1,0,2,1454
101157,18,18-24,Female,Rural,Phone,1,M101157,H101157,,Comprehensive,880,Family,830,,,1,1,0,2,1710
101158,59,55-64,Female,Urban,Phone,3,M101158,H101158,,Telematics,876,Family,875,,,1,1,0,2,1751
101164,24,18-24,Female,Rural,SMS,0,M101164,H101164,,Third Party,463,Core,631,,,1,1,0,2,1094
101166,50,45-54,Female,Urban,Phone,1,M101166,H101166,,Third Party,1077,Family,794,,,1,1,0,2,1871
101170,50,45-54,Female,Urban,Phone,0,M101170,H101170,,Comprehensive,572,Core,1130,,,1,1,0,2,1702
101171,19,18-24,Female,Urban,Email,0,M101171,H101171,,Comprehensive,1125,Enhanced,453,,,1,1,0,2,1578
101173,20,18-24,Female,Rural,SMS,0,M101173,H101173,,Comprehensive,280,Enhanced,1582,,,1,1,0,2,1862
101174,20,18-24,Male,Urban,Phone,0,M101174,H101174,,Comprehensive,1082,Core,1219,,,1,1,0,2,2301
101176,76,65+,Female,Rural,Phone,1,M101176,H101176,,Comprehensive,603,Family,1629,,,1,1,0,2,2232
101179,53,45-54,Male,Urban,SMS,1,M101179,H101179,,Comprehensive,836,Enhanced,908,,,1,1,0,2,1744
101183,18,18-24,Female,Urban,Email,0,M101183,H101183,,Third Party,869,Core,1031,,,1,1,0,2,1900
101185,46,45-54,Male,Urban,Phone,2,M101185,H101185,,Third Party,285,Core,638,,,1,1,0,2,923
101186,34,25-34,Female,Urban,Email,2,M101186,H101186,,Comprehensive,573,Core,1371,,,1,1,0,2,1944
101187,21,18-24,Female,Rural,Email,0,M101187,H101187,,Third Party,1033,Core,894,,,1,1,0,2,1927
101188,54,45-54,Male,Urban,Email,0,M101188,H101188,,Comprehensive,615,Enhanced,582,,,1,1,0,2,1197
101197,54,45-54,Female,Rural,Phone,1,M101197,H101197,,Comprehensive,908,Family,726,,,1,1,0,2,1634
101201,21,18-24,Female,Rural,Email,0,M101201,H101201,,Third Party,445,Enhanced,575,,,1,1,0,2,1020
101206,21,18-24,Female,Urban,Email,0,M101206,H101206,,Comprehensive,898,Enhanced,1701,,,1,1,0,2,2599
101207,50,45-54,Male,Urban,Phone,2,M101207,H101207,,Third Party,1150,Core,955,,,1,1,0,2,2105
101211,48,45-54,Male,Rural,SMS,2,M101211,H101211,,Third Party,1154,Family,1058,,,1,1,0,2,2212
101215,51,45-54,Male,Urban,Email,2,M101215,H101215,,Third Party,328,Enhanced,1172,,,1,1,0,2,1500
101218,54,45-54,Female,Urban,Email,2,M101218,H101218,,Third Party,1156,Core,620,,,1,1,0,2,1776
101219,31,25-34,Female,Rural,Email,1,M101219,H101219,,Comprehensive,441,Family,1339,,,1,1,0,2,1780
101221,52,45-54,Male,Urban,Phone,1,M101221,H101221,,Telematics,802,Family,1720,,,1,1,0,2,2522
101224,30,25-34,Female,Urban,Email,0,M101224,H101224,,Comprehensive,532,Family,1491,,,1,1,0,2,2023
101230,18,18-24,Female,Urban,SMS,0,M101230,H101230,,Comprehensive,1041,Family,598,,,1,1,0,2,1639
101233,21,18-24,Male,Urban,Email,1,M101233,H101233,,Comprehensive,340,Core,1682,,,1,1,0,2,2022
101249,45,45-54,Female,Urban,Email,1,M101249,H101249,,Third Party,1063,Enhanced,1059,,,1,1,0,2,2122
101251,54,45-54,Male,Urban,Phone,1,M101251,H101251,,Third Party,525,Enhanced,797,,,1,1,0,2,1322
101253,47,45-54,Male,Urban,Phone,1,M101253,H101253,,Third Party,1208,Core,387,,,1,1,0,2,1595
101256,47,45-54,Male,Urban,Email,1,M101256,H101256,,Third Party,356,Core,1225,,,1,1,0,2,1581
101260,52,45-54,Male,Rural,Email,1,M101260,H101260,,Telematics,968,Enhanced,659,,,1,1,0,2,1627
101261,23,18-24,Female,Rural,Phone,0,M101261,H101261,,Telematics,872,Family,1298,,,1,1,0,2,2170
101266,18,18-24,Male,Urban,Email,0,M101266,H101266,,Third Party,605,Family,1455,,,1,1,0,2,2060
101268,35,35-44,Male,Urban,SMS,0,M101268,H101268,,Comprehensive,905,Family,1468,,,1,1,0,2,2373
101270,48,45-54,Female,Urban,SMS,1,M101270,H101270,,Comprehensive,1048,Core,522,,,1,1,0,2,1570
101273,57,55-64,Male,Urban,Email,0,M101273,H101273,,Comprehensive,1245,Family,970,,,1,1,0,2,2215
101274,48,45-54,Male,Rural,Phone,2,M101274,H101274,,Comprehensive,715,Family,1188,,,1,1,0,2,1903
101275,52,45-54,Female,Urban,SMS,3,M101275,H101275,,Comprehensive,1013,Core,1336,,,1,1,0,2,2349
101285,49,45-54,Male,Rural,Email,1,M101285,H101285,,Comprehensive,561,Family,1261,,,1,1,0,2,1822
101296,58,55-64,Female,Rural,Phone,4,M101296,H101296,,Comprehensive,859,Core,794,,,1,1,0,2,1653
101301,47,45-54,Male,Urban,Email,2,M101301,H101301,,Third Party,294,Core,1766,,,1,1,0,2,2060
101302,46,45-54,Male,Urban,Email,1,M101302,H101302,,Comprehensive,1109,Core,984,,,1,1,0,2,2093
101303,22,18-24,Female,Urban,SMS,0,M101303,H101303,,Comprehensive,621,Family,1370,,,1,1,0,2,1991
101304,45,45-54,Female,Urban,Email,2,M101304,H101304,,Third Party,1082,Core,1197,,,1,1,0,2,2279
101305,48,45-54,Male,Rural,Email,1,M101305,H101305,,Comprehensive,858,Enhanced,1032,,,1,1,0,2,1890
101313,22,18-24,Female,Urban,Email,0,M101313,H101313,,Comprehensive,528,Family,585,,,1,1,0,2,1113
101315,53,45-54,Female,Urban,Phone,2,M101315,H101315,,Third Party,1110,Enhanced,1787,,,1,1,0,2,2897
101316,54,45-54,Male,Rural,Email,0,M101316,H101316,,Comprehensive,981,Core,1631,,,1,1,0,2,2612
101318,47,45-54,Male,Urban,Email,1,M101318,H101318,,Comprehensive,675,Core,1331,,,1,1,0,2,2006
101320,48,45-54,Male,Rural,Email,1,M101320,H101320,,Telematics,461,Enhanced,1789,,,1,1,0,2,2250
101321,51,45-54,Male,Rural,Email,3,M101321,H101321,,Comprehensive,387,Family,1665,,,1,1,0,2,2052
101323,19,18-24,Male,Urban,SMS,1,M101323,H101323,,Comprehensive,670,Core,1272,,,1,1,0,2,1942
101327,45,45-54,Male,Urban,Phone,0,M101327,H101327,,Third Party,489,Enhanced,1323,,,1,1,0,2,1812
101336,53,45-54,Female,Rural,Email,0,M101336,H101336,,Third Party,390,Core,880,,,1,1,0,2,1270
101338,18,18-24,Female,Urban,Email,0,M101338,H101338,,Third Party,1177,Family,1695,,,1,1,0,2,2872
101347,18,18-24,Female,Rural,SMS,0,M101347,H101347,,Comprehensive,1068,Family,702,,,1,1,0,2,1770
101348,54,45-54,Male,Urban,Email,0,M101348,H101348,,Comprehensive,378,Family,940,,,1,1,0,2,1318
101350,45,45-54,Female,Urban,Email,1,M101350,H101350,,Comprehensive,1211,Core,651,,,1,1,0,2,1862
101355,44,35-44,Female,Rural,Phone,2,M101355,H101355,,Comprehensive,1212,Core,1271,,,1,1,0,2,2483
101357,50,45-54,Female,Urban,Phone,0,M101357,H101357,,Third Party,637,Core,1146,,,1,1,0,2,1783
101358,64,55-64,Male,Rural,Email,2,M101358,H101358,,Comprehensive,883,Family,598,,,1,1,0,2,1481
101361,23,18-24,Male,Rural,Phone,0,M101361,H101361,,Telematics,548,Family,1606,,,1,1,0,2,2154
101362,45,45-54,Male,Rural,Phone,1,M101362,H101362,,Comprehensive,1168,Family,714,,,1,1,0,2,1882
101363,53,45-54,Male,Urban,Email,0,M101363,H101363,,Third Party,1247,Family,514,,,1,1,0,2,1761
101370,46,45-54,Male,Urban,Email,2,M101370,H101370,,Third Party,442,Core,611,,,1,1,0,2,1053
101379,51,45-54,Female,Urban,SMS,2,M101379,H101379,,Third Party,519,Enhanced,849,,,1,1,0,2,1368
101381,52,45-54,Male,Urban,Email,2,M101381,H101381,,Comprehensive,410,Enhanced,1423,,,1,1,0,2,1833
101385,45,45-54,Male,Urban,Email,0,M101385,H101385,,Third Party,340,Core,520,,,1,1,0,2,860
101390,23,18-24,Female,Urban,Phone,0,M101390,H101390,,Telematics,739,Family,763,,,1,1,0,2,1502
101392,53,45-54,Male,Urban,Phone,0,M101392,H101392,,Comprehensive,614,Core,1691,,,1,1,0,2,2305
101395,24,18-24,Male,Rural,SMS,0,M101395,H101395,,Comprehensive,1091,Core,1149,,,1,1,0,2,2240
101398,47,45-54,Female,Urban,SMS,1,M101398,H101398,,Third Party,316,Enhanced,951,,,1,1,0,2,1267
101402,49,45-54,Male,Urban,Email,1,M101402,H101402,,Comprehensive,358,Enhanced,1591,,,1,1,0,2,1949
101408,24,18-24,Male,Urban,SMS,0,M101408,H101408,,Comprehensive,550,Core,1366,,,1,1,0,2,1916
101409,18,18-24,Female,Rural,Email,0,M101409,H101409,,Third Party,855,Family,1711,,,1,1,0,2,2566
101416,54,45-54,Female,Urban,Phone,0,M101416,H101416,,Third Party,1213,Core,538,,,1,1,0,2,1751
101423,23,18-24,Male,Rural,Phone,0,M101423,H101423,,Comprehensive,531,Family,1473,,,1,1,0,2,2004
101426,52,45-54,Female,Rural,SMS,0,M101426,H101426,,Telematics,361,Enhanced,1829,,,1,1,0,2,2190
101429,45,45-54,Female,Rural,Phone,1,M101429,H101429,,Comprehensive,515,Enhanced,1456,,,1,1,0,2,1971
101430,51,45-54,Male,Urban,Email,1,M101430,H101430,,Comprehensive,878,Core,975,,,1,1,0,2,1853
101434,49,45-54,Male,Rural,Email,0,M101434,H101434,,Third Party,675,Enhanced,1545,,,1,1,0,2,2220
101438,27,25-34,Female,Urban,Email,0,M101438,H101438,,Comprehensive,878,Family,1072,,,1,1,0,2,1950
101439,21,18-24,Male,Urban,SMS,0,M101439,H101439,,Comprehensive,686,Family,758,,,1,1,0,2,1444
101441,46,45-54,Female,Rural,Email,1,M101441,H101441,,Third Party,551,Core,1781,,,1,1,0,2,2332
101446,58,55-64,Male,Rural,Email,0,M101446,H101446,,Third Party,1034,Core,899,,,1,1,0,2,1933
101447,20,18-24,Female,Rural,Email,0,M101447,H101447,,Telematics,1025,Enhanced,1198,,,1,1,0,2,2223
101452,46,45-54,Female,Rural,Phone,1,M101452,H101452,,Comprehensive,956,Core,378,,,1,1,0,2,1334
101456,45,45-54,Male,Urban,Phone,3,M101456,H101456,,Comprehensive,885,Core,1086,,,1,1,0,2,1971
101462,18,18-24,Female,Urban,SMS,0,M101462,H101462,,Comprehensive,1089,Family,503,,,1,1,0,2,1592
101463,20,18-24,Male,Rural,Email,1,M101463,H101463,,Comprehensive,1244,Core,1309,,,1,1,0,2,2553
101464,43,35-44,Male,Urban,Email,1,M101464,H101464,,Comprehensive,962,Enhanced,1000,,,1,1,0,2,1962
101465,49,45-54,Male,Urban,Phone,0,M101465,H101465,,Comprehensive,669,Family,900,,,1,1,0,2,1569
101471,22,18-24,Male,Urban,SMS,0,M101471,H101471,,Third Party,532,Enhanced,1354,,,1,1,0,2,1886
101473,20,18-24,Non-binary,Urban,Email,0,M101473,H101473,,Comprehensive,774,Core,1160,,,1,1,0,2,1934
101479,23,18-24,Female,Rural,Phone,0,M101479,H101479,,Third Party,1165,Core,1692,,,1,1,0,2,2857
101482,50,45-54,Female,Urban,Email,0,M101482,H101482,,Comprehensive,775,Enhanced,445,,,1,1,0,2,1220
101486,45,45-54,Female,Urban,SMS,1,M101486,H101486,,Telematics,1116,Core,1596,,,1,1,0,2,2712
101487,52,45-54,Female,Rural,Phone,2,M101487,H101487,,Third Party,332,Core,440,,,1,1,0,2,772
101490,69,65+,Male,Urban,Phone,0,M101490,H101490,,Third Party,972,Enhanced,1427,,,1,1,0,2,2399
101502,20,18-24,Female,Rural,SMS,0,M101502,H101502,,Third Party,500,Enhanced,1711,,,1,1,0,2,2211
101515,47,45-54,Female,Rural,Phone,1,M101515,H101515,,Comprehensive,470,Core,1778,,,1,1,0,2,2248
101517,57,55-64,Female,Urban,Phone,2,M101517,H101517,,Third Party,1034,Enhanced,528,,,1,1,0,2,1562
101524,21,18-24,Male,Urban,Email,0,M101524,H101524,,Third Party,1133,Family,547,,,1,1,0,2,1680
101527,46,45-54,Male,Urban,Email,1,M101527,H101527,,Third Party,1006,Family,1460,,,1,1,0,2,2466
101540,48,45-54,Male,Rural,Phone,0,M101540,H101540,,Third Party,740,Core,854,,,1,1,0,2,1594
101543,51,45-54,Female,Rural,Email,1,M101543,H101543,,Third Party,1062,Core,1707,,,1,1,0,2,2769
101547,47,45-54,Female,Urban,Email,3,M101547,H101547,,Third Party,716,Core,1642,,,1,1,0,2,2358
101549,52,45-54,Male,Rural,Phone,1,M101549,H101549,,Third Party,918,Family,440,,,1,1,0,2,1358
101554,49,45-54,Female,Rural,Email,1,M101554,H101554,,Comprehensive,1171,Family,763,,,1,1,0,2,1934
101556,21,18-24,Female,Urban,Email,0,M101556,H101556,,Comprehensive,1160,Core,1324,,,1,1,0,2,2484
101558,19,18-24,Male,Rural,Phone,0,M101558,H101558,,Third Party,350,Core,1216,,,1,1,0,2,1566
101560,54,45-54,Male,Urban,Email,0,M101560,H101560,,Third Party,1169,Enhanced,1751,,,1,1,0,2,2920
101561,19,18-24,Male,Urban,SMS,0,M101561,H101561,,Telematics,1135,Core,1756,,,1,1,0,2,2891
101562,54,45-54,Female,Urban,Email,6,M101562,H101562,,Comprehensive,456,Core,1575,,,1,1,0,2,2031
101567,22,18-24,Female,Urban,SMS,0,M101567,H101567,,Comprehensive,703,Enhanced,893,,,1,1,0,2,1596
101569,30,25-34,Male,Rural,Email,2,M101569,H101569,,Comprehensive,784,Enhanced,1491,,,1,1,0,2,2275
101571,50,45-54,Male,Rural,Email,2,M101571,H101571,,Comprehensive,601,Core,1105,,,1,1,0,2,1706
101572,53,45-54,Female,Urban,Email,2,M101572,H101572,,Comprehensive,389,Enhanced,1564,,,1,1,0,2,1953
101576,53,45-54,Female,Urban,Phone,0,M101576,H101576,,Comprehensive,1013,Enhanced,1577,,,1,1,0,2,2590
101578,21,18-24,Male,Rural,SMS,0,M101578,H101578,,Third Party,709,Core,1326,,,1,1,0,2,2035
101584,20,18-24,Female,Rural,SMS,0,M101584,H101584,,Telematics,526,Enhanced,528,,,1,1,0,2,1054
101591,24,18-24,Male,Urban,Email,0,M101591,H101591,,Third Party,958,Enhanced,778,,,1,1,0,2,1736
101593,48,45-54,Female,Rural,Phone,2,M101593,H101593,,Comprehensive,484,Core,1634,,,1,1,0,2,2118
101602,18,18-24,Female,Urban,Email,0,M101602,H101602,,Third Party,733,Family,1314,,,1,1,0,2,2047
101603,47,45-54,Male,Rural,Phone,2,M101603,H101603,,Comprehensive,495,Family,1657,,,1,1,0,2,2152
101607,45,45-54,Female,Urban,Phone,0,M101607,H101607,,Comprehensive,588,Enhanced,1597,,,1,1,0,2,2185
101627,20,18-24,Male,Rural,Email,0,M101627,H101627,,Comprehensive,299,Family,1266,,,1,1,0,2,1565
101633,47,45-54,Male,Urban,Email,1,M101633,H101633,,Telematics,1117,Enhanced,1398,,,1,1,0,2,2515
101635,52,45-54,Male,Rural,Phone,1,M101635,H101635,,Comprehensive,453,Enhanced,1495,,,1,1,0,2,1948
101640,53,45-54,Female,Rural,Phone,0,M101640,H101640,,Comprehensive,635,Family,1553,,,1,1,0,2,2188
101642,52,45-54,Male,Urban,Phone,1,M101642,H101642,,Comprehensive,357,Core,384,,,1,1,0,2,741
101643,29,25-34,Female,Urban,Email,0,M101643,H101643,,Third Party,338,Family,1532,,,1,1,0,2,1870
101645,49,45-54,Male,Rural,Phone,1,M101645,H101645,,Comprehensive,673,Family,1105,,,1,1,0,2,1778
101651,73,65+,Female,Rural,Phone,1,M101651,H101651,,Comprehensive,836,Family,1360,,,1,1,0,2,2196
101654,23,18-24,Female,Rural,Phone,0,M101654,H101654,,Third Party,441,Enhanced,439,,,1,1,0,2,880
101655,54,45-54,Male,Urban,Phone,0,M101655,H101655,,Third Party,507,Enhanced,809,,,1,1,0,2,1316
101659,20,18-24,Male,Rural,Email,0,M101659,H101659,,Third Party,421,Family,895,,,1,1,0,2,1316
101660,47,45-54,Female,Rural,SMS,2,M101660,H101660,,Comprehensive,1012,Enhanced,1710,,,1,1,0,2,2722
101663,48,45-54,Male,Rural,Phone,1,M101663,H101663,,Third Party,745,Core,599,,,1,1,0,2,1344
101666,51,45-54,Female,Urban,Email,0,M101666,H101666,,Comprehensive,329,Core,1285,,,1,1,0,2,1614
101674,53,45-54,Female,Rural,Phone,1,M101674,H101674,,Comprehensive,932,Core,431,,,1,1,0,2,1363
101676,20,18-24,Male,Urban,Phone,1,M101676,H101676,,Third Party,680,Family,505,,,1,1,0,2,1185
101677,50,45-54,Female,Rural,Phone,1,M101677,H101677,,Telematics,757,Core,749,,,1,1,0,2,1506
101678,52,45-54,Male,Rural,Email,2,M101678,H101678,,Third Party,720,Core,1707,,,1,1,0,2,2427
101682,18,18-24,Male,Rural,Email,0,M101682,H101682,,Comprehensive,323,Core,499,,,1,1,0,2,822
101693,37,35-44,Female,Rural,Email,1,M101693,H101693,,Comprehensive,630,Enhanced,747,,,1,1,0,2,1377
101695,22,18-24,Male,Urban,SMS,0,M101695,H101695,,Comprehensive,685,Family,1132,,,1,1,0,2,1817
101698,50,45-54,Male,Urban,Phone,1,M101698,H101698,,Third Party,416,Family,1325,,,1,1,0,2,1741
101699,53,45-54,Male,Urban,Email,1,M101699,H101699,,Comprehensive,1201,Core,1443,,,1,1,0,2,2644
101703,21,18-24,Female,Rural,SMS,0,M101703,H101703,,Comprehensive,305,Core,1087,,,1,1,0,2,1392
101705,21,18-24,Male,Urban,SMS,1,M101705,H101705,,Telematics,1215,Enhanced,1743,,,1,1,0,2,2958
101707,23,18-24,Female,Rural,Email,0,M101707,H101707,,Comprehensive,747,Enhanced,1071,,,1,1,0,2,1818
101708,19,18-24,Male,Urban,SMS,0,M101708,H101708,,Comprehensive,440,Core,362,,,1,1,0,2,802
101710,54,45-54,Female,Rural,Email,0,M101710,H101710,,Third Party,568,Core,1342,,,1,1,0,2,1910
101712,53,45-54,Male,Rural,Phone,0,M101712,H101712,,Third Party,888,Core,358,,,1,1,0,2,1246
101717,50,45-54,Female,Rural,Phone,0,M101717,H101717,,Comprehensive,1202,Enhanced,1773,,,1,1,0,2,2975
101718,46,45-54,Male,Urban,Phone,2,M101718,H101718,,Comprehensive,412,Family,1280,,,1,1,0,2,1692
101721,47,45-54,Male,Rural,Email,2,M101721,H101721,,Comprehensive,557,Enhanced,638,,,1,1,0,2,1195
101724,50,45-54,Female,Urban,SMS,5,M101724,H101724,,Comprehensive,377,Family,463,,,1,1,0,2,840
101730,68,65+,Male,Urban,Phone,1,M101730,H101730,,Third Party,1221,Family,1374,,,1,1,0,2,2595
101738,23,18-24,Male,Urban,Email,0,M101738,H101738,,Comprehensive,784,Core,481,,,1,1,0,2,1265
101742,24,18-24,Male,Rural,Email,0,M101742,H101742,,Third Party,677,Enhanced,1810,,,1,1,0,2,2487
101743,54,45-54,Male,Rural,Email,0,M101743,H101743,,Third Party,353,Family,357,,,1,1,0,2,710
101745,49,45-54,Female,Urban,Email,0,M101745,H101745,,Comprehensive,799,Enhanced,701,,,1,1,0,2,1500
101750,18,18-24,Male,Rural,Email,0,M101750,H101750,,Comprehensive,896,Core,1315,,,1,1,0,2,2211
101753,48,45-54,Male,Urban,SMS,0,M101753,H101753,,Third Party,991,Family,1007,,,1,1,0,2,1998
101756,49,45-54,Female,Urban,Phone,1,M101756,H101756,,Comprehensive,755,Enhanced,1418,,,1,1,0,2,2173
101759,49,45-54,Female,Rural,Email,1,M101759,H101759,,Comprehensive,1220,Core,788,,,1,1,0,2,2008
101762,47,45-54,Male,Urban,SMS,0,M101762,H101762,,Comprehensive,1125,Core,1285,,,1,1,0,2,2410
101766,52,45-54,Female,Rural,Phone,2,M101766,H101766,,Comprehensive,392,Enhanced,1055,,,1,1,0,2,1447
101769,49,45-54,Female,Rural,Phone,2,M101769,H101769,,Comprehensive,815,Core,1047,,,1,1,0,2,1862
101771,78,65+,Male,Urban,Phone,2,M101771,H101771,,Comprehensive,356,Enhanced,1407,,,1,1,0,2,1763
101774,48,45-54,Female,Rural,Phone,3,M101774,H101774,,Comprehensive,620,Core,1380,,,1,1,0,2,2000
101777,49,45-54,Female,Rural,Email,0,M101777,H101777,,Telematics,945,Enhanced,1436,,,1,1,0,2,2381
101778,22,18-24,Male,Urban,Email,0,M101778,H101778,,Comprehensive,1176,Family,1337,,,1,1,0,2,2513
101782,21,18-24,Male,Urban,Email,0,M101782,H101782,,Third Party,676,Enhanced,496,,,1,1,0,2,1172
101784,47,45-54,Male,Rural,Email,1,M101784,H101784,,Comprehensive,1056,Enhanced,872,,,1,1,0,2,1928
101789,63,55-64,Male,Rural,Email,0,M101789,H101789,,Telematics,1119,Enhanced,883,,,1,1,0,2,2002
101790,67,65+,Male,Urban,Phone,1,M101790,H101790,,Comprehensive,622,Core,1401,,,1,1,0,2,2023
101797,65,65+,Female,Urban,Phone,2,M101797,H101797,,Third Party,1116,Family,409,,,1,1,0,2,1525
101798,47,45-54,Female,Rural,SMS,0,M101798,H101798,,Comprehensive,729,Core,581,,,1,1,0,2,1310
101803,18,18-24,Male,Rural,Email,0,M101803,H101803,,Third Party,466,Enhanced,433,,,1,1,0,2,899
101805,54,45-54,Female,Urban,Email,0,M101805,H101805,,Third Party,560,Family,1058,,,1,1,0,2,1618
101812,21,18-24,Male,Rural,Email,0,M101812,H101812,,Comprehensive,656,Family,1380,,,1,1,0,2,2036
101816,22,18-24,Male,Rural,Email,0,M101816,H101816,,Comprehensive,843,Core,1128,,,1,1,0,2,1971
101817,21,18-24,Male,Urban,Email,0,M101817,H101817,,Comprehensive,364,Core,362,,,1,1,0,2,726
101821,20,18-24,Male,Rural,Email,0,M101821,H101821,,Comprehensive,1226,Family,1781,,,1,1,0,2,3007
101830,52,45-54,Female,Urban,Phone,3,M101830,H101830,,Third Party,1013,Family,917,,,1,1,0,2,1930
101834,60,55-64,Female,Urban,Phone,2,M101834,H101834,,Comprehensive,468,Enhanced,1015,,,1,1,0,2,1483
101842,44,35-44,Male,Urban,Email,1,M101842,H101842,,Comprehensive,579,Family,1400,,,1,1,0,2,1979
101857,24,18-24,Male,Urban,Email,0,M101857,H101857,,Comprehensive,783,Enhanced,364,,,1,1,0,2,1147
101864,19,18-24,Male,Urban,Email,0,M101864,H101864,,Third Party,937,Family,684,,,1,1,0,2,1621
101865,19,18-24,Female,Rural,SMS,0,M101865,H101865,,Third Party,413,Core,1011,,,1,1,0,2,1424
101879,19,18-24,Female,Urban,Email,0,M101879,H101879,,Telematics,905,Family,1269,,,1,1,0,2,2174
101886,53,45-54,Female,Rural,Phone,2,M101886,H101886,,Comprehensive,967,Core,562,,,1,1,0,2,1529
101890,25,25-34,Female,Rural,Email,0,M101890,H101890,,Comprehensive,817,Core,1847,,,1,1,0,2,2664
101896,19,18-24,Male,Urban,SMS,0,M101896,H101896,,Telematics,823,Core,828,,,1,1,0,2,1651
101903,18,18-24,Male,Rural,Email,1,M101903,H101903,,Third Party,700,Family,1103,,,1,1,0,2,1803
101906,50,45-54,Male,Rural,Email,1,M101906,H101906,,Comprehensive,662,Enhanced,412,,,1,1,0,2,1074
101907,22,18-24,Female,Urban,SMS,0,M101907,H101907,,Telematics,445,Core,1205,,,1,1,0,2,1650
101910,22,18-24,Male,Urban,Email,0,M101910,H101910,,Comprehensive,1209,Core,897,,,1,1,0,2,2106
101915,23,18-24,Male,Urban,Email,0,M101915,H101915,,Third Party,703,Core,1442,,,1,1,0,2,2145
101916,52,45-54,Female,Rural,SMS,1,M101916,H101916,,Comprehensive,836,Family,1787,,,1,1,0,2,2623
101926,22,18-24,Female,Urban,Phone,0,M101926,H101926,,Comprehensive,574,Family,1587,,,1,1,0,2,2161
101928,18,18-24,Male,Rural,Email,0,M101928,H101928,,Third Party,442,Core,853,,,1,1,0,2,1295
101935,52,45-54,Male,Urban,Email,1,M101935,H101935,,Telematics,1063,Enhanced,1663,,,1,1,0,2,2726
101936,49,45-54,Male,Urban,Email,2,M101936,H101936,,Comprehensive,781,Core,1307,,,1,1,0,2,2088
101945,77,65+,Male,Urban,Phone,2,M101945,H101945,,Comprehensive,775,Core,1388,,,1,1,0,2,2163
101947,64,55-64,Female,Rural,Phone,2,M101947,H101947,,Third Party,922,Family,1164,,,1,1,0,2,2086
101949,54,45-54,Female,Urban,Email,2,M101949,H101949,,Comprehensive,474,Enhanced,371,,,1,1,0,2,845
101951,53,45-54,Male,Urban,Email,0,M101951,H101951,,Comprehensive,544,Family,1802,,,1,1,0,2,2346
101952,45,45-54,Female,Rural,Phone,1,M101952,H101952,,Comprehensive,402,Enhanced,1088,,,1,1,0,2,1490
101953,21,18-24,Non-binary,Urban,SMS,0,M101953,H101953,,Comprehensive,813,Enhanced,926,,,1,1,0,2,1739
101965,18,18-24,Female,Urban,SMS,0,M101965,H101965,,Comprehensive,1183,Enhanced,1167,,,1,1,0,2,2350
101982,32,25-34,Female,Rural,SMS,0,M101982,H101982,,Third Party,1089,Core,1838,,,1,1,0,2,2927
101989,20,18-24,Female,Urban,Email,0,M101989,H101989,,Comprehensive,706,Family,1458,,,1,1,0,2,2164
101999,46,45-54,Female,Rural,Phone,3,M101999,H101999,,Comprehensive,778,Enhanced,1770,,,1,1,0,2,2548
102003,24,18-24,Female,Urban,Phone,0,M102003,H102003,,Telematics,578,Family,511,,,1,1,0,2,1089
102004,20,18-24,Female,Rural,Phone,0,M102004,H102004,,Comprehensive,388,Core,1033,,,1,1,0,2,1421
102012,41,35-44,Male,Urban,Email,0,M102012,H102012,,Comprehensive,994,Enhanced,531,,,1,1,0,2,1525
102014,24,18-24,Female,Rural,SMS,0,M102014,H102014,,Comprehensive,746,Enhanced,1603,,,1,1,0,2,2349
102015,38,35-44,Male,Rural,Phone,2,M102015,H102015,,Telematics,691,Core,828,,,1,1,0,2,1519
102016,46,45-54,Female,Rural,Phone,0,M102016,H102016,,Comprehensive,785,Core,842,,,1,1,0,2,1627
102019,24,18-24,Male,Rural,Phone,0,M102019,H102019,,Telematics,1028,Core,1340,,,1,1,0,2,2368
102023,46,45-54,Male,Rural,Phone,1,M102023,H102023,,Third Party,737,Core,1648,,,1,1,0,2,2385
102025,24,18-24,Male,Urban,SMS,0,M102025,H102025,,Telematics,1234,Enhanced,1291,,,1,1,0,2,2525
102027,19,18-24,Male,Rural,Email,0,M102027,H102027,,Telematics,438,Family,775,,,1,1,0,2,1213
102041,23,18-24,Male,Urban,SMS,0,M102041,H102041,,Comprehensive,713,Family,1290,,,1,1,0,2,2003
102042,24,18-24,Female,Urban,SMS,0,M102042,H102042,,Third Party,651,Family,607,,,1,1,0,2,1258
102044,49,45-54,Male,Rural,Phone,2,M102044,H102044,,Comprehensive,1111,Enhanced,532,,,1,1,0,2,1643
100003,50,45-54,Male,Rural,Email,0,M100003,,T100003,Comprehensive,659,,,Annual,388,1,0,1,2,1047
100005,49,45-54,Male,Rural,Email,3,M100005,,T100005,Third Party,637,,,Annual,84,1,0,1,2,721
100006,48,45-54,Female,Urban,Email,0,M100006,,T100006,Third Party,943,,,Annual,331,1,0,1,2,1274
100008,21,18-24,Male,Urban,Email,0,M100008,,T100008,Comprehensive,819,,,Annual,224,1,0,1,2,1043
100014,49,45-54,Female,Urban,SMS,0,M100014,,T100014,Comprehensive,603,,,Single Trip,120,1,0,1,2,723
100032,23,18-24,Male,Rural,Phone,0,M100032,,T100032,Telematics,280,,,Single Trip,383,1,0,1,2,663
100033,45,45-54,Female,Urban,Email,0,M100033,,T100033,Comprehensive,783,,,Annual,345,1,0,1,2,1128
100046,52,45-54,Male,Urban,Email,2,M100046,,T100046,Comprehensive,315,,,Single Trip,349,1,0,1,2,664
100048,42,35-44,Male,Urban,Email,2,M100048,,T100048,Comprehensive,583,,,Single Trip,84,1,0,1,2,667
100052,40,35-44,Female,Urban,Phone,2,M100052,,T100052,Comprehensive,910,,,Family,363,1,0,1,2,1273
100054,38,35-44,Male,Urban,SMS,1,M100054,,T100054,Third Party,410,,,Single Trip,231,1,0,1,2,641
100056,56,55-64,Female,Rural,Phone,1,M100056,,T100056,Comprehensive,473,,,Single Trip,97,1,0,1,2,570
100057,20,18-24,Female,Urban,Email,0,M100057,,T100057,Comprehensive,635,,,Annual,87,1,0,1,2,722
100058,47,45-54,Male,Rural,Phone,1,M100058,,T100058,Third Party,922,,,Single Trip,376,1,0,1,2,1298
100082,66,65+,Female,Rural,Phone,1,M100082,,T100082,Comprehensive,381,,,Annual,346,1,0,1,2,727
100090,21,18-24,Male,Urban,SMS,0,M100090,,T100090,Third Party,1078,,,Single Trip,229,1,0,1,2,1307
100098,52,45-54,Male,Urban,SMS,0,M100098,,T100098,Comprehensive,1074,,,Single Trip,288,1,0,1,2,1362
100099,24,18-24,Male,Urban,SMS,0,M100099,,T100099,Comprehensive,1133,,,Single Trip,407,1,0,1,2,1540
100101,54,45-54,Male,Urban,Phone,1,M100101,,T100101,Comprehensive,540,,,Annual,339,1,0,1,2,879
100109,20,18-24,Female,Urban,Email,0,M100109,,T100109,Comprehensive,705,,,Single Trip,310,1,0,1,2,1015
100115,45,45-54,Female,Rural,Phone,1,M100115,,T100115,Comprehensive,472,,,Single Trip,288,1,0,1,2,760
100116,39,35-44,Female,Rural,Email,0,M100116,,T100116,Telematics,1090,,,Single Trip,75,1,0,1,2,1165
100118,47,45-54,Male,Urban,Phone,1,M100118,,T100118,Comprehensive,712,,,Single Trip,388,1,0,1,2,1100
100130,50,45-54,Female,Urban,Phone,1,M100130,,T100130,Comprehensive,463,,,Single Trip,221,1,0,1,2,684
100131,21,18-24,Male,Urban,Email,0,M100131,,T100131,Comprehensive,797,,,Family,80,1,0,1,2,877
100133,41,35-44,Male,Rural,Phone,1,M100133,,T100133,Third Party,312,,,Annual,304,1,0,1,2,616
100145,23,18-24,Female,Urban,SMS,0,M100145,,T100145,Third Party,855,,,Single Trip,319,1,0,1,2,1174
100149,75,65+,Male,Urban,Email,0,M100149,,T100149,Telematics,376,,,Annual,238,1,0,1,2,614
100152,24,18-24,Female,Urban,Email,0,M100152,,T100152,Third Party,607,,,Single Trip,271,1,0,1,2,878
100153,47,45-54,Male,Urban,Email,1,M100153,,T100153,Comprehensive,791,,,Annual,367,1,0,1,2,1158
100163,45,45-54,Male,Rural,Email,0,M100163,,T100163,Third Party,936,,,Single Trip,272,1,0,1,2,1208
100164,52,45-54,Female,Rural,Phone,0,M100164,,T100164,Comprehensive,705,,,Single Trip,155,1,0,1,2,860
100169,21,18-24,Female,Urban,Email,0,M100169,,T100169,Telematics,865,,,Single Trip,188,1,0,1,2,1053
100192,21,18-24,Male,Urban,Phone,0,M100192,,T100192,Telematics,877,,,Single Trip,243,1,0,1,2,1120
100193,52,45-54,Female,Rural,Phone,2,M100193,,T100193,Comprehensive,854,,,Annual,305,1,0,1,2,1159
100197,53,45-54,Male,Rural,Phone,1,M100197,,T100197,Comprehensive,860,,,Single Trip,73,1,0,1,2,933
100215,52,45-54,Male,Rural,Email,2,M100215,,T100215,Comprehensive,295,,,Family,262,1,0,1,2,557
100220,18,18-24,Female,Urban,SMS,0,M100220,,T100220,Comprehensive,919,,,Annual,170,1,0,1,2,1089
100235,53,45-54,Female,Rural,Email,3,M100235,,T100235,Comprehensive,1152,,,Annual,319,1,0,1,2,1471
100236,64,55-64,Male,Urban,Email,1,M100236,,T100236,Telematics,763,,,Family,47,1,0,1,2,810
100239,21,18-24,Female,Urban,Email,0,M100239,,T100239,Comprehensive,615,,,Annual,52,1,0,1,2,667
100245,21,18-24,Non-binary,Rural,Email,0,M100245,,T100245,Comprehensive,994,,,Single Trip,356,1,0,1,2,1350
100246,24,18-24,Male,Rural,Phone,1,M100246,,T100246,Third Party,947,,,Family,324,1,0,1,2,1271
100262,51,45-54,Male,Urban,SMS,3,M100262,,T100262,Comprehensive,451,,,Single Trip,272,1,0,1,2,723
100271,49,45-54,Female,Urban,Email,0,M100271,,T100271,Comprehensive,724,,,Single Trip,91,1,0,1,2,815
100273,30,25-34,Male,Urban,Email,1,M100273,,T100273,Third Party,859,,,Single Trip,115,1,0,1,2,974
100276,51,45-54,Male,Rural,Phone,3,M100276,,T100276,Third Party,733,,,Single Trip,65,1,0,1,2,798
100279,63,55-64,Male,Urban,Phone,2,M100279,,T100279,Comprehensive,529,,,Single Trip,298,1,0,1,2,827
100296,24,18-24,Female,Urban,Email,0,M100296,,T100296,Comprehensive,307,,,Annual,166,1,0,1,2,473
100297,56,55-64,Female,Rural,Phone,1,M100297,,T100297,Telematics,662,,,Annual,344,1,0,1,2,1006
100298,20,18-24,Male,Rural,SMS,0,M100298,,T100298,Comprehensive,337,,,Annual,121,1,0,1,2,458
100301,49,45-54,Male,Urban,SMS,2,M100301,,T100301,Comprehensive,824,,,Family,225,1,0,1,2,1049
100312,21,18-24,Female,Rural,SMS,0,M100312,,T100312,Comprehensive,344,,,Single Trip,162,1,0,1,2,506
100313,18,18-24,Female,Rural,Phone,0,M100313,,T100313,Third Party,636,,,Single Trip,73,1,0,1,2,709
100322,50,45-54,Female,Rural,Phone,1,M100322,,T100322,Comprehensive,863,,,Single Trip,88,1,0,1,2,951
100332,45,45-54,Male,Rural,Email,1,M100332,,T100332,Third Party,968,,,Annual,394,1,0,1,2,1362
100340,34,25-34,Female,Rural,Email,2,M100340,,T100340,Comprehensive,580,,,Single Trip,323,1,0,1,2,903
100357,53,45-54,Female,Rural,Email,1,M100357,,T100357,Comprehensive,613,,,Single Trip,168,1,0,1,2,781
100368,63,55-64,Male,Urban,Email,1,M100368,,T100368,Comprehensive,486,,,Single Trip,72,1,0,1,2,558
100382,46,45-54,Male,Urban,Phone,2,M100382,,T100382,Third Party,1128,,,Single Trip,336,1,0,1,2,1464
100384,48,45-54,Male,Urban,Email,1,M100384,,T100384,Comprehensive,390,,,Single Trip,107,1,0,1,2,497
100385,20,18-24,Female,Urban,SMS,0,M100385,,T100385,Comprehensive,1211,,,Annual,164,1,0,1,2,1375
100387,62,55-64,Male,Urban,Phone,1,M100387,,T100387,Comprehensive,596,,,Single Trip,134,1,0,1,2,730
100388,50,45-54,Female,Urban,Email,0,M100388,,T100388,Comprehensive,972,,,Annual,357,1,0,1,2,1329
100408,19,18-24,Female,Rural,Phone,0,M100408,,T100408,Telematics,719,,,Single Trip,196,1,0,1,2,915
100409,53,45-54,Male,Urban,Phone,2,M100409,,T100409,Comprehensive,545,,,Annual,419,1,0,1,2,964
100420,50,45-54,Male,Urban,Email,0,M100420,,T100420,Comprehensive,766,,,Single Trip,415,1,0,1,2,1181
100421,19,18-24,Male,Urban,SMS,0,M100421,,T100421,Third Party,895,,,Single Trip,103,1,0,1,2,998
100422,20,18-24,Female,Rural,Email,0,M100422,,T100422,Comprehensive,791,,,Single Trip,249,1,0,1,2,1040
100430,61,55-64,Male,Rural,Phone,1,M100430,,T100430,Third Party,366,,,Single Trip,216,1,0,1,2,582
100443,47,45-54,Female,Rural,Email,1,M100443,,T100443,Comprehensive,374,,,Single Trip,232,1,0,1,2,606
100446,48,45-54,Male,Rural,Phone,1,M100446,,T100446,Third Party,448,,,Annual,152,1,0,1,2,600
100452,33,25-34,Male,Urban,Phone,1,M100452,,T100452,Third Party,594,,,Annual,280,1,0,1,2,874
100457,24,18-24,Female,Rural,Email,1,M100457,,T100457,Comprehensive,752,,,Annual,200,1,0,1,2,952
100463,49,45-54,Male,Urban,Phone,1,M100463,,T100463,Third Party,450,,,Family,352,1,0,1,2,802
100471,24,18-24,Male,Urban,Email,0,M100471,,T100471,Comprehensive,1015,,,Annual,184,1,0,1,2,1199
100472,20,18-24,Female,Urban,Email,0,M100472,,T100472,Comprehensive,367,,,Annual,273,1,0,1,2,640
100482,52,45-54,Female,Rural,Phone,1,M100482,,T100482,Comprehensive,883,,,Annual,270,1,0,1,2,1153
100505,19,18-24,Male,Urban,SMS,0,M100505,,T100505,Telematics,581,,,Single Trip,383,1,0,1,2,964
100519,24,18-24,Male,Rural,Email,0,M100519,,T100519,Third Party,727,,,Annual,194,1,0,1,2,921
100520,24,18-24,Male,Rural,SMS,0,M100520,,T100520,Telematics,1158,,,Single Trip,317,1,0,1,2,1475
100526,22,18-24,Female,Urban,SMS,0,M100526,,T100526,Comprehensive,433,,,Annual,91,1,0,1,2,524
100533,45,45-54,Male,Urban,Phone,4,M100533,,T100533,Telematics,420,,,Annual,341,1,0,1,2,761
100537,38,35-44,Female,Rural,Phone,1,M100537,,T100537,Comprehensive,391,,,Annual,181,1,0,1,2,572
100542,50,45-54,Female,Rural,Email,1,M100542,,T100542,Telematics,585,,,Annual,94,1,0,1,2,679
100550,52,45-54,Female,Urban,Phone,1,M100550,,T100550,Comprehensive,788,,,Single Trip,330,1,0,1,2,1118
100551,46,45-54,Female,Rural,Phone,2,M100551,,T100551,Telematics,928,,,Family,215,1,0,1,2,1143
100552,31,25-34,Female,Rural,SMS,0,M100552,,T100552,Comprehensive,437,,,Family,149,1,0,1,2,586
100558,46,45-54,Male,Rural,Phone,2,M100558,,T100558,Comprehensive,1058,,,Single Trip,131,1,0,1,2,1189
100567,63,55-64,Male,Urban,Phone,3,M100567,,T100567,Comprehensive,1007,,,Annual,401,1,0,1,2,1408
100572,20,18-24,Female,Urban,SMS,0,M100572,,T100572,Telematics,603,,,Single Trip,117,1,0,1,2,720
100597,22,18-24,Female,Urban,SMS,0,M100597,,T100597,Third Party,964,,,Family,122,1,0,1,2,1086
100604,51,45-54,Male,Rural,Phone,0,M100604,,T100604,Comprehensive,745,,,Single Trip,100,1,0,1,2,845
100610,45,45-54,Male,Rural,Email,1,M100610,,T100610,Telematics,840,,,Single Trip,84,1,0,1,2,924
100634,53,45-54,Female,Urban,Email,0,M100634,,T100634,Comprehensive,973,,,Single Trip,228,1,0,1,2,1201
100645,47,45-54,Male,Rural,Phone,1,M100645,,T100645,Comprehensive,1162,,,Annual,413,1,0,1,2,1575
100651,23,18-24,Male,Urban,Email,0,M100651,,T100651,Third Party,529,,,Single Trip,347,1,0,1,2,876
100656,26,25-34,Female,Urban,Email,0,M100656,,T100656,Telematics,1125,,,Single Trip,302,1,0,1,2,1427
100669,52,45-54,Female,Urban,Email,1,M100669,,T100669,Telematics,838,,,Annual,168,1,0,1,2,1006
100677,54,45-54,Female,Urban,Email,0,M100677,,T100677,Comprehensive,964,,,Annual,369,1,0,1,2,1333
100681,53,45-54,Female,Rural,Email,1,M100681,,T100681,Third Party,387,,,Single Trip,128,1,0,1,2,515
100690,22,18-24,Male,Rural,Email,0,M100690,,T100690,Comprehensive,1094,,,Annual,123,1,0,1,2,1217
100692,53,45-54,Female,Urban,Email,1,M100692,,T100692,Comprehensive,545,,,Annual,199,1,0,1,2,744
100693,45,45-54,Male,Urban,Phone,0,M100693,,T100693,Comprehensive,1090,,,Single Trip,108,1,0,1,2,1198
100701,77,65+,Male,Urban,Phone,1,M100701,,T100701,Comprehensive,612,,,Family,386,1,0,1,2,998
100706,50,45-54,Male,Urban,Email,0,M100706,,T100706,Telematics,853,,,Single Trip,281,1,0,1,2,1134
100715,22,18-24,Male,Rural,Phone,0,M100715,,T100715,Comprehensive,619,,,Family,300,1,0,1,2,919
100723,48,45-54,Female,Rural,Email,1,M100723,,T100723,Comprehensive,484,,,Annual,302,1,0,1,2,786
100726,24,18-24,Female,Rural,Email,0,M100726,,T100726,Comprehensive,577,,,Annual,76,1,0,1,2,653
100731,19,18-24,Female,Rural,SMS,0,M100731,,T100731,Comprehensive,368,,,Single Trip,161,1,0,1,2,529
100737,54,45-54,Female,Rural,Email,0,M100737,,T100737,Third Party,786,,,Annual,127,1,0,1,2,913
100745,57,55-64,Female,Urban,SMS,2,M100745,,T100745,Comprehensive,662,,,Single Trip,192,1,0,1,2,854
100756,52,45-54,Female,Urban,SMS,3,M100756,,T100756,Comprehensive,793,,,Single Trip,63,1,0,1,2,856
100758,48,45-54,Male,Urban,Email,2,M100758,,T100758,Third Party,370,,,Single Trip,341,1,0,1,2,711
100762,31,25-34,Female,Rural,Email,1,M100762,,T100762,Comprehensive,355,,,Single Trip,244,1,0,1,2,599
100767,18,18-24,Male,Rural,Email,0,M100767,,T100767,Telematics,1166,,,Single Trip,330,1,0,1,2,1496
100778,52,45-54,Male,Rural,Phone,1,M100778,,T100778,Third Party,570,,,Single Trip,110,1,0,1,2,680
100790,53,45-54,Female,Urban,SMS,1,M100790,,T100790,Comprehensive,776,,,Single Trip,175,1,0,1,2,951
100801,51,45-54,Male,Urban,Email,0,M100801,,T100801,Telematics,766,,,Single Trip,116,1,0,1,2,882
100811,54,45-54,Male,Rural,Phone,1,M100811,,T100811,Third Party,510,,,Single Trip,400,1,0,1,2,910
100813,48,45-54,Female,Urban,Phone,2,M100813,,T100813,Comprehensive,915,,,Family,91,1,0,1,2,1006
100814,50,45-54,Male,Rural,Phone,1,M100814,,T100814,Telematics,669,,,Single Trip,313,1,0,1,2,982
100816,49,45-54,Female,Rural,Phone,1,M100816,,T100816,Comprehensive,409,,,Single Trip,319,1,0,1,2,728
100852,24,18-24,Female,Urban,Email,0,M100852,,T100852,Comprehensive,761,,,Annual,241,1,0,1,2,1002
100868,53,45-54,Male,Urban,Phone,1,M100868,,T100868,Telematics,318,,,Annual,46,1,0,1,2,364
100873,21,18-24,Male,Urban,Email,0,M100873,,T100873,Comprehensive,911,,,Single Trip,300,1,0,1,2,1211
100880,21,18-24,Female,Rural,SMS,0,M100880,,T100880,Third Party,919,,,Single Trip,100,1,0,1,2,1019
100882,46,45-54,Male,Urban,Email,1,M100882,,T100882,Comprehensive,456,,,Single Trip,361,1,0,1,2,817
100886,21,18-24,Male,Rural,Email,0,M100886,,T100886,Third Party,982,,,Single Trip,74,1,0,1,2,1056
100889,22,18-24,Female,Urban,SMS,0,M100889,,T100889,Comprehensive,1036,,,Single Trip,69,1,0,1,2,1105
100893,20,18-24,Female,Rural,Email,0,M100893,,T100893,Comprehensive,310,,,Single Trip,353,1,0,1,2,663
100896,50,45-54,Male,Urban,Phone,0,M100896,,T100896,Third Party,1181,,,Single Trip,239,1,0,1,2,1420
100899,52,45-54,Female,Rural,Phone,0,M100899,,T100899,Comprehensive,1167,,,Single Trip,212,1,0,1,2,1379
100912,50,45-54,Female,Urban,Email,2,M100912,,T100912,Comprehensive,573,,,Annual,123,1,0,1,2,696
100916,48,45-54,Male,Rural,Email,0,M100916,,T100916,Comprehensive,389,,,Single Trip,273,1,0,1,2,662
100922,19,18-24,Female,Urban,Email,0,M100922,,T100922,Comprehensive,729,,,Annual,410,1,0,1,2,1139
100925,50,45-54,Female,Urban,SMS,1,M100925,,T100925,Comprehensive,707,,,Annual,376,1,0,1,2,1083
100928,23,18-24,Male,Urban,SMS,0,M100928,,T100928,Comprehensive,1150,,,Single Trip,198,1,0,1,2,1348
100935,46,45-54,Female,Urban,SMS,3,M100935,,T100935,Comprehensive,1244,,,Single Trip,62,1,0,1,2,1306
100946,57,55-64,Female,Rural,Phone,1,M100946,,T100946,Comprehensive,780,,,Family,154,1,0,1,2,934
100949,33,25-34,Male,Rural,Email,2,M100949,,T100949,Comprehensive,340,,,Annual,244,1,0,1,2,584
100961,49,45-54,Male,Urban,Email,1,M100961,,T100961,Comprehensive,315,,,Annual,326,1,0,1,2,641
100967,61,55-64,Female,Rural,Phone,1,M100967,,T100967,Telematics,295,,,Family,142,1,0,1,2,437
100969,51,45-54,Male,Rural,Email,2,M100969,,T100969,Comprehensive,776,,,Annual,377,1,0,1,2,1153
100973,60,55-64,Male,Urban,Phone,2,M100973,,T100973,Comprehensive,499,,,Annual,162,1,0,1,2,661
100978,21,18-24,Female,Urban,Email,0,M100978,,T100978,Comprehensive,737,,,Annual,127,1,0,1,2,864
100982,45,45-54,Female,Rural,SMS,0,M100982,,T100982,Telematics,576,,,Single Trip,233,1,0,1,2,809
100983,49,45-54,Female,Urban,SMS,0,M100983,,T100983,Comprehensive,313,,,Family,195,1,0,1,2,508
100999,22,18-24,Male,Rural,Phone,0,M100999,,T100999,Comprehensive,358,,,Family,332,1,0,1,2,690
101003,36,35-44,Female,Rural,Phone,2,M101003,,T101003,Third Party,338,,,Annual,404,1,0,1,2,742
101004,52,45-54,Female,Urban,Phone,0,M101004,,T101004,Comprehensive,674,,,Single Trip,150,1,0,1,2,824
101015,33,25-34,Male,Urban,Email,1,M101015,,T101015,Telematics,457,,,Family,84,1,0,1,2,541
101017,45,45-54,Female,Urban,Phone,0,M101017,,T101017,Comprehensive,491,,,Annual,143,1,0,1,2,634
101022,22,18-24,Female,Urban,SMS,0,M101022,,T101022,Telematics,1156,,,Annual,120,1,0,1,2,1276
101033,51,45-54,Female,Urban,Email,0,M101033,,T101033,Telematics,712,,,Family,263,1,0,1,2,975
101039,18,18-24,Male,Urban,Email,0,M101039,,T101039,Third Party,497,,,Single Trip,202,1,0,1,2,699
101053,26,25-34,Male,Urban,Email,0,M101053,,T101053,Telematics,564,,,Annual,390,1,0,1,2,954
101056,46,45-54,Male,Urban,Email,0,M101056,,T101056,Comprehensive,1105,,,Single Trip,287,1,0,1,2,1392
101065,64,55-64,Female,Urban,Phone,0,M101065,,T101065,Comprehensive,730,,,Single Trip,127,1,0,1,2,857
101067,40,35-44,Female,Rural,SMS,0,M101067,,T101067,Comprehensive,862,,,Family,45,1,0,1,2,907
101070,52,45-54,Female,Rural,Email,1,M101070,,T101070,Comprehensive,975,,,Annual,288,1,0,1,2,1263
101074,65,65+,Male,Rural,Phone,1,M101074,,T101074,Comprehensive,308,,,Annual,375,1,0,1,2,683
101078,18,18-24,Male,Urban,SMS,0,M101078,,T101078,Third Party,1177,,,Single Trip,86,1,0,1,2,1263
101098,51,45-54,Female,Urban,Phone,1,M101098,,T101098,Comprehensive,454,,,Annual,103,1,0,1,2,557
101104,49,45-54,Male,Urban,Email,0,M101104,,T101104,Comprehensive,707,,,Annual,276,1,0,1,2,983
101113,52,45-54,Male,Urban,Email,2,M101113,,T101113,Comprehensive,1076,,,Annual,172,1,0,1,2,1248
101121,23,18-24,Female,Urban,Email,0,M101121,,T101121,Third Party,1052,,,Single Trip,143,1,0,1,2,1195
101127,19,18-24,Male,Rural,SMS,0,M101127,,T101127,Third Party,1116,,,Single Trip,105,1,0,1,2,1221
101140,56,55-64,Female,Urban,Phone,3,M101140,,T101140,Comprehensive,841,,,Annual,84,1,0,1,2,925
101141,54,45-54,Female,Urban,Phone,1,M101141,,T101141,Third Party,462,,,Annual,188,1,0,1,2,650
101146,19,18-24,Female,Rural,Email,0,M101146,,T101146,Comprehensive,316,,,Annual,216,1,0,1,2,532
101159,21,18-24,Male,Urban,SMS,0,M101159,,T101159,Comprehensive,401,,,Family,155,1,0,1,2,556
101169,45,45-54,Female,Urban,SMS,3,M101169,,T101169,Comprehensive,763,,,Single Trip,46,1,0,1,2,809
101178,68,65+,Female,Urban,Phone,0,M101178,,T101178,Third Party,728,,,Single Trip,200,1,0,1,2,928
101184,18,18-24,Male,Urban,Email,0,M101184,,T101184,Third Party,343,,,Single Trip,330,1,0,1,2,673
101196,23,18-24,Male,Rural,Email,0,M101196,,T101196,Comprehensive,1087,,,Annual,215,1,0,1,2,1302
101200,60,55-64,Female,Urban,SMS,2,M101200,,T101200,Third Party,340,,,Family,127,1,0,1,2,467
101208,23,18-24,Female,Urban,Email,0,M101208,,T101208,Third Party,286,,,Single Trip,198,1,0,1,2,484
101209,22,18-24,Female,Rural,Email,0,M101209,,T101209,Comprehensive,1121,,,Single Trip,317,1,0,1,2,1438
101210,26,25-34,Male,Urban,Email,0,M101210,,T101210,Third Party,751,,,Annual,244,1,0,1,2,995
101213,64,55-64,Female,Urban,Phone,0,M101213,,T101213,Comprehensive,321,,,Annual,337,1,0,1,2,658
101214,50,45-54,Female,Urban,Email,2,M101214,,T101214,Comprehensive,1155,,,Single Trip,306,1,0,1,2,1461
101216,52,45-54,Female,Urban,Email,2,M101216,,T101216,Comprehensive,522,,,Family,177,1,0,1,2,699
101222,22,18-24,Female,Urban,Email,0,M101222,,T101222,Telematics,389,,,Family,223,1,0,1,2,612
101227,52,45-54,Male,Rural,Phone,0,M101227,,T101227,Comprehensive,979,,,Single Trip,272,1,0,1,2,1251
101229,48,45-54,Female,Urban,SMS,1,M101229,,T101229,Comprehensive,306,,,Annual,109,1,0,1,2,415
101240,51,45-54,Female,Rural,Phone,0,M101240,,T101240,Third Party,583,,,Annual,316,1,0,1,2,899
101241,54,45-54,Male,Rural,Phone,0,M101241,,T101241,Comprehensive,983,,,Single Trip,278,1,0,1,2,1261
101242,48,45-54,Male,Urban,Phone,1,M101242,,T101242,Comprehensive,871,,,Single Trip,122,1,0,1,2,993
101243,51,45-54,Female,Urban,Phone,1,M101243,,T101243,Comprehensive,871,,,Single Trip,98,1,0,1,2,969
101269,19,18-24,Male,Urban,Email,0,M101269,,T101269,Comprehensive,775,,,Single Trip,204,1,0,1,2,979
101272,45,45-54,Female,Urban,Email,2,M101272,,T101272,Third Party,968,,,Single Trip,287,1,0,1,2,1255
101282,18,18-24,Female,Rural,SMS,0,M101282,,T101282,Comprehensive,958,,,Annual,298,1,0,1,2,1256
101284,47,45-54,Female,Rural,Email,1,M101284,,T101284,Third Party,1023,,,Annual,206,1,0,1,2,1229
101287,51,45-54,Female,Urban,Phone,1,M101287,,T101287,Comprehensive,603,,,Annual,320,1,0,1,2,923
101288,20,18-24,Male,Urban,Email,0,M101288,,T101288,Comprehensive,691,,,Family,297,1,0,1,2,988
101291,27,25-34,Female,Rural,Phone,0,M101291,,T101291,Comprehensive,400,,,Single Trip,373,1,0,1,2,773
101306,33,25-34,Female,Urban,Phone,2,M101306,,T101306,Comprehensive,1085,,,Single Trip,201,1,0,1,2,1286
101307,50,45-54,Male,Urban,Email,1,M101307,,T101307,Third Party,818,,,Single Trip,138,1,0,1,2,956
101319,50,45-54,Male,Rural,Email,0,M101319,,T101319,Third Party,983,,,Single Trip,110,1,0,1,2,1093
101324,53,45-54,Male,Urban,Phone,2,M101324,,T101324,Comprehensive,810,,,Annual,286,1,0,1,2,1096
101326,54,45-54,Female,Urban,Phone,1,M101326,,T101326,Comprehensive,589,,,Single Trip,312,1,0,1,2,901
101335,54,45-54,Female,Urban,Email,1,M101335,,T101335,Comprehensive,913,,,Annual,352,1,0,1,2,1265
101340,51,45-54,Female,Rural,Phone,0,M101340,,T101340,Comprehensive,512,,,Annual,124,1,0,1,2,636
101351,37,35-44,Female,Rural,Email,1,M101351,,T101351,Telematics,311,,,Family,144,1,0,1,2,455
101359,51,45-54,Female,Rural,Email,1,M101359,,T101359,Comprehensive,968,,,Annual,175,1,0,1,2,1143
101364,48,45-54,Male,Rural,Email,0,M101364,,T101364,Comprehensive,489,,,Family,362,1,0,1,2,851
101373,49,45-54,Male,Rural,Email,2,M101373,,T101373,Comprehensive,968,,,Single Trip,197,1,0,1,2,1165
101374,21,18-24,Male,Rural,Phone,0,M101374,,T101374,Third Party,1206,,,Single Trip,365,1,0,1,2,1571
101375,24,18-24,Female,Rural,Email,0,M101375,,T101375,Telematics,372,,,Single Trip,145,1,0,1,2,517
101380,54,45-54,Female,Rural,Phone,1,M101380,,T101380,Third Party,834,,,Single Trip,404,1,0,1,2,1238
101383,48,45-54,Male,Rural,Email,1,M101383,,T101383,Telematics,1128,,,Single Trip,145,1,0,1,2,1273
101391,45,45-54,Male,Rural,Phone,2,M101391,,T101391,Comprehensive,1028,,,Annual,241,1,0,1,2,1269
101393,47,45-54,Female,Urban,Email,1,M101393,,T101393,Comprehensive,941,,,Annual,393,1,0,1,2,1334
101410,30,25-34,Female,Urban,SMS,1,M101410,,T101410,Third Party,719,,,Annual,271,1,0,1,2,990
101436,23,18-24,Female,Urban,Phone,0,M101436,,T101436,Third Party,616,,,Annual,387,1,0,1,2,1003
101442,52,45-54,Female,Urban,Email,1,M101442,,T101442,Comprehensive,566,,,Single Trip,345,1,0,1,2,911
101443,24,18-24,Male,Rural,Email,0,M101443,,T101443,Comprehensive,314,,,Single Trip,318,1,0,1,2,632
101448,62,55-64,Female,Urban,Email,3,M101448,,T101448,Comprehensive,364,,,Family,345,1,0,1,2,709
101449,49,45-54,Male,Urban,Email,0,M101449,,T101449,Comprehensive,815,,,Single Trip,94,1,0,1,2,909
101454,49,45-54,Male,Rural,Phone,0,M101454,,T101454,Telematics,1055,,,Single Trip,99,1,0,1,2,1154
101467,50,45-54,Female,Rural,Phone,1,M101467,,T101467,Comprehensive,413,,,Single Trip,212,1,0,1,2,625
101470,53,45-54,Female,Urban,Phone,2,M101470,,T101470,Comprehensive,413,,,Single Trip,188,1,0,1,2,601
101485,45,45-54,Female,Urban,SMS,0,M101485,,T101485,Third Party,1150,,,Single Trip,82,1,0,1,2,1232
101488,54,45-54,Female,Urban,Phone,1,M101488,,T101488,Comprehensive,1052,,,Annual,109,1,0,1,2,1161
101491,31,25-34,Female,Rural,Phone,1,M101491,,T101491,Comprehensive,608,,,Annual,195,1,0,1,2,803
101492,22,18-24,Female,Urban,Email,0,M101492,,T101492,Comprehensive,791,,,Single Trip,299,1,0,1,2,1090
101500,20,18-24,Male,Urban,Phone,0,M101500,,T101500,Comprehensive,655,,,Single Trip,175,1,0,1,2,830
101503,54,45-54,Male,Rural,Email,2,M101503,,T101503,Third Party,1105,,,Single Trip,376,1,0,1,2,1481
101505,51,45-54,Female,Urban,Email,1,M101505,,T101505,Third Party,779,,,Annual,153,1,0,1,2,932
101506,53,45-54,Female,Rural,Email,2,M101506,,T101506,Comprehensive,414,,,Annual,316,1,0,1,2,730
101511,24,18-24,Male,Rural,Email,0,M101511,,T101511,Third Party,798,,,Annual,291,1,0,1,2,1089
101516,52,45-54,Female,Urban,SMS,1,M101516,,T101516,Third Party,789,,,Single Trip,140,1,0,1,2,929
101519,64,55-64,Male,Rural,Email,3,M101519,,T101519,Comprehensive,1033,,,Single Trip,369,1,0,1,2,1402
101521,46,45-54,Male,Rural,Phone,0,M101521,,T101521,Telematics,525,,,Family,103,1,0,1,2,628
101533,59,55-64,Female,Rural,Email,0,M101533,,T101533,Telematics,529,,,Single Trip,342,1,0,1,2,871
101534,46,45-54,Male,Urban,Email,0,M101534,,T101534,Comprehensive,469,,,Annual,61,1,0,1,2,530
101536,49,45-54,Female,Urban,SMS,0,M101536,,T101536,Third Party,363,,,Family,114,1,0,1,2,477
101539,21,18-24,Female,Rural,Phone,0,M101539,,T101539,Telematics,1097,,,Single Trip,321,1,0,1,2,1418
101548,19,18-24,Female,Rural,Email,0,M101548,,T101548,Comprehensive,525,,,Annual,364,1,0,1,2,889
101555,45,45-54,Male,Rural,Phone,1,M101555,,T101555,Third Party,706,,,Single Trip,95,1,0,1,2,801
101559,21,18-24,Male,Rural,SMS,0,M101559,,T101559,Comprehensive,846,,,Annual,85,1,0,1,2,931
101580,51,45-54,Female,Rural,Phone,1,M101580,,T101580,Comprehensive,752,,,Family,201,1,0,1,2,953
101582,38,35-44,Male,Urban,Phone,0,M101582,,T101582,Telematics,1019,,,Single Trip,324,1,0,1,2,1343
101598,38,35-44,Male,Urban,Phone,1,M101598,,T101598,Comprehensive,602,,,Annual,299,1,0,1,2,901
101601,19,18-24,Female,Urban,SMS,0,M101601,,T101601,Third Party,1245,,,Single Trip,274,1,0,1,2,1519
101610,50,45-54,Male,Rural,Phone,2,M101610,,T101610,Telematics,996,,,Single Trip,175,1,0,1,2,1171
101616,21,18-24,Male,Urban,SMS,0,M101616,,T101616,Third Party,943,,,Annual,56,1,0,1,2,999
101617,19,18-24,Female,Urban,Phone,0,M101617,,T101617,Comprehensive,793,,,Family,86,1,0,1,2,879
101619,51,45-54,Male,Rural,Email,2,M101619,,T101619,Comprehensive,910,,,Annual,109,1,0,1,2,1019
101623,48,45-54,Male,Urban,SMS,0,M101623,,T101623,Comprehensive,915,,,Single Trip,107,1,0,1,2,1022
101628,23,18-24,Female,Urban,Phone,0,M101628,,T101628,Third Party,615,,,Annual,201,1,0,1,2,816
101629,32,25-34,Female,Rural,Email,1,M101629,,T101629,Telematics,1137,,,Annual,308,1,0,1,2,1445
101634,37,35-44,Female,Rural,Email,0,M101634,,T101634,Third Party,952,,,Annual,87,1,0,1,2,1039
101657,24,18-24,Male,Urban,SMS,0,M101657,,T101657,Comprehensive,405,,,Annual,192,1,0,1,2,597
101658,46,45-54,Male,Urban,Phone,0,M101658,,T101658,Comprehensive,1216,,,Family,163,1,0,1,2,1379
101664,46,45-54,Male,Urban,SMS,4,M101664,,T101664,Comprehensive,839,,,Annual,277,1,0,1,2,1116
101679,45,45-54,Male,Rural,Email,0,M101679,,T101679,Telematics,285,,,Single Trip,188,1,0,1,2,473
101681,19,18-24,Male,Urban,Email,0,M101681,,T101681,Comprehensive,500,,,Single Trip,47,1,0,1,2,547
101683,25,25-34,Non-binary,Rural,Phone,0,M101683,,T101683,Comprehensive,1077,,,Annual,355,1,0,1,2,1432
101689,50,45-54,Female,Rural,Phone,0,M101689,,T101689,Comprehensive,866,,,Single Trip,86,1,0,1,2,952
101702,20,18-24,Male,Rural,Email,0,M101702,,T101702,Comprehensive,568,,,Annual,75,1,0,1,2,643
101704,53,45-54,Male,Rural,Phone,0,M101704,,T101704,Comprehensive,1046,,,Family,285,1,0,1,2,1331
101713,54,45-54,Male,Urban,Email,1,M101713,,T101713,Third Party,957,,,Annual,323,1,0,1,2,1280
101715,45,45-54,Male,Urban,Phone,0,M101715,,T101715,Comprehensive,513,,,Annual,290,1,0,1,2,803
101746,18,18-24,Male,Rural,Phone,0,M101746,,T101746,Telematics,1153,,,Family,138,1,0,1,2,1291
101749,23,18-24,Male,Rural,SMS,0,M101749,,T101749,Third Party,633,,,Annual,83,1,0,1,2,716
101757,49,45-54,Male,Rural,Phone,2,M101757,,T101757,Comprehensive,724,,,Single Trip,367,1,0,1,2,1091
101764,52,45-54,Female,Urban,Phone,0,M101764,,T101764,Comprehensive,621,,,Single Trip,115,1,0,1,2,736
101767,19,18-24,Female,Urban,SMS,0,M101767,,T101767,Comprehensive,1248,,,Single Trip,127,1,0,1,2,1375
101768,47,45-54,Female,Rural,Phone,2,M101768,,T101768,Comprehensive,330,,,Single Trip,206,1,0,1,2,536
101772,47,45-54,Female,Urban,Email,0,M101772,,T101772,Telematics,1233,,,Single Trip,311,1,0,1,2,1544
101793,33,25-34,Male,Rural,Email,0,M101793,,T101793,Comprehensive,1103,,,Single Trip,124,1,0,1,2,1227
101795,19,18-24,Male,Urban,Email,0,M101795,,T101795,Comprehensive,713,,,Single Trip,79,1,0,1,2,792
101796,23,18-24,Female,Urban,Phone,0,M101796,,T101796,Comprehensive,1153,,,Annual,181,1,0,1,2,1334
101801,45,45-54,Female,Rural,Phone,2,M101801,,T101801,Telematics,452,,,Single Trip,214,1,0,1,2,666
101804,19,18-24,Male,Rural,SMS,0,M101804,,T101804,Telematics,346,,,Annual,357,1,0,1,2,703
101810,48,45-54,Male,Urban,Email,2,M101810,,T101810,Comprehensive,496,,,Single Trip,303,1,0,1,2,799
101819,51,45-54,Female,Rural,Email,2,M101819,,T101819,Comprehensive,591,,,Family,337,1,0,1,2,928
101826,18,18-24,Female,Urban,SMS,0,M101826,,T101826,Comprehensive,414,,,Family,239,1,0,1,2,653
101832,19,18-24,Female,Urban,Email,0,M101832,,T101832,Comprehensive,399,,,Single Trip,81,1,0,1,2,480
101833,77,65+,Male,Rural,Phone,0,M101833,,T101833,Third Party,678,,,Family,237,1,0,1,2,915
101838,50,45-54,Male,Rural,Email,2,M101838,,T101838,Comprehensive,1049,,,Single Trip,112,1,0,1,2,1161
101850,48,45-54,Female,Rural,Phone,0,M101850,,T101850,Comprehensive,479,,,Annual,189,1,0,1,2,668
101855,31,25-34,Male,Urban,Email,0,M101855,,T101855,Telematics,817,,,Annual,326,1,0,1,2,1143
101856,47,45-54,Male,Urban,Phone,1,M101856,,T101856,Comprehensive,781,,,Single Trip,178,1,0,1,2,959
101862,53,45-54,Female,Rural,Phone,0,M101862,,T101862,Comprehensive,533,,,Single Trip,52,1,0,1,2,585
101866,24,18-24,Female,Urban,Email,0,M101866,,T101866,Telematics,620,,,Single Trip,103,1,0,1,2,723
101870,45,45-54,Female,Urban,SMS,2,M101870,,T101870,Comprehensive,999,,,Annual,148,1,0,1,2,1147
101871,49,45-54,Male,Rural,Email,0,M101871,,T101871,Comprehensive,737,,,Single Trip,73,1,0,1,2,810
101872,75,65+,Female,Urban,Email,2,M101872,,T101872,Comprehensive,762,,,Single Trip,87,1,0,1,2,849
101874,22,18-24,Male,Urban,Phone,0,M101874,,T101874,Comprehensive,1046,,,Single Trip,80,1,0,1,2,1126
101881,48,45-54,Male,Urban,Phone,0,M101881,,T101881,Third Party,1128,,,Family,182,1,0,1,2,1310
101884,38,35-44,Female,Urban,Phone,3,M101884,,T101884,Telematics,1157,,,Single Trip,99,1,0,1,2,1256
101885,54,45-54,Male,Rural,Email,1,M101885,,T101885,Third Party,1136,,,Family,143,1,0,1,2,1279
101889,52,45-54,Male,Urban,Email,0,M101889,,T101889,Comprehensive,303,,,Single Trip,269,1,0,1,2,572
101895,45,45-54,Male,Urban,Phone,1,M101895,,T101895,Telematics,819,,,Family,94,1,0,1,2,913
101905,47,45-54,Female,Rural,Email,1,M101905,,T101905,Comprehensive,1240,,,Single Trip,273,1,0,1,2,1513
101908,53,45-54,Female,Rural,Email,0,M101908,,T101908,Comprehensive,1101,,,Single Trip,246,1,0,1,2,1347
101914,47,45-54,Male,Rural,Email,0,M101914,,T101914,Third Party,922,,,Annual,376,1,0,1,2,1298
101917,38,35-44,Female,Rural,Phone,1,M101917,,T101917,Telematics,378,,,Single Trip,405,1,0,1,2,783
101919,57,55-64,Male,Urban,Phone,0,M101919,,T101919,Telematics,777,,,Single Trip,75,1,0,1,2,852
101920,27,25-34,Male,Urban,Email,0,M101920,,T101920,Comprehensive,322,,,Annual,374,1,0,1,2,696
101921,23,18-24,Male,Rural,Email,0,M101921,,T101921,Telematics,607,,,Single Trip,348,1,0,1,2,955
101923,45,45-54,Male,Urban,Phone,0,M101923,,T101923,Comprehensive,1244,,,Family,179,1,0,1,2,1423
101931,24,18-24,Female,Urban,Email,0,M101931,,T101931,Third Party,712,,,Family,327,1,0,1,2,1039
101938,18,18-24,Female,Urban,SMS,0,M101938,,T101938,Third Party,1170,,,Single Trip,360,1,0,1,2,1530
101939,54,45-54,Male,Rural,Phone,0,M101939,,T101939,Comprehensive,512,,,Annual,220,1,0,1,2,732
101942,60,55-64,Male,Rural,Phone,1,M101942,,T101942,Third Party,952,,,Family,136,1,0,1,2,1088
101943,51,45-54,Male,Rural,Phone,0,M101943,,T101943,Third Party,566,,,Annual,353,1,0,1,2,919
101954,50,45-54,Female,Rural,Phone,4,M101954,,T101954,Third Party,776,,,Single Trip,192,1,0,1,2,968
101963,21,18-24,Non-binary,Urban,Email,0,M101963,,T101963,Comprehensive,436,,,Family,364,1,0,1,2,800
101966,19,18-24,Female,Rural,Email,0,M101966,,T101966,Third Party,508,,,Single Trip,333,1,0,1,2,841
101986,50,45-54,Female,Urban,Email,1,M101986,,T101986,Telematics,1069,,,Single Trip,272,1,0,1,2,1341
101987,49,45-54,Female,Rural,Phone,3,M101987,,T101987,Comprehensive,407,,,Single Trip,368,1,0,1,2,775
101990,18,18-24,Female,Urban,SMS,0,M101990,,T101990,Third Party,738,,,Single Trip,168,1,0,1,2,906
101995,52,45-54,Female,Urban,Phone,0,M101995,,T101995,Telematics,502,,,Single Trip,113,1,0,1,2,615
102001,62,55-64,Female,Rural,Phone,1,M102001,,T102001,Comprehensive,546,,,Annual,122,1,0,1,2,668
102010,54,45-54,Female,Urban,Email,0,M102010,,T102010,Telematics,452,,,Annual,411,1,0,1,2,863
102017,48,45-54,Female,Urban,Email,2,M102017,,T102017,Comprehensive,487,,,Single Trip,315,1,0,1,2,802
102018,51,45-54,Female,Urban,Phone,4,M102018,,T102018,Third Party,385,,,Single Trip,83,1,0,1,2,468
102020,53,45-54,Female,Urban,SMS,1,M102020,,T102020,Comprehensive,413,,,Single Trip,114,1,0,1,2,527
102028,46,45-54,Female,Rural,Phone,1,M102028,,T102028,Comprehensive,1222,,,Family,46,1,0,1,2,1268
102029,51,45-54,Male,Urban,Phone,1,M102029,,T102029,Telematics,405,,,Annual,282,1,0,1,2,687
102031,49,45-54,Male,Rural,Phone,0,M102031,,T102031,Comprehensive,693,,,Family,338,1,0,1,2,1031
102033,24,18-24,Male,Urban,SMS,0,M102033,,T102033,Third Party,769,,,Annual,206,1,0,1,2,975
102039,50,45-54,Female,Rural,Phone,0,M102039,,T102039,Third Party,954,,,Family,326,1,0,1,2,1280
100002,22,18-24,Female,Urban,Email,0,M100002,,,Third Party,712,,,,,1,0,0,1,712
100007,62,55-64,Female,Rural,Email,2,M100007,,,Comprehensive,927,,,,,1,0,0,1,927
100018,23,18-24,Female,Urban,SMS,1,M100018,,,Comprehensive,667,,,,,1,0,0,1,667
100020,53,45-54,Male,Urban,Phone,0,M100020,,,Comprehensive,885,,,,,1,0,0,1,885
100034,23,18-24,Male,Urban,Email,0,M100034,,,Third Party,886,,,,,1,0,0,1,886
100039,45,45-54,Female,Rural,Email,1,M100039,,,Third Party,414,,,,,1,0,0,1,414
100041,25,25-34,Female,Rural,SMS,0,M100041,,,Third Party,1197,,,,,1,0,0,1,1197
100045,51,45-54,Male,Rural,Phone,2,M100045,,,Telematics,472,,,,,1,0,0,1,472
100049,50,45-54,Male,Urban,Email,2,M100049,,,Comprehensive,926,,,,,1,0,0,1,926
100055,47,45-54,Male,Rural,Phone,0,M100055,,,Third Party,1245,,,,,1,0,0,1,1245
100064,24,18-24,Female,Urban,SMS,0,M100064,,,Telematics,506,,,,,1,0,0,1,506
100068,23,18-24,Male,Rural,SMS,0,M100068,,,Comprehensive,881,,,,,1,0,0,1,881
100071,27,25-34,Female,Rural,Email,0,M100071,,,Third Party,331,,,,,1,0,0,1,331
100075,55,55-64,Male,Rural,Email,2,M100075,,,Comprehensive,795,,,,,1,0,0,1,795
100086,52,45-54,Male,Rural,Email,1,M100086,,,Comprehensive,442,,,,,1,0,0,1,442
100093,54,45-54,Female,Rural,Phone,0,M100093,,,Comprehensive,456,,,,,1,0,0,1,456
100097,53,45-54,Female,Urban,Email,0,M100097,,,Telematics,506,,,,,1,0,0,1,506
100105,54,45-54,Male,Urban,Phone,3,M100105,,,Telematics,405,,,,,1,0,0,1,405
100117,47,45-54,Male,Rural,Email,1,M100117,,,Third Party,608,,,,,1,0,0,1,608
100132,20,18-24,Female,Rural,Email,0,M100132,,,Third Party,374,,,,,1,0,0,1,374
100142,50,45-54,Non-binary,Urban,Email,1,M100142,,,Third Party,688,,,,,1,0,0,1,688
100143,33,25-34,Female,Urban,Email,2,M100143,,,Third Party,1063,,,,,1,0,0,1,1063
100157,22,18-24,Female,Urban,Email,0,M100157,,,Comprehensive,1233,,,,,1,0,0,1,1233
100159,53,45-54,Male,Rural,Phone,0,M100159,,,Comprehensive,743,,,,,1,0,0,1,743
100167,45,45-54,Female,Urban,Email,2,M100167,,,Third Party,1122,,,,,1,0,0,1,1122
100173,24,18-24,Female,Urban,Email,0,M100173,,,Comprehensive,981,,,,,1,0,0,1,981
100181,45,45-54,Female,Rural,Email,3,M100181,,,Comprehensive,839,,,,,1,0,0,1,839
100190,24,18-24,Female,Urban,Email,0,M100190,,,Comprehensive,973,,,,,1,0,0,1,973
100191,47,45-54,Female,Rural,SMS,2,M100191,,,Comprehensive,1006,,,,,1,0,0,1,1006
100198,23,18-24,Male,Urban,Email,0,M100198,,,Comprehensive,552,,,,,1,0,0,1,552
100201,53,45-54,Female,Rural,Phone,0,M100201,,,Third Party,289,,,,,1,0,0,1,289
100205,20,18-24,Male,Rural,Email,0,M100205,,,Comprehensive,976,,,,,1,0,0,1,976
100207,18,18-24,Female,Urban,Phone,0,M100207,,,Comprehensive,822,,,,,1,0,0,1,822
100212,30,25-34,Male,Urban,Phone,1,M100212,,,Comprehensive,1101,,,,,1,0,0,1,1101
100213,18,18-24,Female,Rural,Email,0,M100213,,,Comprehensive,479,,,,,1,0,0,1,479
100221,19,18-24,Female,Rural,SMS,1,M100221,,,Comprehensive,628,,,,,1,0,0,1,628
100222,65,65+,Female,Rural,Phone,1,M100222,,,Third Party,1020,,,,,1,0,0,1,1020
100225,21,18-24,Male,Urban,SMS,1,M100225,,,Telematics,884,,,,,1,0,0,1,884
100227,54,45-54,Male,Urban,Email,0,M100227,,,Third Party,543,,,,,1,0,0,1,543
100229,60,55-64,Female,Urban,Phone,2,M100229,,,Third Party,957,,,,,1,0,0,1,957
100230,45,45-54,Male,Urban,Email,0,M100230,,,Comprehensive,613,,,,,1,0,0,1,613
100231,48,45-54,Female,Rural,Phone,1,M100231,,,Comprehensive,1141,,,,,1,0,0,1,1141
100242,45,45-54,Male,Urban,Email,0,M100242,,,Comprehensive,826,,,,,1,0,0,1,826
100248,54,45-54,Male,Rural,Email,2,M100248,,,Comprehensive,769,,,,,1,0,0,1,769
100250,20,18-24,Male,Urban,SMS,0,M100250,,,Comprehensive,853,,,,,1,0,0,1,853
100255,19,18-24,Female,Urban,Email,0,M100255,,,Comprehensive,420,,,,,1,0,0,1,420
100259,66,65+,Female,Urban,SMS,3,M100259,,,Third Party,305,,,,,1,0,0,1,305
100261,51,45-54,Female,Rural,SMS,3,M100261,,,Third Party,775,,,,,1,0,0,1,775
100263,54,45-54,Female,Urban,Phone,2,M100263,,,Comprehensive,883,,,,,1,0,0,1,883
100269,19,18-24,Female,Rural,Email,0,M100269,,,Comprehensive,782,,,,,1,0,0,1,782
100289,20,18-24,Female,Urban,Email,0,M100289,,,Third Party,960,,,,,1,0,0,1,960
100295,54,45-54,Male,Urban,Email,0,M100295,,,Comprehensive,393,,,,,1,0,0,1,393
100299,20,18-24,Male,Rural,Phone,0,M100299,,,Comprehensive,358,,,,,1,0,0,1,358
100304,20,18-24,Male,Urban,Email,0,M100304,,,Comprehensive,696,,,,,1,0,0,1,696
100306,24,18-24,Female,Urban,Email,0,M100306,,,Comprehensive,325,,,,,1,0,0,1,325
100309,30,25-34,Male,Rural,Email,2,M100309,,,Comprehensive,1242,,,,,1,0,0,1,1242
100314,46,45-54,Male,Rural,Email,2,M100314,,,Telematics,1151,,,,,1,0,0,1,1151
100316,48,45-54,Female,Urban,Email,1,M100316,,,Comprehensive,884,,,,,1,0,0,1,884
100320,18,18-24,Female,Rural,SMS,0,M100320,,,Comprehensive,1034,,,,,1,0,0,1,1034
100323,48,45-54,Female,Rural,Phone,2,M100323,,,Comprehensive,664,,,,,1,0,0,1,664
100328,18,18-24,Female,Rural,Phone,0,M100328,,,Third Party,1117,,,,,1,0,0,1,1117
100333,48,45-54,Male,Rural,Phone,0,M100333,,,Comprehensive,1229,,,,,1,0,0,1,1229
100334,48,45-54,Male,Rural,Email,1,M100334,,,Comprehensive,968,,,,,1,0,0,1,968
100336,53,45-54,Female,Rural,Email,1,M100336,,,Comprehensive,444,,,,,1,0,0,1,444
100338,23,18-24,Male,Urban,SMS,0,M100338,,,Third Party,773,,,,,1,0,0,1,773
100353,47,45-54,Female,Urban,Phone,0,M100353,,,Telematics,1154,,,,,1,0,0,1,1154
100355,20,18-24,Male,Urban,Email,0,M100355,,,Comprehensive,536,,,,,1,0,0,1,536
100361,70,65+,Female,Urban,Phone,1,M100361,,,Comprehensive,1041,,,,,1,0,0,1,1041
100363,19,18-24,Male,Rural,Email,0,M100363,,,Third Party,984,,,,,1,0,0,1,984
100366,23,18-24,Male,Rural,SMS,1,M100366,,,Third Party,311,,,,,1,0,0,1,311
100367,47,45-54,Male,Rural,Phone,0,M100367,,,Comprehensive,605,,,,,1,0,0,1,605
100377,19,18-24,Female,Urban,Email,0,M100377,,,Third Party,367,,,,,1,0,0,1,367
100395,18,18-24,Male,Rural,Email,0,M100395,,,Telematics,374,,,,,1,0,0,1,374
100406,20,18-24,Male,Urban,Email,1,M100406,,,Third Party,1033,,,,,1,0,0,1,1033
100415,20,18-24,Female,Urban,SMS,0,M100415,,,Comprehensive,719,,,,,1,0,0,1,719
100424,56,55-64,Female,Rural,Email,1,M100424,,,Comprehensive,753,,,,,1,0,0,1,753
100428,50,45-54,Male,Rural,Phone,1,M100428,,,Comprehensive,626,,,,,1,0,0,1,626
100429,52,45-54,Male,Rural,Email,0,M100429,,,Comprehensive,938,,,,,1,0,0,1,938
100432,21,18-24,Female,Rural,SMS,0,M100432,,,Comprehensive,562,,,,,1,0,0,1,562
100435,50,45-54,Female,Urban,Email,0,M100435,,,Comprehensive,730,,,,,1,0,0,1,730
100436,53,45-54,Female,Rural,Phone,3,M100436,,,Telematics,397,,,,,1,0,0,1,397
100439,49,45-54,Female,Urban,Phone,0,M100439,,,Comprehensive,874,,,,,1,0,0,1,874
100441,53,45-54,Female,Urban,Email,1,M100441,,,Comprehensive,1066,,,,,1,0,0,1,1066
100445,32,25-34,Female,Urban,Phone,2,M100445,,,Comprehensive,306,,,,,1,0,0,1,306
100447,22,18-24,Male,Rural,Email,0,M100447,,,Comprehensive,1018,,,,,1,0,0,1,1018
100450,24,18-24,Female,Rural,Phone,0,M100450,,,Third Party,593,,,,,1,0,0,1,593
100453,19,18-24,Male,Urban,SMS,0,M100453,,,Third Party,1035,,,,,1,0,0,1,1035
100465,54,45-54,Male,Rural,Email,0,M100465,,,Third Party,1081,,,,,1,0,0,1,1081
100485,51,45-54,Female,Rural,Email,0,M100485,,,Third Party,1020,,,,,1,0,0,1,1020
100486,49,45-54,Female,Urban,Email,0,M100486,,,Third Party,881,,,,,1,0,0,1,881
100496,52,45-54,Male,Urban,Phone,0,M100496,,,Third Party,1082,,,,,1,0,0,1,1082
100497,19,18-24,Female,Rural,Phone,0,M100497,,,Comprehensive,902,,,,,1,0,0,1,902
100509,45,45-54,Female,Urban,Phone,0,M100509,,,Comprehensive,316,,,,,1,0,0,1,316
100518,63,55-64,Male,Rural,Phone,0,M100518,,,Third Party,706,,,,,1,0,0,1,706
100523,26,25-34,Male,Urban,Email,1,M100523,,,Third Party,287,,,,,1,0,0,1,287
100527,48,45-54,Female,Rural,Email,0,M100527,,,Comprehensive,405,,,,,1,0,0,1,405
100528,29,25-34,Male,Urban,SMS,5,M100528,,,Third Party,1243,,,,,1,0,0,1,1243
100529,46,45-54,Male,Urban,SMS,2,M100529,,,Comprehensive,709,,,,,1,0,0,1,709
100543,29,25-34,Male,Rural,Email,5,M100543,,,Comprehensive,505,,,,,1,0,0,1,505
100546,50,45-54,Male,Rural,Email,1,M100546,,,Comprehensive,701,,,,,1,0,0,1,701
100556,18,18-24,Female,Urban,Email,0,M100556,,,Third Party,1219,,,,,1,0,0,1,1219
100559,24,18-24,Male,Urban,Email,0,M100559,,,Comprehensive,1029,,,,,1,0,0,1,1029
100568,21,18-24,Male,Rural,Email,0,M100568,,,Third Party,1024,,,,,1,0,0,1,1024
100573,47,45-54,Male,Rural,Email,1,M100573,,,Third Party,1224,,,,,1,0,0,1,1224
100581,20,18-24,Female,Rural,Email,0,M100581,,,Comprehensive,951,,,,,1,0,0,1,951
100582,46,45-54,Male,Urban,SMS,1,M100582,,,Comprehensive,1055,,,,,1,0,0,1,1055
100583,60,55-64,Male,Urban,Phone,3,M100583,,,Telematics,696,,,,,1,0,0,1,696
100585,20,18-24,Male,Rural,SMS,0,M100585,,,Comprehensive,1134,,,,,1,0,0,1,1134
100587,49,45-54,Male,Urban,Phone,1,M100587,,,Third Party,356,,,,,1,0,0,1,356
100590,50,45-54,Male,Urban,Email,1,M100590,,,Comprehensive,980,,,,,1,0,0,1,980
100591,45,45-54,Male,Rural,Email,0,M100591,,,Comprehensive,689,,,,,1,0,0,1,689
100593,48,45-54,Female,Urban,Email,3,M100593,,,Third Party,342,,,,,1,0,0,1,342
100598,46,45-54,Male,Rural,SMS,0,M100598,,,Third Party,829,,,,,1,0,0,1,829
100599,20,18-24,Male,Urban,Email,0,M100599,,,Third Party,542,,,,,1,0,0,1,542
100612,24,18-24,Male,Rural,Email,0,M100612,,,Third Party,1151,,,,,1,0,0,1,1151
100614,22,18-24,Female,Urban,Email,0,M100614,,,Comprehensive,704,,,,,1,0,0,1,704
100615,54,45-54,Male,Urban,Email,2,M100615,,,Telematics,824,,,,,1,0,0,1,824
100621,24,18-24,Female,Urban,Phone,0,M100621,,,Third Party,567,,,,,1,0,0,1,567
100625,30,25-34,Non-binary,Urban,SMS,2,M100625,,,Third Party,617,,,,,1,0,0,1,617
100627,54,45-54,Male,Rural,Email,2,M100627,,,Comprehensive,532,,,,,1,0,0,1,532
100630,22,18-24,Female,Urban,Email,0,M100630,,,Comprehensive,962,,,,,1,0,0,1,962
100637,54,45-54,Male,Rural,SMS,0,M100637,,,Comprehensive,1202,,,,,1,0,0,1,1202
100640,23,18-24,Female,Rural,Email,0,M100640,,,Comprehensive,1030,,,,,1,0,0,1,1030
100646,19,18-24,Female,Urban,SMS,0,M100646,,,Comprehensive,985,,,,,1,0,0,1,985
100652,46,45-54,Male,Rural,Email,0,M100652,,,Comprehensive,697,,,,,1,0,0,1,697
100654,51,45-54,Female,Urban,Email,2,M100654,,,Third Party,497,,,,,1,0,0,1,497
100664,54,45-54,Male,Urban,Email,0,M100664,,,Third Party,1148,,,,,1,0,0,1,1148
100666,58,55-64,Male,Urban,Phone,0,M100666,,,Comprehensive,1147,,,,,1,0,0,1,1147
100680,51,45-54,Male,Urban,Phone,2,M100680,,,Third Party,733,,,,,1,0,0,1,733
100683,48,45-54,Female,Rural,SMS,2,M100683,,,Telematics,410,,,,,1,0,0,1,410
100699,45,45-54,Male,Urban,Phone,0,M100699,,,Third Party,871,,,,,1,0,0,1,871
100707,50,45-54,Female,Urban,Email,2,M100707,,,Third Party,961,,,,,1,0,0,1,961
100713,51,45-54,Male,Rural,SMS,2,M100713,,,Comprehensive,1142,,,,,1,0,0,1,1142
100716,45,45-54,Female,Urban,Phone,1,M100716,,,Third Party,521,,,,,1,0,0,1,521
100717,48,45-54,Female,Urban,Phone,1,M100717,,,Telematics,472,,,,,1,0,0,1,472
100718,21,18-24,Male,Rural,Phone,0,M100718,,,Comprehensive,962,,,,,1,0,0,1,962
100720,54,45-54,Male,Urban,SMS,0,M100720,,,Third Party,1083,,,,,1,0,0,1,1083
100730,50,45-54,Female,Urban,Phone,2,M100730,,,Comprehensive,1060,,,,,1,0,0,1,1060
100733,52,45-54,Male,Urban,Email,3,M100733,,,Comprehensive,683,,,,,1,0,0,1,683
100738,48,45-54,Female,Urban,Email,1,M100738,,,Third Party,723,,,,,1,0,0,1,723
100741,48,45-54,Male,Urban,Phone,0,M100741,,,Telematics,348,,,,,1,0,0,1,348
100744,48,45-54,Male,Urban,Email,1,M100744,,,Third Party,844,,,,,1,0,0,1,844
100746,53,45-54,Male,Rural,Email,1,M100746,,,Comprehensive,442,,,,,1,0,0,1,442
100750,45,45-54,Male,Urban,Email,1,M100750,,,Comprehensive,385,,,,,1,0,0,1,385
100753,53,45-54,Male,Urban,Email,1,M100753,,,Comprehensive,743,,,,,1,0,0,1,743
100764,52,45-54,Female,Urban,Phone,2,M100764,,,Third Party,885,,,,,1,0,0,1,885
100768,45,45-54,Female,Rural,Phone,1,M100768,,,Comprehensive,865,,,,,1,0,0,1,865
100777,20,18-24,Male,Urban,Email,0,M100777,,,Comprehensive,782,,,,,1,0,0,1,782
100780,46,45-54,Female,Rural,Email,4,M100780,,,Telematics,407,,,,,1,0,0,1,407
100795,22,18-24,Female,Rural,SMS,0,M100795,,,Comprehensive,886,,,,,1,0,0,1,886
100808,51,45-54,Male,Rural,Phone,1,M100808,,,Comprehensive,1121,,,,,1,0,0,1,1121
100810,53,45-54,Female,Rural,Phone,1,M100810,,,Third Party,1117,,,,,1,0,0,1,1117
100821,42,35-44,Female,Urban,Phone,1,M100821,,,Telematics,501,,,,,1,0,0,1,501
100822,46,45-54,Female,Rural,Email,4,M100822,,,Telematics,358,,,,,1,0,0,1,358
100825,19,18-24,Female,Urban,Email,0,M100825,,,Comprehensive,1213,,,,,1,0,0,1,1213
100826,48,45-54,Female,Urban,Phone,1,M100826,,,Comprehensive,766,,,,,1,0,0,1,766
100832,22,18-24,Female,Rural,Email,0,M100832,,,Third Party,315,,,,,1,0,0,1,315
100834,28,25-34,Male,Rural,SMS,2,M100834,,,Third Party,647,,,,,1,0,0,1,647
100837,53,45-54,Male,Rural,Phone,3,M100837,,,Comprehensive,575,,,,,1,0,0,1,575
100838,24,18-24,Female,Rural,Email,0,M100838,,,Comprehensive,484,,,,,1,0,0,1,484
100839,18,18-24,Male,Rural,Email,1,M100839,,,Telematics,1158,,,,,1,0,0,1,1158
100842,29,25-34,Female,Rural,SMS,1,M100842,,,Comprehensive,1044,,,,,1,0,0,1,1044
100846,45,45-54,Male,Urban,Email,1,M100846,,,Third Party,1096,,,,,1,0,0,1,1096
100847,23,18-24,Male,Urban,SMS,0,M100847,,,Third Party,650,,,,,1,0,0,1,650
100853,53,45-54,Male,Urban,Phone,2,M100853,,,Comprehensive,307,,,,,1,0,0,1,307
100856,38,35-44,Male,Urban,Email,2,M100856,,,Comprehensive,950,,,,,1,0,0,1,950
100857,46,45-54,Male,Urban,Phone,1,M100857,,,Telematics,1039,,,,,1,0,0,1,1039
100860,21,18-24,Male,Urban,Email,0,M100860,,,Comprehensive,988,,,,,1,0,0,1,988
100865,50,45-54,Male,Rural,SMS,1,M100865,,,Comprehensive,490,,,,,1,0,0,1,490
100879,54,45-54,Male,Rural,Email,1,M100879,,,Comprehensive,631,,,,,1,0,0,1,631
100890,53,45-54,Female,Rural,Phone,1,M100890,,,Third Party,318,,,,,1,0,0,1,318
100897,45,45-54,Female,Urban,Email,1,M100897,,,Comprehensive,699,,,,,1,0,0,1,699
100900,72,65+,Male,Rural,Phone,2,M100900,,,Comprehensive,614,,,,,1,0,0,1,614
100901,50,45-54,Male,Urban,Email,1,M100901,,,Telematics,371,,,,,1,0,0,1,371
100907,51,45-54,Female,Urban,Phone,3,M100907,,,Third Party,747,,,,,1,0,0,1,747
100910,54,45-54,Male,Urban,Email,0,M100910,,,Comprehensive,664,,,,,1,0,0,1,664
100917,53,45-54,Female,Rural,Phone,3,M100917,,,Comprehensive,877,,,,,1,0,0,1,877
100927,52,45-54,Male,Rural,SMS,1,M100927,,,Third Party,1193,,,,,1,0,0,1,1193
100930,53,45-54,Female,Urban,Phone,1,M100930,,,Comprehensive,351,,,,,1,0,0,1,351
100936,25,25-34,Female,Rural,Email,0,M100936,,,Comprehensive,1058,,,,,1,0,0,1,1058
100938,19,18-24,Male,Urban,Email,0,M100938,,,Third Party,673,,,,,1,0,0,1,673
100939,53,45-54,Male,Urban,Phone,0,M100939,,,Third Party,625,,,,,1,0,0,1,625
100942,54,45-54,Non-binary,Rural,Phone,1,M100942,,,Comprehensive,841,,,,,1,0,0,1,841
100943,34,25-34,Female,Urban,Email,0,M100943,,,Comprehensive,699,,,,,1,0,0,1,699
100954,50,45-54,Male,Urban,SMS,0,M100954,,,Comprehensive,898,,,,,1,0,0,1,898
100964,48,45-54,Female,Rural,Email,1,M100964,,,Comprehensive,440,,,,,1,0,0,1,440
100965,21,18-24,Male,Rural,Phone,0,M100965,,,Third Party,602,,,,,1,0,0,1,602
100971,19,18-24,Male,Rural,Email,1,M100971,,,Comprehensive,389,,,,,1,0,0,1,389
100980,18,18-24,Male,Urban,SMS,0,M100980,,,Comprehensive,403,,,,,1,0,0,1,403
100981,21,18-24,Male,Urban,SMS,0,M100981,,,Comprehensive,1215,,,,,1,0,0,1,1215
100984,47,45-54,Female,Urban,Phone,1,M100984,,,Third Party,981,,,,,1,0,0,1,981
100998,48,45-54,Male,Rural,Email,1,M100998,,,Third Party,868,,,,,1,0,0,1,868
101008,47,45-54,Female,Rural,Phone,1,M101008,,,Comprehensive,1063,,,,,1,0,0,1,1063
101009,46,45-54,Male,Urban,Phone,0,M101009,,,Third Party,1241,,,,,1,0,0,1,1241
101011,23,18-24,Female,Rural,SMS,0,M101011,,,Comprehensive,1159,,,,,1,0,0,1,1159
101012,50,45-54,Male,Rural,Email,1,M101012,,,Comprehensive,1203,,,,,1,0,0,1,1203
101014,21,18-24,Male,Rural,Email,0,M101014,,,Comprehensive,388,,,,,1,0,0,1,388
101021,54,45-54,Female,Urban,SMS,6,M101021,,,Third Party,1010,,,,,1,0,0,1,1010
101030,45,45-54,Male,Rural,Email,1,M101030,,,Third Party,1124,,,,,1,0,0,1,1124
101034,51,45-54,Male,Rural,Email,1,M101034,,,Telematics,967,,,,,1,0,0,1,967
101036,23,18-24,Male,Rural,Email,0,M101036,,,Comprehensive,998,,,,,1,0,0,1,998
101043,19,18-24,Female,Rural,Phone,1,M101043,,,Comprehensive,492,,,,,1,0,0,1,492
101046,46,45-54,Male,Rural,Phone,1,M101046,,,Telematics,938,,,,,1,0,0,1,938
101059,21,18-24,Male,Urban,Phone,0,M101059,,,Third Party,770,,,,,1,0,0,1,770
101072,67,65+,Male,Urban,Phone,1,M101072,,,Comprehensive,1061,,,,,1,0,0,1,1061
101081,45,45-54,Female,Urban,Phone,1,M101081,,,Comprehensive,375,,,,,1,0,0,1,375
101093,52,45-54,Female,Urban,Phone,1,M101093,,,Third Party,959,,,,,1,0,0,1,959
101094,45,45-54,Female,Rural,Email,0,M101094,,,Comprehensive,608,,,,,1,0,0,1,608
101095,52,45-54,Female,Rural,Phone,2,M101095,,,Telematics,355,,,,,1,0,0,1,355
101112,22,18-24,Female,Rural,SMS,0,M101112,,,Third Party,294,,,,,1,0,0,1,294
101115,47,45-54,Male,Urban,Phone,1,M101115,,,Telematics,853,,,,,1,0,0,1,853
101122,46,45-54,Male,Rural,SMS,0,M101122,,,Comprehensive,782,,,,,1,0,0,1,782
101125,50,45-54,Male,Rural,Email,1,M101125,,,Telematics,977,,,,,1,0,0,1,977
101128,22,18-24,Female,Urban,Email,0,M101128,,,Third Party,892,,,,,1,0,0,1,892
101133,50,45-54,Female,Rural,Phone,0,M101133,,,Third Party,756,,,,,1,0,0,1,756
101134,24,18-24,Female,Urban,SMS,0,M101134,,,Telematics,673,,,,,1,0,0,1,673
101148,33,25-34,Female,Urban,Email,0,M101148,,,Telematics,1104,,,,,1,0,0,1,1104
101151,23,18-24,Male,Urban,Email,0,M101151,,,Comprehensive,1114,,,,,1,0,0,1,1114
101165,21,18-24,Female,Urban,Email,0,M101165,,,Telematics,350,,,,,1,0,0,1,350
101177,70,65+,Male,Urban,Phone,0,M101177,,,Comprehensive,617,,,,,1,0,0,1,617
101182,19,18-24,Male,Urban,SMS,0,M101182,,,Comprehensive,304,,,,,1,0,0,1,304
101198,20,18-24,Female,Urban,SMS,0,M101198,,,Comprehensive,1218,,,,,1,0,0,1,1218
101199,23,18-24,Female,Urban,Email,0,M101199,,,Telematics,1234,,,,,1,0,0,1,1234
101202,51,45-54,Male,Urban,Email,0,M101202,,,Comprehensive,658,,,,,1,0,0,1,658
101217,48,45-54,Male,Rural,Phone,0,M101217,,,Comprehensive,814,,,,,1,0,0,1,814
101225,46,45-54,Female,Rural,Phone,1,M101225,,,Comprehensive,695,,,,,1,0,0,1,695
101226,41,35-44,Female,Rural,Email,0,M101226,,,Comprehensive,968,,,,,1,0,0,1,968
101228,50,45-54,Male,Rural,Email,0,M101228,,,Telematics,931,,,,,1,0,0,1,931
101235,23,18-24,Female,Rural,Phone,0,M101235,,,Third Party,1198,,,,,1,0,0,1,1198
101237,45,45-54,Male,Rural,Email,1,M101237,,,Comprehensive,951,,,,,1,0,0,1,951
101238,63,55-64,Female,Urban,Email,1,M101238,,,Comprehensive,755,,,,,1,0,0,1,755
101245,63,55-64,Female,Urban,Phone,1,M101245,,,Comprehensive,1055,,,,,1,0,0,1,1055
101246,35,35-44,Female,Rural,Phone,0,M101246,,,Comprehensive,448,,,,,1,0,0,1,448
101247,50,45-54,Female,Urban,SMS,1,M101247,,,Third Party,380,,,,,1,0,0,1,380
101248,70,65+,Female,Urban,SMS,1,M101248,,,Comprehensive,818,,,,,1,0,0,1,818
101257,22,18-24,Male,Rural,Phone,0,M101257,,,Third Party,1132,,,,,1,0,0,1,1132
101278,21,18-24,Male,Urban,Email,0,M101278,,,Comprehensive,1046,,,,,1,0,0,1,1046
101283,27,25-34,Male,Rural,Email,0,M101283,,,Comprehensive,293,,,,,1,0,0,1,293
101290,51,45-54,Male,Urban,Email,0,M101290,,,Comprehensive,819,,,,,1,0,0,1,819
101297,49,45-54,Female,Urban,Phone,0,M101297,,,Comprehensive,426,,,,,1,0,0,1,426
101300,45,45-54,Male,Urban,Phone,1,M101300,,,Comprehensive,1224,,,,,1,0,0,1,1224
101308,61,55-64,Male,Urban,Email,2,M101308,,,Comprehensive,1049,,,,,1,0,0,1,1049
101310,47,45-54,Male,Rural,Email,1,M101310,,,Telematics,915,,,,,1,0,0,1,915
101317,45,45-54,Male,Urban,Email,1,M101317,,,Third Party,551,,,,,1,0,0,1,551
101332,49,45-54,Female,Rural,SMS,2,M101332,,,Third Party,893,,,,,1,0,0,1,893
101342,54,45-54,Male,Urban,SMS,0,M101342,,,Comprehensive,988,,,,,1,0,0,1,988
101353,18,18-24,Female,Urban,SMS,0,M101353,,,Comprehensive,993,,,,,1,0,0,1,993
101354,18,18-24,Male,Urban,Email,0,M101354,,,Third Party,793,,,,,1,0,0,1,793
101356,54,45-54,Female,Rural,Phone,0,M101356,,,Telematics,935,,,,,1,0,0,1,935
101366,47,45-54,Male,Urban,Email,2,M101366,,,Comprehensive,653,,,,,1,0,0,1,653
101367,51,45-54,Male,Urban,Email,1,M101367,,,Comprehensive,576,,,,,1,0,0,1,576
101368,53,45-54,Male,Rural,Phone,0,M101368,,,Comprehensive,460,,,,,1,0,0,1,460
101378,19,18-24,Male,Rural,Phone,0,M101378,,,Telematics,551,,,,,1,0,0,1,551
101386,20,18-24,Female,Urban,Email,0,M101386,,,Comprehensive,1130,,,,,1,0,0,1,1130
101387,22,18-24,Male,Urban,Email,0,M101387,,,Comprehensive,903,,,,,1,0,0,1,903
101388,24,18-24,Male,Urban,SMS,0,M101388,,,Comprehensive,996,,,,,1,0,0,1,996
101394,22,18-24,Male,Urban,Email,0,M101394,,,Comprehensive,1135,,,,,1,0,0,1,1135
101396,53,45-54,Male,Rural,Phone,0,M101396,,,Comprehensive,817,,,,,1,0,0,1,817
101400,52,45-54,Male,Rural,Phone,1,M101400,,,Telematics,697,,,,,1,0,0,1,697
101401,21,18-24,Male,Rural,Email,1,M101401,,,Telematics,922,,,,,1,0,0,1,922
101405,18,18-24,Male,Rural,Email,0,M101405,,,Comprehensive,673,,,,,1,0,0,1,673
101407,46,45-54,Male,Urban,Phone,0,M101407,,,Comprehensive,824,,,,,1,0,0,1,824
101412,22,18-24,Male,Urban,Phone,0,M101412,,,Third Party,1177,,,,,1,0,0,1,1177
101415,18,18-24,Female,Rural,Email,0,M101415,,,Third Party,1174,,,,,1,0,0,1,1174
101417,22,18-24,Female,Rural,Email,0,M101417,,,Telematics,580,,,,,1,0,0,1,580
101435,24,18-24,Male,Rural,Phone,0,M101435,,,Third Party,907,,,,,1,0,0,1,907
101437,48,45-54,Male,Urban,Phone,1,M101437,,,Telematics,1157,,,,,1,0,0,1,1157
101444,23,18-24,Male,Rural,SMS,0,M101444,,,Comprehensive,363,,,,,1,0,0,1,363
101459,50,45-54,Female,Rural,Phone,1,M101459,,,Comprehensive,473,,,,,1,0,0,1,473
101460,54,45-54,Male,Rural,Phone,1,M101460,,,Comprehensive,926,,,,,1,0,0,1,926
101466,21,18-24,Male,Rural,Phone,0,M101466,,,Third Party,773,,,,,1,0,0,1,773
101468,22,18-24,Male,Rural,SMS,1,M101468,,,Comprehensive,897,,,,,1,0,0,1,897
101475,22,18-24,Female,Rural,Email,0,M101475,,,Comprehensive,744,,,,,1,0,0,1,744
101476,65,65+,Female,Urban,SMS,2,M101476,,,Telematics,652,,,,,1,0,0,1,652
101477,51,45-54,Female,Urban,Phone,1,M101477,,,Third Party,907,,,,,1,0,0,1,907
101495,25,25-34,Female,Rural,Email,1,M101495,,,Third Party,408,,,,,1,0,0,1,408
101498,45,45-54,Male,Rural,Phone,5,M101498,,,Third Party,1092,,,,,1,0,0,1,1092
101509,49,45-54,Male,Urban,SMS,2,M101509,,,Comprehensive,440,,,,,1,0,0,1,440
101513,49,45-54,Male,Urban,SMS,1,M101513,,,Comprehensive,1015,,,,,1,0,0,1,1015
101522,46,45-54,Male,Urban,Email,3,M101522,,,Comprehensive,748,,,,,1,0,0,1,748
101523,21,18-24,Female,Rural,Email,0,M101523,,,Comprehensive,995,,,,,1,0,0,1,995
101528,24,18-24,Male,Urban,SMS,0,M101528,,,Third Party,486,,,,,1,0,0,1,486
101529,24,18-24,Non-binary,Urban,Phone,0,M101529,,,Comprehensive,342,,,,,1,0,0,1,342
101530,51,45-54,Female,Urban,Phone,1,M101530,,,Comprehensive,579,,,,,1,0,0,1,579
101538,23,18-24,Female,Urban,SMS,0,M101538,,,Comprehensive,596,,,,,1,0,0,1,596
101541,20,18-24,Male,Urban,Phone,0,M101541,,,Comprehensive,844,,,,,1,0,0,1,844
101542,51,45-54,Male,Rural,Email,0,M101542,,,Comprehensive,664,,,,,1,0,0,1,664
101546,54,45-54,Male,Urban,Email,0,M101546,,,Comprehensive,664,,,,,1,0,0,1,664
101550,54,45-54,Male,Urban,Email,4,M101550,,,Comprehensive,566,,,,,1,0,0,1,566
101551,74,65+,Female,Urban,Phone,1,M101551,,,Third Party,557,,,,,1,0,0,1,557
101557,47,45-54,Male,Rural,Phone,2,M101557,,,Telematics,790,,,,,1,0,0,1,790
101565,20,18-24,Female,Rural,SMS,0,M101565,,,Third Party,940,,,,,1,0,0,1,940
101568,51,45-54,Male,Urban,SMS,1,M101568,,,Third Party,1078,,,,,1,0,0,1,1078
101583,49,45-54,Female,Urban,Phone,1,M101583,,,Comprehensive,1021,,,,,1,0,0,1,1021
101587,45,45-54,Male,Rural,Email,2,M101587,,,Comprehensive,374,,,,,1,0,0,1,374
101588,49,45-54,Female,Urban,Email,4,M101588,,,Third Party,1173,,,,,1,0,0,1,1173
101599,22,18-24,Male,Rural,SMS,1,M101599,,,Telematics,661,,,,,1,0,0,1,661
101605,24,18-24,Male,Rural,Email,0,M101605,,,Third Party,452,,,,,1,0,0,1,452
101606,19,18-24,Male,Rural,Email,0,M101606,,,Comprehensive,515,,,,,1,0,0,1,515
101612,51,45-54,Male,Rural,Phone,2,M101612,,,Third Party,655,,,,,1,0,0,1,655
101613,35,35-44,Male,Urban,Email,2,M101613,,,Comprehensive,509,,,,,1,0,0,1,509
101614,20,18-24,Female,Rural,SMS,0,M101614,,,Telematics,789,,,,,1,0,0,1,789
101621,40,35-44,Female,Urban,Email,0,M101621,,,Third Party,424,,,,,1,0,0,1,424
101624,51,45-54,Male,Rural,Phone,1,M101624,,,Comprehensive,311,,,,,1,0,0,1,311
101630,49,45-54,Male,Rural,Email,0,M101630,,,Third Party,356,,,,,1,0,0,1,356
101632,19,18-24,Female,Urban,Email,0,M101632,,,Third Party,1224,,,,,1,0,0,1,1224
101638,50,45-54,Female,Urban,Phone,1,M101638,,,Comprehensive,1171,,,,,1,0,0,1,1171
101644,21,18-24,Female,Urban,Email,0,M101644,,,Third Party,805,,,,,1,0,0,1,805
101647,50,45-54,Female,Rural,Phone,2,M101647,,,Comprehensive,1089,,,,,1,0,0,1,1089
101648,53,45-54,Female,Urban,Phone,1,M101648,,,Comprehensive,334,,,,,1,0,0,1,334
101665,23,18-24,Female,Urban,SMS,0,M101665,,,Telematics,1054,,,,,1,0,0,1,1054
101685,50,45-54,Non-binary,Rural,Email,0,M101685,,,Comprehensive,750,,,,,1,0,0,1,750
101687,52,45-54,Female,Urban,SMS,0,M101687,,,Comprehensive,334,,,,,1,0,0,1,334
101688,21,18-24,Male,Rural,Email,0,M101688,,,Third Party,333,,,,,1,0,0,1,333
101690,53,45-54,Female,Urban,Email,0,M101690,,,Comprehensive,1029,,,,,1,0,0,1,1029
101723,21,18-24,Male,Rural,SMS,0,M101723,,,Comprehensive,595,,,,,1,0,0,1,595
101725,53,45-54,Male,Rural,Email,0,M101725,,,Third Party,588,,,,,1,0,0,1,588
101729,23,18-24,Male,Urban,SMS,0,M101729,,,Third Party,738,,,,,1,0,0,1,738
101741,47,45-54,Female,Rural,Email,2,M101741,,,Comprehensive,380,,,,,1,0,0,1,380
101752,24,18-24,Male,Urban,Email,1,M101752,,,Telematics,370,,,,,1,0,0,1,370
101758,19,18-24,Female,Rural,SMS,0,M101758,,,Third Party,637,,,,,1,0,0,1,637
101765,18,18-24,Male,Urban,SMS,0,M101765,,,Comprehensive,488,,,,,1,0,0,1,488
101773,47,45-54,Male,Urban,Phone,0,M101773,,,Comprehensive,564,,,,,1,0,0,1,564
101776,54,45-54,Male,Urban,Phone,3,M101776,,,Telematics,459,,,,,1,0,0,1,459
101786,32,25-34,Male,Rural,Email,2,M101786,,,Comprehensive,870,,,,,1,0,0,1,870
101791,53,45-54,Female,Urban,Phone,2,M101791,,,Telematics,733,,,,,1,0,0,1,733
101800,53,45-54,Female,Rural,Phone,0,M101800,,,Third Party,549,,,,,1,0,0,1,549
101802,28,25-34,Male,Urban,Email,0,M101802,,,Comprehensive,397,,,,,1,0,0,1,397
101814,47,45-54,Female,Rural,Email,2,M101814,,,Comprehensive,784,,,,,1,0,0,1,784
101840,22,18-24,Male,Urban,Email,0,M101840,,,Third Party,400,,,,,1,0,0,1,400
101841,20,18-24,Female,Rural,Email,0,M101841,,,Comprehensive,639,,,,,1,0,0,1,639
101844,49,45-54,Male,Rural,Email,1,M101844,,,Telematics,662,,,,,1,0,0,1,662
101846,51,45-54,Female,Rural,SMS,0,M101846,,,Comprehensive,380,,,,,1,0,0,1,380
101849,64,55-64,Female,Urban,Phone,1,M101849,,,Comprehensive,623,,,,,1,0,0,1,623
101853,40,35-44,Female,Rural,Email,1,M101853,,,Telematics,393,,,,,1,0,0,1,393
101860,19,18-24,Female,Urban,Phone,1,M101860,,,Comprehensive,789,,,,,1,0,0,1,789
101861,20,18-24,Female,Urban,Email,0,M101861,,,Third Party,986,,,,,1,0,0,1,986
101873,28,25-34,Female,Rural,Email,1,M101873,,,Third Party,323,,,,,1,0,0,1,323
101887,49,45-54,Female,Urban,Phone,0,M101887,,,Third Party,1175,,,,,1,0,0,1,1175
101897,26,25-34,Male,Rural,Email,0,M101897,,,Third Party,989,,,,,1,0,0,1,989
101899,24,18-24,Male,Rural,Email,0,M101899,,,Comprehensive,592,,,,,1,0,0,1,592
101902,47,45-54,Male,Urban,Phone,2,M101902,,,Comprehensive,708,,,,,1,0,0,1,708
101904,32,25-34,Female,Urban,Email,0,M101904,,,Comprehensive,455,,,,,1,0,0,1,455
101911,54,45-54,Female,Urban,Phone,2,M101911,,,Comprehensive,487,,,,,1,0,0,1,487
101912,21,18-24,Male,Rural,Email,0,M101912,,,Comprehensive,851,,,,,1,0,0,1,851
101922,53,45-54,Male,Urban,Phone,0,M101922,,,Third Party,678,,,,,1,0,0,1,678
101929,22,18-24,Male,Rural,Phone,0,M101929,,,Comprehensive,321,,,,,1,0,0,1,321
101932,21,18-24,Male,Rural,Email,0,M101932,,,Third Party,787,,,,,1,0,0,1,787
101934,52,45-54,Female,Rural,Email,0,M101934,,,Comprehensive,544,,,,,1,0,0,1,544
101940,36,35-44,Female,Urban,Phone,2,M101940,,,Comprehensive,531,,,,,1,0,0,1,531
101948,45,45-54,Female,Urban,Phone,1,M101948,,,Comprehensive,897,,,,,1,0,0,1,897
101959,35,35-44,Male,Urban,Phone,1,M101959,,,Comprehensive,1080,,,,,1,0,0,1,1080
101968,25,25-34,Female,Rural,Email,0,M101968,,,Telematics,923,,,,,1,0,0,1,923
101969,66,65+,Female,Rural,Phone,0,M101969,,,Telematics,884,,,,,1,0,0,1,884
101970,58,55-64,Male,Rural,Phone,1,M101970,,,Comprehensive,1090,,,,,1,0,0,1,1090
101973,45,45-54,Female,Rural,Email,2,M101973,,,Comprehensive,1237,,,,,1,0,0,1,1237
101978,47,45-54,Female,Rural,Phone,2,M101978,,,Comprehensive,654,,,,,1,0,0,1,654
101981,57,55-64,Male,Rural,Phone,3,M101981,,,Third Party,887,,,,,1,0,0,1,887
101984,22,18-24,Female,Urban,Email,0,M101984,,,Comprehensive,359,,,,,1,0,0,1,359
101992,46,45-54,Male,Rural,Phone,0,M101992,,,Third Party,534,,,,,1,0,0,1,534
101993,54,45-54,Male,Urban,Email,2,M101993,,,Comprehensive,765,,,,,1,0,0,1,765
102000,45,45-54,Female,Rural,Phone,0,M102000,,,Comprehensive,1131,,,,,1,0,0,1,1131
102002,54,45-54,Male,Urban,Phone,2,M102002,,,Comprehensive,295,,,,,1,0,0,1,295
102007,52,45-54,Female,Rural,Email,1,M102007,,,Comprehensive,1241,,,,,1,0,0,1,1241
102009,23,18-24,Female,Urban,SMS,0,M102009,,,Comprehensive,754,,,,,1,0,0,1,754
102013,40,35-44,Female,Rural,Email,1,M102013,,,Comprehensive,1124,,,,,1,0,0,1,1124
102022,30,25-34,Male,Rural,Email,1,M102022,,,Comprehensive,840,,,,,1,0,0,1,840
102024,20,18-24,Female,Urban,SMS,0,M102024,,,Comprehensive,646,,,,,1,0,0,1,646
102030,20,18-24,Male,Urban,SMS,0,M102030,,,Comprehensive,1067,,,,,1,0,0,1,1067
102034,24,18-24,Male,Rural,Email,0,M102034,,,Comprehensive,747,,,,,1,0,0,1,747
102035,52,45-54,Male,Urban,Email,0,M102035,,,Third Party,402,,,,,1,0,0,1,402
102037,52,45-54,Male,Urban,Phone,0,M102037,,,Third Party,993,,,,,1,0,0,1,993
102047,22,18-24,Male,Rural,Email,0,M102047,,,Third Party,912,,,,,1,0,0,1,912
100011,63,55-64,Female,Urban,SMS,2,,H100011,T100011,,,Core,1568,Annual,309,0,1,1,2,1877
100017,47,45-54,Male,Rural,Email,1,,H100017,T100017,,,Enhanced,396,Single Trip,120,0,1,1,2,516
100019,53,45-54,Female,Rural,SMS,0,,H100019,T100019,,,Enhanced,593,Annual,369,0,1,1,2,962
100030,51,45-54,Male,Rural,Email,1,,H100030,T100030,,,Core,437,Single Trip,332,0,1,1,2,769
100031,20,18-24,Female,Urban,Email,0,,H100031,T100031,,,Enhanced,1250,Annual,355,0,1,1,2,1605
100038,38,35-44,Female,Rural,SMS,1,,H100038,T100038,,,Core,1239,Single Trip,389,0,1,1,2,1628
100044,50,45-54,Non-binary,Rural,Phone,0,,H100044,T100044,,,Enhanced,896,Annual,133,0,1,1,2,1029
100061,18,18-24,Male,Urban,Email,0,,H100061,T100061,,,Enhanced,1222,Annual,181,0,1,1,2,1403
100063,18,18-24,Female,Urban,SMS,0,,H100063,T100063,,,Core,1211,Family,216,0,1,1,2,1427
100066,47,45-54,Male,Urban,Phone,2,,H100066,T100066,,,Family,1695,Single Trip,72,0,1,1,2,1767
100067,20,18-24,Male,Urban,Email,0,,H100067,T100067,,,Enhanced,1578,Single Trip,236,0,1,1,2,1814
100079,78,65+,Female,Rural,Phone,0,,H100079,T100079,,,Core,747,Single Trip,236,0,1,1,2,983
100080,50,45-54,Male,Urban,Phone,0,,H100080,T100080,,,Enhanced,1022,Family,140,0,1,1,2,1162
100088,39,35-44,Female,Urban,Email,2,,H100088,T100088,,,Core,965,Family,53,0,1,1,2,1018
100102,52,45-54,Male,Urban,Phone,0,,H100102,T100102,,,Core,1126,Family,94,0,1,1,2,1220
100104,24,18-24,Female,Urban,Email,0,,H100104,T100104,,,Enhanced,1485,Annual,153,0,1,1,2,1638
100107,52,45-54,Male,Urban,Email,2,,H100107,T100107,,,Core,465,Annual,362,0,1,1,2,827
100108,79,65+,Female,Rural,Phone,3,,H100108,T100108,,,Enhanced,1576,Family,316,0,1,1,2,1892
100113,49,45-54,Female,Rural,Email,0,,H100113,T100113,,,Enhanced,666,Family,300,0,1,1,2,966
100140,19,18-24,Male,Urban,Phone,0,,H100140,T100140,,,Enhanced,686,Single Trip,404,0,1,1,2,1090
100144,21,18-24,Male,Urban,Email,0,,H100144,T100144,,,Family,698,Annual,315,0,1,1,2,1013
100154,30,25-34,Male,Urban,SMS,4,,H100154,T100154,,,Enhanced,389,Single Trip,288,0,1,1,2,677
100176,22,18-24,Male,Urban,Email,0,,H100176,T100176,,,Family,1124,Family,260,0,1,1,2,1384
100183,50,45-54,Female,Urban,Phone,1,,H100183,T100183,,,Core,425,Single Trip,222,0,1,1,2,647
100184,45,45-54,Female,Rural,SMS,0,,H100184,T100184,,,Core,466,Annual,276,0,1,1,2,742
100186,66,65+,Female,Urban,Phone,1,,H100186,T100186,,,Core,849,Annual,268,0,1,1,2,1117
100188,47,45-54,Female,Urban,Email,1,,H100188,T100188,,,Core,1504,Annual,222,0,1,1,2,1726
100194,52,45-54,Male,Urban,Phone,0,,H100194,T100194,,,Enhanced,1752,Annual,100,0,1,1,2,1852
100196,23,18-24,Female,Urban,Phone,0,,H100196,T100196,,,Core,720,Single Trip,170,0,1,1,2,890
100203,50,45-54,Male,Rural,Email,3,,H100203,T100203,,,Enhanced,1447,Single Trip,276,0,1,1,2,1723
100214,24,18-24,Female,Urban,Email,1,,H100214,T100214,,,Family,1354,Annual,358,0,1,1,2,1712
100233,76,65+,Male,Urban,Email,4,,H100233,T100233,,,Family,1124,Single Trip,153,0,1,1,2,1277
100237,21,18-24,Female,Urban,Email,0,,H100237,T100237,,,Enhanced,1353,Annual,318,0,1,1,2,1671
100240,45,45-54,Female,Urban,Phone,2,,H100240,T100240,,,Core,578,Annual,106,0,1,1,2,684
100247,21,18-24,Male,Rural,SMS,0,,H100247,T100247,,,Core,426,Annual,393,0,1,1,2,819
100257,47,45-54,Female,Urban,SMS,2,,H100257,T100257,,,Enhanced,796,Single Trip,84,0,1,1,2,880
100258,22,18-24,Male,Urban,Email,1,,H100258,T100258,,,Family,1546,Annual,361,0,1,1,2,1907
100260,47,45-54,Female,Urban,Phone,2,,H100260,T100260,,,Enhanced,361,Single Trip,133,0,1,1,2,494
100266,45,45-54,Male,Rural,Phone,1,,H100266,T100266,,,Core,1338,Annual,58,0,1,1,2,1396
100272,46,45-54,Male,Urban,Email,2,,H100272,T100272,,,Enhanced,931,Single Trip,398,0,1,1,2,1329
100278,46,45-54,Male,Rural,Phone,0,,H100278,T100278,,,Core,501,Single Trip,253,0,1,1,2,754
100288,56,55-64,Male,Rural,Phone,2,,H100288,T100288,,,Enhanced,1714,Single Trip,357,0,1,1,2,2071
100291,49,45-54,Male,Rural,Email,1,,H100291,T100291,,,Enhanced,486,Annual,359,0,1,1,2,845
100319,53,45-54,Female,Urban,Email,2,,H100319,T100319,,,Enhanced,1561,Annual,339,0,1,1,2,1900
100345,18,18-24,Male,Urban,Email,1,,H100345,T100345,,,Core,1809,Single Trip,322,0,1,1,2,2131
100347,32,25-34,Male,Urban,Email,1,,H100347,T100347,,,Core,514,Single Trip,232,0,1,1,2,746
100350,20,18-24,Male,Urban,SMS,0,,H100350,T100350,,,Core,1341,Single Trip,70,0,1,1,2,1411
100354,23,18-24,Male,Urban,SMS,0,,H100354,T100354,,,Core,1665,Annual,191,0,1,1,2,1856
100369,20,18-24,Male,Rural,Email,0,,H100369,T100369,,,Core,1429,Annual,118,0,1,1,2,1547
100376,23,18-24,Male,Rural,Email,0,,H100376,T100376,,,Enhanced,1436,Family,350,0,1,1,2,1786
100383,44,35-44,Female,Rural,Email,3,,H100383,T100383,,,Core,1491,Annual,174,0,1,1,2,1665
100401,45,45-54,Female,Urban,SMS,1,,H100401,T100401,,,Family,708,Annual,385,0,1,1,2,1093
100404,25,25-34,Male,Rural,SMS,0,,H100404,T100404,,,Core,647,Family,346,0,1,1,2,993
100412,18,18-24,Male,Urban,Email,1,,H100412,T100412,,,Enhanced,1522,Single Trip,348,0,1,1,2,1870
100417,54,45-54,Male,Rural,Email,1,,H100417,T100417,,,Enhanced,1253,Single Trip,147,0,1,1,2,1400
100418,51,45-54,Female,Rural,Phone,0,,H100418,T100418,,,Enhanced,1672,Annual,320,0,1,1,2,1992
100433,52,45-54,Female,Rural,Phone,1,,H100433,T100433,,,Family,874,Single Trip,198,0,1,1,2,1072
100449,47,45-54,Male,Urban,Email,0,,H100449,T100449,,,Family,1832,Single Trip,205,0,1,1,2,2037
100456,64,55-64,Female,Urban,Email,3,,H100456,T100456,,,Core,760,Annual,349,0,1,1,2,1109
100476,22,18-24,Male,Urban,Email,0,,H100476,T100476,,,Enhanced,1597,Family,375,0,1,1,2,1972
100478,26,25-34,Male,Urban,Email,1,,H100478,T100478,,,Family,951,Single Trip,258,0,1,1,2,1209
100483,77,65+,Male,Urban,Phone,1,,H100483,T100483,,,Core,1625,Annual,169,0,1,1,2,1794
100494,23,18-24,Female,Rural,Phone,0,,H100494,T100494,,,Core,1021,Annual,83,0,1,1,2,1104
100495,21,18-24,Male,Urban,Phone,0,,H100495,T100495,,,Core,1343,Single Trip,170,0,1,1,2,1513
100502,23,18-24,Female,Rural,Email,0,,H100502,T100502,,,Enhanced,1704,Annual,109,0,1,1,2,1813
100503,20,18-24,Male,Urban,Phone,0,,H100503,T100503,,,Family,1838,Single Trip,129,0,1,1,2,1967
100511,53,45-54,Female,Urban,Phone,0,,H100511,T100511,,,Family,373,Annual,389,0,1,1,2,762
100525,54,45-54,Male,Urban,Email,0,,H100525,T100525,,,Enhanced,1344,Single Trip,183,0,1,1,2,1527
100534,54,45-54,Female,Urban,Phone,1,,H100534,T100534,,,Enhanced,964,Single Trip,147,0,1,1,2,1111
100539,22,18-24,Male,Rural,Phone,0,,H100539,T100539,,,Enhanced,758,Family,235,0,1,1,2,993
100540,19,18-24,Female,Rural,Phone,0,,H100540,T100540,,,Family,799,Family,232,0,1,1,2,1031
100548,30,25-34,Female,Rural,Phone,1,,H100548,T100548,,,Core,1688,Annual,190,0,1,1,2,1878
100549,26,25-34,Female,Rural,Phone,0,,H100549,T100549,,,Core,1820,Annual,239,0,1,1,2,2059
100555,46,45-54,Female,Urban,Email,1,,H100555,T100555,,,Core,1131,Single Trip,331,0,1,1,2,1462
100562,54,45-54,Female,Rural,Phone,2,,H100562,T100562,,,Enhanced,1389,Annual,379,0,1,1,2,1768
100569,48,45-54,Male,Urban,Phone,3,,H100569,T100569,,,Enhanced,958,Family,257,0,1,1,2,1215
100570,61,55-64,Male,Rural,Phone,2,,H100570,T100570,,,Family,1762,Annual,102,0,1,1,2,1864
100574,45,45-54,Male,Urban,Phone,0,,H100574,T100574,,,Enhanced,1492,Single Trip,419,0,1,1,2,1911
100589,51,45-54,Female,Urban,SMS,1,,H100589,T100589,,,Family,1042,Annual,159,0,1,1,2,1201
100595,20,18-24,Female,Urban,Phone,0,,H100595,T100595,,,Family,1608,Single Trip,75,0,1,1,2,1683
100611,40,35-44,Female,Urban,Email,0,,H100611,T100611,,,Core,1185,Family,262,0,1,1,2,1447
100616,59,55-64,Female,Urban,Phone,1,,H100616,T100616,,,Enhanced,431,Annual,164,0,1,1,2,595
100620,65,65+,Female,Rural,Phone,2,,H100620,T100620,,,Enhanced,873,Single Trip,281,0,1,1,2,1154
100623,48,45-54,Female,Rural,Email,0,,H100623,T100623,,,Family,1149,Annual,51,0,1,1,2,1200
100638,51,45-54,Male,Urban,Email,1,,H100638,T100638,,,Family,872,Annual,129,0,1,1,2,1001
100641,24,18-24,Female,Urban,Email,0,,H100641,T100641,,,Core,1259,Annual,131,0,1,1,2,1390
100643,46,45-54,Female,Rural,Phone,1,,H100643,T100643,,,Core,899,Single Trip,341,0,1,1,2,1240
100653,50,45-54,Female,Rural,Phone,0,,H100653,T100653,,,Core,403,Single Trip,109,0,1,1,2,512
100678,48,45-54,Male,Rural,Phone,0,,H100678,T100678,,,Enhanced,1711,Single Trip,409,0,1,1,2,2120
100682,21,18-24,Female,Rural,Email,0,,H100682,T100682,,,Enhanced,1470,Single Trip,354,0,1,1,2,1824
100696,54,45-54,Female,Rural,Email,3,,H100696,T100696,,,Enhanced,873,Single Trip,268,0,1,1,2,1141
100705,22,18-24,Male,Urban,Phone,0,,H100705,T100705,,,Core,480,Annual,65,0,1,1,2,545
100709,47,45-54,Female,Urban,Phone,2,,H100709,T100709,,,Enhanced,1336,Single Trip,141,0,1,1,2,1477
100714,21,18-24,Male,Rural,Phone,0,,H100714,T100714,,,Family,1224,Single Trip,70,0,1,1,2,1294
100727,21,18-24,Female,Rural,SMS,0,,H100727,T100727,,,Core,488,Annual,328,0,1,1,2,816
100736,18,18-24,Male,Rural,Email,0,,H100736,T100736,,,Core,1596,Annual,244,0,1,1,2,1840
100739,48,45-54,Male,Urban,Phone,2,,H100739,T100739,,,Core,1063,Single Trip,101,0,1,1,2,1164
100747,50,45-54,Male,Rural,Phone,1,,H100747,T100747,,,Core,846,Single Trip,231,0,1,1,2,1077
100755,47,45-54,Male,Urban,Email,2,,H100755,T100755,,,Family,1816,Annual,115,0,1,1,2,1931
100760,31,25-34,Male,Urban,Phone,1,,H100760,T100760,,,Family,1043,Family,138,0,1,1,2,1181
100765,19,18-24,Female,Urban,Email,0,,H100765,T100765,,,Enhanced,439,Single Trip,348,0,1,1,2,787
100769,52,45-54,Female,Rural,Email,3,,H100769,T100769,,,Enhanced,835,Annual,391,0,1,1,2,1226
100785,46,45-54,Male,Rural,Email,2,,H100785,T100785,,,Enhanced,1721,Annual,260,0,1,1,2,1981
100787,47,45-54,Female,Urban,Phone,1,,H100787,T100787,,,Core,1726,Single Trip,377,0,1,1,2,2103
100792,56,55-64,Male,Rural,Phone,1,,H100792,T100792,,,Core,1397,Annual,368,0,1,1,2,1765
100798,51,45-54,Male,Rural,Phone,0,,H100798,T100798,,,Enhanced,521,Single Trip,223,0,1,1,2,744
100805,19,18-24,Female,Rural,Email,0,,H100805,T100805,,,Family,1298,Annual,130,0,1,1,2,1428
100815,53,45-54,Female,Urban,Email,1,,H100815,T100815,,,Enhanced,727,Annual,216,0,1,1,2,943
100828,19,18-24,Female,Rural,Email,0,,H100828,T100828,,,Core,787,Annual,141,0,1,1,2,928
100830,49,45-54,Male,Urban,Phone,0,,H100830,T100830,,,Family,1230,Annual,118,0,1,1,2,1348
100835,40,35-44,Male,Urban,Phone,1,,H100835,T100835,,,Family,984,Annual,202,0,1,1,2,1186
100840,34,25-34,Male,Urban,Email,1,,H100840,T100840,,,Family,934,Single Trip,231,0,1,1,2,1165
100849,49,45-54,Male,Rural,Phone,0,,H100849,T100849,,,Core,829,Annual,213,0,1,1,2,1042
100854,23,18-24,Female,Urban,Email,1,,H100854,T100854,,,Enhanced,456,Annual,283,0,1,1,2,739
100855,21,18-24,Male,Rural,Phone,0,,H100855,T100855,,,Enhanced,1323,Single Trip,59,0,1,1,2,1382
100858,44,35-44,Female,Urban,Email,0,,H100858,T100858,,,Core,1636,Annual,83,0,1,1,2,1719
100874,28,25-34,Male,Rural,Phone,3,,H100874,T100874,,,Enhanced,1805,Annual,354,0,1,1,2,2159
100876,54,45-54,Female,Urban,Phone,0,,H100876,T100876,,,Enhanced,640,Single Trip,252,0,1,1,2,892
100877,36,35-44,Female,Urban,Phone,0,,H100877,T100877,,,Core,930,Single Trip,332,0,1,1,2,1262
100878,22,18-24,Male,Urban,Email,0,,H100878,T100878,,,Core,580,Annual,133,0,1,1,2,713
100892,18,18-24,Male,Rural,Phone,0,,H100892,T100892,,,Family,1393,Single Trip,331,0,1,1,2,1724
100895,52,45-54,Male,Urban,Phone,0,,H100895,T100895,,,Enhanced,621,Single Trip,113,0,1,1,2,734
100923,69,65+,Male,Rural,Phone,1,,H100923,T100923,,,Core,1165,Annual,217,0,1,1,2,1382
100934,19,18-24,Male,Urban,Email,0,,H100934,T100934,,,Core,1651,Annual,350,0,1,1,2,2001
100957,45,45-54,Male,Rural,Phone,0,,H100957,T100957,,,Enhanced,965,Family,276,0,1,1,2,1241
100962,49,45-54,Female,Rural,SMS,1,,H100962,T100962,,,Core,1809,Annual,268,0,1,1,2,2077
100976,32,25-34,Female,Urban,Phone,3,,H100976,T100976,,,Core,1026,Annual,61,0,1,1,2,1087
100989,18,18-24,Female,Urban,SMS,0,,H100989,T100989,,,Core,1826,Single Trip,144,0,1,1,2,1970
100995,54,45-54,Male,Urban,Phone,1,,H100995,T100995,,,Enhanced,1208,Single Trip,361,0,1,1,2,1569
100996,63,55-64,Female,Urban,Phone,2,,H100996,T100996,,,Family,652,Single Trip,164,0,1,1,2,816
101024,47,45-54,Male,Urban,Email,1,,H101024,T101024,,,Enhanced,641,Single Trip,376,0,1,1,2,1017
101035,48,45-54,Female,Urban,Email,0,,H101035,T101035,,,Family,706,Single Trip,166,0,1,1,2,872
101037,21,18-24,Male,Rural,SMS,1,,H101037,T101037,,,Family,1384,Single Trip,321,0,1,1,2,1705
101058,44,35-44,Male,Urban,Email,1,,H101058,T101058,,,Core,1500,Single Trip,379,0,1,1,2,1879
101063,44,35-44,Male,Urban,Phone,1,,H101063,T101063,,,Family,1439,Annual,83,0,1,1,2,1522
101069,62,55-64,Male,Urban,Email,0,,H101069,T101069,,,Enhanced,1746,Family,47,0,1,1,2,1793
101082,57,55-64,Female,Urban,Phone,2,,H101082,T101082,,,Enhanced,1023,Single Trip,356,0,1,1,2,1379
101083,49,45-54,Female,Rural,Email,1,,H101083,T101083,,,Core,1269,Single Trip,328,0,1,1,2,1597
101092,36,35-44,Female,Rural,Email,1,,H101092,T101092,,,Core,1637,Single Trip,375,0,1,1,2,2012
101106,47,45-54,Male,Rural,SMS,2,,H101106,T101106,,,Core,726,Single Trip,134,0,1,1,2,860
101118,52,45-54,Female,Rural,Phone,0,,H101118,T101118,,,Family,945,Annual,67,0,1,1,2,1012
101126,49,45-54,Male,Urban,Email,0,,H101126,T101126,,,Core,1268,Annual,218,0,1,1,2,1486
101132,24,18-24,Female,Urban,SMS,0,,H101132,T101132,,,Enhanced,1597,Annual,214,0,1,1,2,1811
101135,20,18-24,Male,Rural,Email,0,,H101135,T101135,,,Core,1302,Annual,383,0,1,1,2,1685
101149,20,18-24,Male,Urban,Email,0,,H101149,T101149,,,Core,1273,Single Trip,190,0,1,1,2,1463
101156,50,45-54,Female,Urban,Phone,0,,H101156,T101156,,,Core,1257,Annual,319,0,1,1,2,1576
101160,47,45-54,Female,Rural,Email,1,,H101160,T101160,,,Core,1338,Single Trip,227,0,1,1,2,1565
101167,47,45-54,Male,Rural,Phone,1,,H101167,T101167,,,Family,930,Single Trip,330,0,1,1,2,1260
101205,45,45-54,Male,Rural,SMS,0,,H101205,T101205,,,Family,1737,Single Trip,379,0,1,1,2,2116
101220,53,45-54,Female,Urban,Phone,0,,H101220,T101220,,,Family,1109,Single Trip,199,0,1,1,2,1308
101232,51,45-54,Female,Rural,Phone,0,,H101232,T101232,,,Core,1479,Single Trip,161,0,1,1,2,1640
101234,23,18-24,Male,Urban,SMS,0,,H101234,T101234,,,Core,1697,Single Trip,272,0,1,1,2,1969
101255,46,45-54,Female,Rural,Phone,3,,H101255,T101255,,,Family,801,Annual,117,0,1,1,2,918
101258,42,35-44,Female,Rural,Phone,1,,H101258,T101258,,,Enhanced,1534,Family,201,0,1,1,2,1735
101263,44,35-44,Female,Urban,Email,2,,H101263,T101263,,,Core,951,Single Trip,210,0,1,1,2,1161
101276,24,18-24,Male,Rural,Phone,0,,H101276,T101276,,,Core,1742,Annual,321,0,1,1,2,2063
101279,48,45-54,Male,Rural,SMS,2,,H101279,T101279,,,Enhanced,751,Annual,168,0,1,1,2,919
101280,53,45-54,Female,Rural,Phone,3,,H101280,T101280,,,Core,356,Single Trip,90,0,1,1,2,446
101292,54,45-54,Female,Urban,Phone,0,,H101292,T101292,,,Family,1550,Single Trip,326,0,1,1,2,1876
101295,54,45-54,Male,Urban,Phone,2,,H101295,T101295,,,Family,625,Single Trip,104,0,1,1,2,729
101299,47,45-54,Male,Urban,Phone,1,,H101299,T101299,,,Core,532,Family,403,0,1,1,2,935
101328,37,35-44,Female,Rural,Email,1,,H101328,T101328,,,Enhanced,1551,Annual,381,0,1,1,2,1932
101334,20,18-24,Male,Urban,Email,0,,H101334,T101334,,,Family,365,Single Trip,309,0,1,1,2,674
101344,54,45-54,Male,Urban,SMS,2,,H101344,T101344,,,Family,661,Family,241,0,1,1,2,902
101371,54,45-54,Female,Urban,Phone,1,,H101371,T101371,,,Core,812,Annual,166,0,1,1,2,978
101376,20,18-24,Male,Urban,Email,0,,H101376,T101376,,,Family,658,Annual,307,0,1,1,2,965
101397,22,18-24,Female,Rural,Email,0,,H101397,T101397,,,Family,1732,Family,202,0,1,1,2,1934
101403,20,18-24,Female,Rural,Email,0,,H101403,T101403,,,Core,884,Single Trip,223,0,1,1,2,1107
101413,49,45-54,Female,Rural,Email,1,,H101413,T101413,,,Family,1828,Single Trip,90,0,1,1,2,1918
101422,20,18-24,Female,Urban,Phone,0,,H101422,T101422,,,Core,502,Single Trip,340,0,1,1,2,842
101428,52,45-54,Male,Urban,Phone,2,,H101428,T101428,,,Core,494,Annual,207,0,1,1,2,701
101445,50,45-54,Male,Urban,Email,2,,H101445,T101445,,,Family,971,Single Trip,118,0,1,1,2,1089
101450,18,18-24,Female,Rural,SMS,0,,H101450,T101450,,,Family,1384,Single Trip,199,0,1,1,2,1583
101455,48,45-54,Male,Urban,Phone,1,,H101455,T101455,,,Enhanced,1296,Annual,240,0,1,1,2,1536
101461,54,45-54,Male,Urban,Email,1,,H101461,T101461,,,Family,1524,Single Trip,415,0,1,1,2,1939
101469,34,25-34,Female,Urban,Email,0,,H101469,T101469,,,Core,508,Annual,269,0,1,1,2,777
101472,50,45-54,Female,Urban,Email,1,,H101472,T101472,,,Core,627,Single Trip,232,0,1,1,2,859
101496,57,55-64,Male,Urban,Phone,0,,H101496,T101496,,,Core,1612,Annual,53,0,1,1,2,1665
101508,47,45-54,Male,Urban,Email,2,,H101508,T101508,,,Family,1243,Single Trip,229,0,1,1,2,1472
101518,23,18-24,Female,Urban,SMS,0,,H101518,T101518,,,Core,1642,Annual,351,0,1,1,2,1993
101552,49,45-54,Male,Rural,Email,1,,H101552,T101552,,,Enhanced,1010,Family,184,0,1,1,2,1194
101563,21,18-24,Male,Rural,Phone,0,,H101563,T101563,,,Family,1535,Single Trip,354,0,1,1,2,1889
101566,54,45-54,Male,Rural,SMS,1,,H101566,T101566,,,Enhanced,1651,Annual,317,0,1,1,2,1968
101573,62,55-64,Male,Urban,Phone,2,,H101573,T101573,,,Core,562,Single Trip,260,0,1,1,2,822
101585,45,45-54,Male,Urban,Email,3,,H101585,T101585,,,Core,1451,Family,112,0,1,1,2,1563
101592,47,45-54,Male,Urban,Phone,1,,H101592,T101592,,,Core,1163,Family,214,0,1,1,2,1377
101595,37,35-44,Female,Urban,Phone,0,,H101595,T101595,,,Core,960,Annual,209,0,1,1,2,1169
101596,50,45-54,Male,Rural,Phone,1,,H101596,T101596,,,Enhanced,1290,Annual,371,0,1,1,2,1661
101600,53,45-54,Female,Rural,Email,1,,H101600,T101600,,,Core,1120,Annual,184,0,1,1,2,1304
101609,24,18-24,Female,Urban,Email,0,,H101609,T101609,,,Core,1114,Single Trip,372,0,1,1,2,1486
101611,24,18-24,Male,Urban,SMS,0,,H101611,T101611,,,Enhanced,1235,Annual,54,0,1,1,2,1289
101639,68,65+,Female,Urban,Email,1,,H101639,T101639,,,Core,471,Single Trip,403,0,1,1,2,874
101667,77,65+,Female,Rural,Phone,1,,H101667,T101667,,,Core,801,Single Trip,197,0,1,1,2,998
101673,18,18-24,Female,Urban,Email,0,,H101673,T101673,,,Core,1098,Single Trip,89,0,1,1,2,1187
101675,21,18-24,Female,Urban,SMS,0,,H101675,T101675,,,Core,1718,Family,247,0,1,1,2,1965
101696,50,45-54,Male,Rural,Email,1,,H101696,T101696,,,Family,627,Single Trip,67,0,1,1,2,694
101700,51,45-54,Male,Rural,Phone,0,,H101700,T101700,,,Core,636,Single Trip,152,0,1,1,2,788
101701,18,18-24,Male,Rural,Phone,0,,H101701,T101701,,,Family,1253,Single Trip,178,0,1,1,2,1431
101706,53,45-54,Male,Urban,Email,0,,H101706,T101706,,,Enhanced,1198,Annual,98,0,1,1,2,1296
101726,20,18-24,Female,Urban,Email,0,,H101726,T101726,,,Core,562,Single Trip,100,0,1,1,2,662
101733,21,18-24,Female,Rural,Email,0,,H101733,T101733,,,Core,1702,Annual,265,0,1,1,2,1967
101739,46,45-54,Female,Urban,Email,1,,H101739,T101739,,,Core,825,Family,325,0,1,1,2,1150
101740,20,18-24,Female,Urban,SMS,0,,H101740,T101740,,,Core,1341,Family,315,0,1,1,2,1656
101761,41,35-44,Female,Urban,Phone,1,,H101761,T101761,,,Core,1538,Single Trip,318,0,1,1,2,1856
101780,53,45-54,Female,Urban,Phone,1,,H101780,T101780,,,Family,685,Annual,83,0,1,1,2,768
101794,51,45-54,Female,Urban,Email,2,,H101794,T101794,,,Core,836,Single Trip,118,0,1,1,2,954
101807,51,45-54,Male,Rural,Phone,0,,H101807,T101807,,,Core,459,Single Trip,210,0,1,1,2,669
101813,46,45-54,Female,Urban,Phone,1,,H101813,T101813,,,Enhanced,387,Annual,221,0,1,1,2,608
101823,24,18-24,Male,Rural,Email,0,,H101823,T101823,,,Core,1737,Family,199,0,1,1,2,1936
101835,21,18-24,Male,Urban,Email,0,,H101835,T101835,,,Enhanced,1795,Annual,346,0,1,1,2,2141
101836,28,25-34,Male,Rural,Phone,3,,H101836,T101836,,,Core,677,Single Trip,144,0,1,1,2,821
101848,50,45-54,Male,Urban,Phone,0,,H101848,T101848,,,Enhanced,1566,Family,77,0,1,1,2,1643
101854,54,45-54,Female,Urban,Phone,2,,H101854,T101854,,,Core,1656,Annual,89,0,1,1,2,1745
101869,20,18-24,Male,Rural,Email,0,,H101869,T101869,,,Core,1248,Annual,291,0,1,1,2,1539
101891,39,35-44,Male,Urban,Phone,0,,H101891,T101891,,,Core,454,Single Trip,399,0,1,1,2,853
101894,18,18-24,Male,Urban,Email,0,,H101894,T101894,,,Core,1169,Annual,319,0,1,1,2,1488
101924,52,45-54,Male,Urban,Email,2,,H101924,T101924,,,Family,834,Single Trip,141,0,1,1,2,975
101933,18,18-24,Female,Urban,SMS,0,,H101933,T101933,,,Family,937,Single Trip,413,0,1,1,2,1350
101946,18,18-24,Male,Urban,Phone,0,,H101946,T101946,,,Enhanced,1722,Annual,215,0,1,1,2,1937
101957,45,45-54,Male,Rural,SMS,0,,H101957,T101957,,,Core,975,Annual,239,0,1,1,2,1214
101958,51,45-54,Male,Urban,Phone,0,,H101958,T101958,,,Family,1509,Annual,98,0,1,1,2,1607
101964,54,45-54,Female,Urban,Phone,1,,H101964,T101964,,,Enhanced,613,Single Trip,92,0,1,1,2,705
101975,51,45-54,Female,Rural,Email,0,,H101975,T101975,,,Family,1020,Annual,68,0,1,1,2,1088
101980,19,18-24,Male,Urban,Email,0,,H101980,T101980,,,Core,462,Family,292,0,1,1,2,754
101985,45,45-54,Female,Urban,Email,0,,H101985,T101985,,,Family,1777,Annual,329,0,1,1,2,2106
101991,51,45-54,Female,Rural,Email,2,,H101991,T101991,,,Enhanced,714,Family,78,0,1,1,2,792
101998,50,45-54,Male,Urban,Phone,0,,H101998,T101998,,,Core,1104,Annual,363,0,1,1,2,1467
102006,48,45-54,Male,Rural,Phone,0,,H102006,T102006,,,Enhanced,652,Annual,131,0,1,1,2,783
102008,51,45-54,Male,Urban,Email,3,,H102008,T102008,,,Core,1068,Single Trip,73,0,1,1,2,1141
102038,24,18-24,Female,Urban,Email,0,,H102038,T102038,,,Enhanced,1728,Family,245,0,1,1,2,1973
102043,58,55-64,Male,Urban,Email,1,,H102043,T102043,,,Enhanced,974,Annual,199,0,1,1,2,1173
102045,50,45-54,Male,Urban,Email,1,,H102045,T102045,,,Enhanced,1008,Family,312,0,1,1,2,1320
102050,23,18-24,Male,Rural,Phone,0,M102050,H102050,T102050,Comprehensive,445,Core,1361,Annual,162,1,1,1,3,1968
102054,23,18-24,Male,Rural,Email,0,M102054,H102054,T102054,Comprehensive,936,Family,1394,Annual,338,1,1,1,3,2668
102055,18,18-24,Female,Rural,Email,0,M102055,H102055,T102055,Telematics,598,Core,848,Annual,162,1,1,1,3,1608
102063,47,45-54,Female,Rural,Email,0,M102063,H102063,T102063,Third Party,673,Core,1755,Annual,328,1,1,1,3,2756
102065,52,45-54,Female,Urban,Email,0,M102065,H102065,T102065,Comprehensive,1069,Enhanced,613,Annual,55,1,1,1,3,1737
102071,32,25-34,Male,Rural,Phone,1,M102071,H102071,T102071,Telematics,664,Family,697,Single Trip,107,1,1,1,3,1468
102083,45,45-54,Male,Rural,Phone,0,M102083,H102083,T102083,Comprehensive,884,Core,739,Single Trip,202,1,1,1,3,1825
102087,52,45-54,Male,Rural,SMS,2,M102087,H102087,T102087,Telematics,1088,Core,1495,Family,314,1,1,1,3,2897
102090,22,18-24,Male,Urban,Email,0,M102090,H102090,T102090,Comprehensive,426,Core,1567,Annual,230,1,1,1,3,2223
102095,18,18-24,Male,Rural,Email,0,M102095,H102095,T102095,Telematics,944,Enhanced,761,Family,344,1,1,1,3,2049
102096,47,45-54,Female,Urban,Phone,1,M102096,H102096,T102096,Third Party,1107,Enhanced,1159,Single Trip,82,1,1,1,3,2348
102097,23,18-24,Male,Urban,Email,0,M102097,H102097,T102097,Third Party,756,Enhanced,1444,Single Trip,146,1,1,1,3,2346
102104,54,45-54,Male,Rural,Phone,1,M102104,H102104,T102104,Comprehensive,975,Enhanced,554,Family,358,1,1,1,3,1887
102106,61,55-64,Male,Rural,Email,0,M102106,H102106,T102106,Third Party,581,Core,1524,Family,190,1,1,1,3,2295
102107,41,35-44,Male,Urban,Phone,1,M102107,H102107,T102107,Telematics,556,Core,1109,Single Trip,200,1,1,1,3,1865
102108,41,35-44,Male,Urban,Phone,0,M102108,H102108,T102108,Third Party,1171,Core,433,Annual,401,1,1,1,3,2005
102114,23,18-24,Female,Urban,Email,0,M102114,H102114,T102114,Comprehensive,994,Core,1098,Annual,59,1,1,1,3,2151
102115,53,45-54,Male,Rural,Phone,0,M102115,H102115,T102115,Comprehensive,784,Enhanced,1281,Single Trip,258,1,1,1,3,2323
102117,20,18-24,Female,Urban,Email,0,M102117,H102117,T102117,Comprehensive,844,Core,1827,Annual,304,1,1,1,3,2975
102118,48,45-54,Male,Rural,Phone,4,M102118,H102118,T102118,Comprehensive,724,Core,996,Single Trip,272,1,1,1,3,1992
102120,47,45-54,Male,Urban,Email,1,M102120,H102120,T102120,Third Party,663,Enhanced,1243,Annual,408,1,1,1,3,2314
102123,20,18-24,Male,Urban,Email,0,M102123,H102123,T102123,Comprehensive,792,Family,1154,Annual,139,1,1,1,3,2085
102126,46,45-54,Male,Rural,SMS,4,M102126,H102126,T102126,Comprehensive,411,Enhanced,1267,Annual,202,1,1,1,3,1880
102127,20,18-24,Female,Urban,SMS,0,M102127,H102127,T102127,Third Party,1077,Enhanced,498,Single Trip,51,1,1,1,3,1626
102128,47,45-54,Female,Urban,Email,2,M102128,H102128,T102128,Comprehensive,584,Core,1635,Single Trip,180,1,1,1,3,2399
102139,50,45-54,Female,Rural,Phone,1,M102139,H102139,T102139,Comprehensive,606,Core,425,Single Trip,275,1,1,1,3,1306
102143,20,18-24,Female,Rural,Email,0,M102143,H102143,T102143,Telematics,390,Core,728,Single Trip,160,1,1,1,3,1278
102157,53,45-54,Female,Rural,Phone,1,M102157,H102157,T102157,Comprehensive,832,Core,1320,Annual,245,1,1,1,3,2397
102159,21,18-24,Female,Urban,SMS,0,M102159,H102159,T102159,Telematics,823,Enhanced,901,Single Trip,315,1,1,1,3,2039
102161,49,45-54,Female,Urban,Email,0,M102161,H102161,T102161,Telematics,913,Enhanced,1751,Single Trip,316,1,1,1,3,2980
102162,54,45-54,Male,Rural,Phone,1,M102162,H102162,T102162,Telematics,1087,Family,1462,Single Trip,115,1,1,1,3,2664
102167,56,55-64,Female,Urban,Phone,1,M102167,H102167,T102167,Comprehensive,536,Family,1147,Family,246,1,1,1,3,1929
102171,20,18-24,Female,Urban,SMS,0,M102171,H102171,T102171,Telematics,1058,Enhanced,579,Single Trip,193,1,1,1,3,1830
102172,34,25-34,Male,Urban,Email,0,M102172,H102172,T102172,Third Party,682,Core,1706,Single Trip,318,1,1,1,3,2706
102178,24,18-24,Female,Urban,SMS,0,M102178,H102178,T102178,Telematics,319,Core,1843,Single Trip,416,1,1,1,3,2578
102179,51,45-54,Female,Rural,Email,0,M102179,H102179,T102179,Comprehensive,634,Family,970,Single Trip,80,1,1,1,3,1684
102182,51,45-54,Male,Rural,Phone,3,M102182,H102182,T102182,Comprehensive,1149,Family,387,Family,69,1,1,1,3,1605
102184,24,18-24,Female,Rural,SMS,0,M102184,H102184,T102184,Telematics,684,Core,1252,Annual,360,1,1,1,3,2296
102187,53,45-54,Male,Urban,Phone,0,M102187,H102187,T102187,Third Party,1011,Core,652,Single Trip,419,1,1,1,3,2082
102197,38,35-44,Female,Rural,Phone,0,M102197,H102197,T102197,Comprehensive,995,Core,383,Annual,310,1,1,1,3,1688
102200,21,18-24,Female,Urban,Email,1,M102200,H102200,T102200,Comprehensive,626,Family,573,Annual,57,1,1,1,3,1256
102201,46,45-54,Male,Urban,Email,2,M102201,H102201,T102201,Telematics,980,Family,1792,Single Trip,92,1,1,1,3,2864
102215,25,25-34,Female,Urban,Phone,0,M102215,H102215,T102215,Comprehensive,793,Family,1829,Single Trip,113,1,1,1,3,2735
102222,53,45-54,Male,Urban,Email,2,M102222,H102222,T102222,Comprehensive,575,Enhanced,384,Annual,233,1,1,1,3,1192
102233,68,65+,Male,Rural,Phone,2,M102233,H102233,T102233,Telematics,673,Enhanced,1414,Single Trip,56,1,1,1,3,2143
102234,18,18-24,Male,Rural,Email,0,M102234,H102234,T102234,Comprehensive,946,Enhanced,810,Family,243,1,1,1,3,1999
102235,50,45-54,Female,Urban,Email,1,M102235,H102235,T102235,Comprehensive,410,Enhanced,1119,Annual,230,1,1,1,3,1759
102238,23,18-24,Male,Rural,Email,0,M102238,H102238,T102238,Third Party,735,Core,1043,Single Trip,167,1,1,1,3,1945
102240,52,45-54,Female,Urban,Email,0,M102240,H102240,T102240,Comprehensive,772,Core,829,Single Trip,397,1,1,1,3,1998
102242,48,45-54,Male,Rural,Email,0,M102242,H102242,T102242,Comprehensive,571,Enhanced,1056,Annual,206,1,1,1,3,1833
102248,19,18-24,Male,Urban,Phone,0,M102248,H102248,T102248,Comprehensive,287,Core,1650,Family,247,1,1,1,3,2184
102249,19,18-24,Male,Urban,Phone,0,M102249,H102249,T102249,Comprehensive,1071,Enhanced,1701,Family,317,1,1,1,3,3089
102251,18,18-24,Male,Urban,Email,0,M102251,H102251,T102251,Third Party,1099,Core,1695,Annual,142,1,1,1,3,2936
102259,33,25-34,Male,Urban,Email,4,M102259,H102259,T102259,Telematics,893,Core,699,Family,250,1,1,1,3,1842
102264,50,45-54,Female,Urban,Email,1,M102264,H102264,T102264,Third Party,1143,Family,417,Single Trip,273,1,1,1,3,1833
102267,51,45-54,Male,Rural,Phone,3,M102267,H102267,T102267,Comprehensive,665,Core,1584,Annual,377,1,1,1,3,2626
102269,46,45-54,Male,Urban,SMS,0,M102269,H102269,T102269,Telematics,1098,Core,783,Single Trip,75,1,1,1,3,1956
102285,50,45-54,Male,Urban,Phone,1,M102285,H102285,T102285,Third Party,636,Core,868,Single Trip,173,1,1,1,3,1677
102286,46,45-54,Female,Urban,Phone,0,M102286,H102286,T102286,Comprehensive,1064,Enhanced,1563,Annual,256,1,1,1,3,2883
102298,23,18-24,Male,Rural,Email,0,M102298,H102298,T102298,Comprehensive,1122,Core,469,Single Trip,241,1,1,1,3,1832
102302,21,18-24,Female,Urban,Email,0,M102302,H102302,T102302,Telematics,997,Core,1755,Annual,222,1,1,1,3,2974
102307,48,45-54,Female,Urban,Email,1,M102307,H102307,T102307,Comprehensive,789,Core,1608,Single Trip,204,1,1,1,3,2601
102309,34,25-34,Male,Urban,Email,1,M102309,H102309,T102309,Comprehensive,589,Family,919,Family,51,1,1,1,3,1559
102311,52,45-54,Male,Rural,Phone,0,M102311,H102311,T102311,Comprehensive,1099,Family,972,Annual,227,1,1,1,3,2298
102312,52,45-54,Male,Urban,Email,1,M102312,H102312,T102312,Third Party,477,Family,1077,Single Trip,162,1,1,1,3,1716
102314,54,45-54,Female,Urban,Phone,1,M102314,H102314,T102314,Comprehensive,728,Family,1383,Family,345,1,1,1,3,2456
102319,20,18-24,Male,Urban,Email,0,M102319,H102319,T102319,Comprehensive,495,Core,482,Single Trip,311,1,1,1,3,1288
102321,53,45-54,Male,Rural,Phone,0,M102321,H102321,T102321,Comprehensive,760,Family,548,Single Trip,144,1,1,1,3,1452
102323,50,45-54,Female,Urban,Phone,1,M102323,H102323,T102323,Third Party,1143,Core,1251,Annual,60,1,1,1,3,2454
102324,24,18-24,Male,Urban,Email,0,M102324,H102324,T102324,Comprehensive,727,Core,1607,Annual,189,1,1,1,3,2523
102331,61,55-64,Female,Urban,Email,0,M102331,H102331,T102331,Telematics,992,Enhanced,706,Single Trip,318,1,1,1,3,2016
102333,49,45-54,Male,Urban,Phone,1,M102333,H102333,T102333,Comprehensive,488,Family,1453,Single Trip,383,1,1,1,3,2324
102335,48,45-54,Male,Urban,Phone,3,M102335,H102335,T102335,Third Party,590,Enhanced,957,Annual,415,1,1,1,3,1962
102354,44,35-44,Female,Urban,Phone,0,M102354,H102354,T102354,Third Party,896,Core,1549,Family,241,1,1,1,3,2686
102368,51,45-54,Female,Urban,Phone,2,M102368,H102368,T102368,Comprehensive,1096,Enhanced,1526,Annual,237,1,1,1,3,2859
102371,51,45-54,Female,Rural,Phone,3,M102371,H102371,T102371,Comprehensive,306,Family,437,Annual,253,1,1,1,3,996
102382,49,45-54,Female,Urban,Email,0,M102382,H102382,T102382,Third Party,786,Enhanced,873,Single Trip,183,1,1,1,3,1842
102389,18,18-24,Male,Rural,Email,0,M102389,H102389,T102389,Comprehensive,901,Enhanced,577,Single Trip,81,1,1,1,3,1559
102391,53,45-54,Female,Rural,Phone,0,M102391,H102391,T102391,Telematics,913,Enhanced,713,Annual,280,1,1,1,3,1906
102395,55,55-64,Male,Urban,Phone,0,M102395,H102395,T102395,Telematics,1056,Core,1328,Family,127,1,1,1,3,2511
102402,39,35-44,Female,Urban,Phone,2,M102402,H102402,T102402,Third Party,1200,Enhanced,441,Family,54,1,1,1,3,1695
102404,44,35-44,Female,Rural,Phone,1,M102404,H102404,T102404,Telematics,367,Core,1284,Single Trip,51,1,1,1,3,1702
102409,49,45-54,Female,Rural,Email,2,M102409,H102409,T102409,Comprehensive,1078,Core,1070,Annual,244,1,1,1,3,2392
102420,43,35-44,Female,Rural,Email,1,M102420,H102420,T102420,Telematics,747,Family,502,Family,417,1,1,1,3,1666
102427,51,45-54,Female,Rural,Phone,1,M102427,H102427,T102427,Comprehensive,810,Core,1540,Single Trip,247,1,1,1,3,2597
102435,23,18-24,Male,Urban,Phone,0,M102435,H102435,T102435,Comprehensive,1188,Enhanced,1667,Single Trip,315,1,1,1,3,3170
102438,50,45-54,Male,Rural,Email,1,M102438,H102438,T102438,Comprehensive,906,Core,1694,Single Trip,58,1,1,1,3,2658
102445,48,45-54,Female,Urban,Email,4,M102445,H102445,T102445,Third Party,1068,Family,1489,Single Trip,217,1,1,1,3,2774
102447,24,18-24,Male,Rural,Phone,0,M102447,H102447,T102447,Comprehensive,1248,Enhanced,1615,Single Trip,71,1,1,1,3,2934
102451,53,45-54,Male,Urban,Email,2,M102451,H102451,T102451,Third Party,757,Family,1315,Annual,295,1,1,1,3,2367
102453,24,18-24,Female,Urban,Email,0,M102453,H102453,T102453,Third Party,665,Core,1203,Annual,53,1,1,1,3,1921
102454,34,25-34,Female,Rural,Email,1,M102454,H102454,T102454,Comprehensive,1044,Enhanced,377,Family,144,1,1,1,3,1565
102462,41,35-44,Male,Urban,Phone,0,M102462,H102462,T102462,Comprehensive,724,Core,537,Family,59,1,1,1,3,1320
102471,36,35-44,Female,Urban,Phone,0,M102471,H102471,T102471,Telematics,523,Enhanced,1666,Annual,312,1,1,1,3,2501
102476,29,25-34,Female,Rural,SMS,2,M102476,H102476,T102476,Comprehensive,381,Family,1047,Single Trip,113,1,1,1,3,1541
102478,30,25-34,Female,Rural,SMS,4,M102478,H102478,T102478,Comprehensive,1209,Enhanced,1108,Family,317,1,1,1,3,2634
102486,19,18-24,Female,Rural,Phone,0,M102486,H102486,T102486,Third Party,594,Family,1554,Family,372,1,1,1,3,2520
102487,20,18-24,Female,Urban,SMS,0,M102487,H102487,T102487,Telematics,1124,Enhanced,784,Annual,201,1,1,1,3,2109
102488,47,45-54,Male,Urban,Email,0,M102488,H102488,T102488,Third Party,991,Family,1498,Annual,75,1,1,1,3,2564
102507,27,25-34,Female,Urban,Email,0,M102507,H102507,T102507,Comprehensive,1107,Core,1268,Family,139,1,1,1,3,2514
102509,51,45-54,Male,Urban,Phone,2,M102509,H102509,T102509,Third Party,643,Core,523,Annual,92,1,1,1,3,1258
102511,21,18-24,Male,Rural,Email,0,M102511,H102511,T102511,Telematics,851,Family,855,Annual,191,1,1,1,3,1897
102517,27,25-34,Male,Urban,Email,0,M102517,H102517,T102517,Comprehensive,1160,Enhanced,1075,Single Trip,148,1,1,1,3,2383
102519,51,45-54,Male,Urban,Phone,1,M102519,H102519,T102519,Third Party,769,Core,1375,Single Trip,355,1,1,1,3,2499
102524,48,45-54,Male,Rural,Phone,2,M102524,H102524,T102524,Comprehensive,666,Family,753,Single Trip,67,1,1,1,3,1486
102525,51,45-54,Male,Rural,Phone,0,M102525,H102525,T102525,Third Party,894,Family,745,Single Trip,96,1,1,1,3,1735
102526,48,45-54,Male,Urban,Email,2,M102526,H102526,T102526,Third Party,380,Core,1416,Family,219,1,1,1,3,2015
102533,24,18-24,Female,Urban,Email,0,M102533,H102533,T102533,Comprehensive,675,Core,365,Family,89,1,1,1,3,1129
102548,51,45-54,Female,Urban,Phone,1,M102548,H102548,T102548,Third Party,304,Core,583,Single Trip,333,1,1,1,3,1220
102550,22,18-24,Female,Urban,Email,0,M102550,H102550,T102550,Comprehensive,690,Core,1022,Annual,93,1,1,1,3,1805
102553,56,55-64,Female,Urban,Phone,3,M102553,H102553,T102553,Comprehensive,713,Enhanced,1288,Family,331,1,1,1,3,2332
102568,23,18-24,Male,Rural,Email,0,M102568,H102568,T102568,Telematics,1133,Enhanced,1795,Annual,361,1,1,1,3,3289
102576,54,45-54,Female,Rural,Email,1,M102576,H102576,T102576,Comprehensive,1065,Core,1156,Single Trip,365,1,1,1,3,2586
102583,39,35-44,Male,Urban,Email,1,M102583,H102583,T102583,Telematics,574,Core,1623,Single Trip,412,1,1,1,3,2609
102584,33,25-34,Male,Rural,Phone,1,M102584,H102584,T102584,Comprehensive,1024,Core,506,Annual,116,1,1,1,3,1646
102589,18,18-24,Male,Rural,Phone,0,M102589,H102589,T102589,Comprehensive,1033,Enhanced,1448,Single Trip,308,1,1,1,3,2789
102593,53,45-54,Female,Rural,Email,1,M102593,H102593,T102593,Comprehensive,888,Enhanced,1497,Annual,389,1,1,1,3,2774
102597,52,45-54,Male,Urban,Email,1,M102597,H102597,T102597,Comprehensive,911,Family,601,Single Trip,186,1,1,1,3,1698
102598,22,18-24,Female,Rural,Phone,0,M102598,H102598,T102598,Comprehensive,1035,Core,1529,Single Trip,208,1,1,1,3,2772
102600,27,25-34,Female,Rural,Phone,0,M102600,H102600,T102600,Telematics,532,Core,1545,Annual,109,1,1,1,3,2186
102601,21,18-24,Female,Urban,Email,0,M102601,H102601,T102601,Comprehensive,772,Core,541,Annual,376,1,1,1,3,1689
102610,47,45-54,Female,Urban,SMS,1,M102610,H102610,T102610,Comprehensive,561,Enhanced,1258,Family,260,1,1,1,3,2079
102618,28,25-34,Female,Rural,Email,2,M102618,H102618,T102618,Comprehensive,695,Enhanced,390,Single Trip,299,1,1,1,3,1384
102623,20,18-24,Male,Urban,Phone,0,M102623,H102623,T102623,Comprehensive,1141,Family,1324,Single Trip,327,1,1,1,3,2792
102631,53,45-54,Male,Rural,Email,1,M102631,H102631,T102631,Comprehensive,1087,Enhanced,385,Annual,205,1,1,1,3,1677
102633,19,18-24,Female,Rural,Phone,1,M102633,H102633,T102633,Comprehensive,1050,Family,1836,Single Trip,233,1,1,1,3,3119
102646,20,18-24,Female,Rural,Email,0,M102646,H102646,T102646,Third Party,785,Family,1632,Annual,84,1,1,1,3,2501
102647,24,18-24,Female,Urban,Phone,0,M102647,H102647,T102647,Comprehensive,400,Enhanced,1558,Single Trip,276,1,1,1,3,2234
102650,20,18-24,Male,Urban,Email,0,M102650,H102650,T102650,Comprehensive,703,Enhanced,1746,Family,242,1,1,1,3,2691
102651,46,45-54,Male,Urban,Phone,1,M102651,H102651,T102651,Third Party,1148,Enhanced,1665,Annual,362,1,1,1,3,3175
102655,20,18-24,Male,Urban,Phone,0,M102655,H102655,T102655,Telematics,1145,Enhanced,1397,Single Trip,287,1,1,1,3,2829
102658,51,45-54,Male,Rural,Phone,2,M102658,H102658,T102658,Comprehensive,587,Enhanced,577,Single Trip,305,1,1,1,3,1469
102661,18,18-24,Female,Urban,SMS,0,M102661,H102661,T102661,Comprehensive,1046,Enhanced,1806,Family,122,1,1,1,3,2974
102666,47,45-54,Female,Rural,Email,1,M102666,H102666,T102666,Comprehensive,359,Family,1116,Annual,143,1,1,1,3,1618
102669,22,18-24,Female,Urban,SMS,0,M102669,H102669,T102669,Comprehensive,591,Enhanced,1356,Single Trip,193,1,1,1,3,2140
102670,34,25-34,Male,Urban,SMS,2,M102670,H102670,T102670,Telematics,423,Enhanced,1210,Single Trip,149,1,1,1,3,1782
102671,38,35-44,Male,Urban,SMS,0,M102671,H102671,T102671,Telematics,319,Enhanced,1486,Annual,145,1,1,1,3,1950
102672,51,45-54,Female,Urban,Email,2,M102672,H102672,T102672,Comprehensive,1066,Core,377,Single Trip,318,1,1,1,3,1761
102681,30,25-34,Male,Urban,Phone,2,M102681,H102681,T102681,Comprehensive,415,Core,1162,Single Trip,373,1,1,1,3,1950
102685,33,25-34,Female,Urban,SMS,0,M102685,H102685,T102685,Third Party,668,Core,1554,Single Trip,234,1,1,1,3,2456
102690,24,18-24,Male,Rural,Email,0,M102690,H102690,T102690,Third Party,843,Core,1369,Single Trip,389,1,1,1,3,2601
102693,35,35-44,Male,Urban,Phone,1,M102693,H102693,T102693,Comprehensive,340,Core,398,Family,259,1,1,1,3,997
102694,24,18-24,Female,Urban,Phone,0,M102694,H102694,T102694,Third Party,1031,Family,771,Family,371,1,1,1,3,2173
102696,46,45-54,Female,Rural,Email,0,M102696,H102696,T102696,Comprehensive,592,Family,1688,Annual,399,1,1,1,3,2679
102697,49,45-54,Male,Rural,Phone,1,M102697,H102697,T102697,Third Party,850,Core,487,Single Trip,89,1,1,1,3,1426
102698,19,18-24,Female,Rural,SMS,0,M102698,H102698,T102698,Third Party,381,Core,1194,Annual,331,1,1,1,3,1906
102704,18,18-24,Male,Rural,SMS,0,M102704,H102704,T102704,Comprehensive,675,Family,996,Annual,166,1,1,1,3,1837
102705,21,18-24,Female,Urban,Email,0,M102705,H102705,T102705,Comprehensive,872,Family,619,Annual,348,1,1,1,3,1839
102711,51,45-54,Female,Urban,Email,0,M102711,H102711,T102711,Comprehensive,1029,Family,1236,Single Trip,275,1,1,1,3,2540
102712,23,18-24,Female,Urban,SMS,0,M102712,H102712,T102712,Comprehensive,646,Core,1386,Single Trip,296,1,1,1,3,2328
102716,57,55-64,Male,Urban,Phone,1,M102716,H102716,T102716,Comprehensive,1061,Enhanced,1171,Family,82,1,1,1,3,2314
102719,51,45-54,Male,Rural,Email,1,M102719,H102719,T102719,Comprehensive,358,Enhanced,633,Family,76,1,1,1,3,1067
102725,50,45-54,Male,Rural,Email,1,M102725,H102725,T102725,Third Party,839,Core,1240,Single Trip,375,1,1,1,3,2454
102733,24,18-24,Male,Rural,Phone,0,M102733,H102733,T102733,Third Party,911,Family,1510,Single Trip,227,1,1,1,3,2648
102734,74,65+,Male,Urban,Phone,1,M102734,H102734,T102734,Third Party,864,Family,942,Single Trip,47,1,1,1,3,1853
102745,33,25-34,Female,Rural,SMS,5,M102745,H102745,T102745,Telematics,1208,Enhanced,1139,Annual,392,1,1,1,3,2739
102748,56,55-64,Male,Rural,Email,2,M102748,H102748,T102748,Telematics,431,Family,1475,Annual,326,1,1,1,3,2232
102753,24,18-24,Male,Urban,Phone,0,M102753,H102753,T102753,Third Party,975,Core,1537,Single Trip,346,1,1,1,3,2858
102755,22,18-24,Female,Rural,Email,0,M102755,H102755,T102755,Comprehensive,1122,Core,1696,Annual,237,1,1,1,3,3055
102756,20,18-24,Male,Rural,Phone,0,M102756,H102756,T102756,Comprehensive,727,Enhanced,795,Single Trip,255,1,1,1,3,1777
102759,23,18-24,Male,Rural,Email,0,M102759,H102759,T102759,Third Party,333,Family,431,Single Trip,264,1,1,1,3,1028
102760,52,45-54,Female,Urban,Email,2,M102760,H102760,T102760,Third Party,1125,Enhanced,1801,Single Trip,397,1,1,1,3,3323
102764,69,65+,Female,Urban,Phone,1,M102764,H102764,T102764,Comprehensive,940,Family,1268,Single Trip,242,1,1,1,3,2450
102773,60,55-64,Female,Urban,Email,3,M102773,H102773,T102773,Comprehensive,728,Family,557,Annual,216,1,1,1,3,1501
102783,52,45-54,Female,Urban,Email,2,M102783,H102783,T102783,Third Party,770,Core,546,Single Trip,97,1,1,1,3,1413
102787,54,45-54,Male,Rural,Email,0,M102787,H102787,T102787,Third Party,894,Enhanced,1681,Annual,51,1,1,1,3,2626
102789,18,18-24,Female,Urban,Email,0,M102789,H102789,T102789,Comprehensive,284,Core,1484,Annual,335,1,1,1,3,2103
102794,22,18-24,Male,Rural,Phone,0,M102794,H102794,T102794,Telematics,1112,Core,1331,Single Trip,89,1,1,1,3,2532
102799,45,45-54,Female,Rural,Email,2,M102799,H102799,T102799,Telematics,795,Core,970,Annual,211,1,1,1,3,1976
102805,54,45-54,Male,Rural,Phone,1,M102805,H102805,T102805,Comprehensive,1008,Enhanced,1629,Single Trip,204,1,1,1,3,2841
102813,52,45-54,Male,Urban,SMS,1,M102813,H102813,T102813,Telematics,665,Enhanced,1046,Family,266,1,1,1,3,1977
102815,53,45-54,Male,Rural,Phone,3,M102815,H102815,T102815,Third Party,746,Core,1076,Single Trip,116,1,1,1,3,1938
102816,18,18-24,Male,Rural,Phone,0,M102816,H102816,T102816,Third Party,1043,Enhanced,1666,Annual,225,1,1,1,3,2934
102818,51,45-54,Male,Urban,Email,0,M102818,H102818,T102818,Third Party,1047,Family,1653,Annual,377,1,1,1,3,3077
102823,46,45-54,Female,Urban,SMS,1,M102823,H102823,T102823,Comprehensive,756,Enhanced,707,Single Trip,220,1,1,1,3,1683
102824,24,18-24,Male,Rural,SMS,0,M102824,H102824,T102824,Comprehensive,1058,Core,1260,Single Trip,199,1,1,1,3,2517
102826,24,18-24,Female,Rural,Email,0,M102826,H102826,T102826,Comprehensive,828,Enhanced,671,Annual,98,1,1,1,3,1597
102835,21,18-24,Male,Urban,Email,0,M102835,H102835,T102835,Comprehensive,1034,Enhanced,583,Single Trip,75,1,1,1,3,1692
102838,54,45-54,Female,Urban,SMS,1,M102838,H102838,T102838,Third Party,612,Enhanced,1174,Family,324,1,1,1,3,2110
102840,53,45-54,Male,Urban,Email,1,M102840,H102840,T102840,Comprehensive,1163,Core,1631,Family,146,1,1,1,3,2940
102841,42,35-44,Male,Urban,Phone,1,M102841,H102841,T102841,Comprehensive,393,Family,470,Single Trip,187,1,1,1,3,1050
102852,24,18-24,Male,Rural,SMS,0,M102852,H102852,T102852,Third Party,1235,Core,1565,Annual,153,1,1,1,3,2953
102853,49,45-54,Male,Urban,Phone,2,M102853,H102853,T102853,Comprehensive,661,Family,762,Annual,147,1,1,1,3,1570
102857,53,45-54,Female,Urban,Email,0,M102857,H102857,T102857,Third Party,287,Core,1711,Annual,200,1,1,1,3,2198
102859,45,45-54,Female,Urban,Phone,1,M102859,H102859,T102859,Comprehensive,673,Enhanced,602,Single Trip,91,1,1,1,3,1366
102860,40,35-44,Male,Rural,Phone,1,M102860,H102860,T102860,Third Party,485,Core,886,Annual,59,1,1,1,3,1430
102862,53,45-54,Male,Rural,Email,0,M102862,H102862,T102862,Telematics,361,Family,778,Family,364,1,1,1,3,1503
102863,52,45-54,Male,Rural,SMS,1,M102863,H102863,T102863,Comprehensive,530,Core,1656,Annual,409,1,1,1,3,2595
102864,21,18-24,Female,Rural,Email,0,M102864,H102864,T102864,Comprehensive,524,Enhanced,1702,Annual,368,1,1,1,3,2594
102867,35,35-44,Female,Urban,Email,3,M102867,H102867,T102867,Third Party,286,Core,1213,Family,404,1,1,1,3,1903
102872,50,45-54,Male,Rural,Email,2,M102872,H102872,T102872,Third Party,881,Family,961,Annual,290,1,1,1,3,2132
102875,19,18-24,Female,Rural,Email,0,M102875,H102875,T102875,Comprehensive,840,Core,854,Single Trip,113,1,1,1,3,1807
102878,53,45-54,Male,Urban,SMS,1,M102878,H102878,T102878,Comprehensive,736,Family,715,Single Trip,411,1,1,1,3,1862
102880,46,45-54,Male,Rural,Email,1,M102880,H102880,T102880,Third Party,443,Core,1391,Annual,293,1,1,1,3,2127
102882,49,45-54,Male,Rural,Email,3,M102882,H102882,T102882,Comprehensive,755,Enhanced,785,Single Trip,267,1,1,1,3,1807
102883,20,18-24,Female,Rural,Email,0,M102883,H102883,T102883,Comprehensive,492,Enhanced,512,Annual,52,1,1,1,3,1056
102889,20,18-24,Female,Urban,SMS,0,M102889,H102889,T102889,Comprehensive,1099,Core,1430,Annual,328,1,1,1,3,2857
102890,22,18-24,Male,Urban,Email,0,M102890,H102890,T102890,Comprehensive,1088,Core,1212,Annual,185,1,1,1,3,2485
102891,54,45-54,Non-binary,Urban,Phone,0,M102891,H102891,T102891,Comprehensive,750,Core,898,Family,201,1,1,1,3,1849
102902,18,18-24,Female,Rural,Phone,0,M102902,H102902,T102902,Telematics,1163,Family,381,Single Trip,381,1,1,1,3,1925
102905,75,65+,Female,Urban,Phone,2,M102905,H102905,T102905,Third Party,610,Enhanced,499,Annual,47,1,1,1,3,1156
102907,20,18-24,Female,Urban,Email,0,M102907,H102907,T102907,Comprehensive,981,Core,1564,Annual,321,1,1,1,3,2866
102916,52,45-54,Female,Urban,Phone,0,M102916,H102916,T102916,Telematics,338,Core,551,Annual,254,1,1,1,3,1143
102918,22,18-24,Male,Rural,Phone,0,M102918,H102918,T102918,Comprehensive,884,Enhanced,694,Family,332,1,1,1,3,1910
102919,53,45-54,Female,Urban,Email,1,M102919,H102919,T102919,Third Party,556,Family,1543,Single Trip,310,1,1,1,3,2409
102931,49,45-54,Female,Rural,Phone,2,M102931,H102931,T102931,Third Party,1116,Enhanced,948,Single Trip,264,1,1,1,3,2328
102935,63,55-64,Male,Urban,Phone,3,M102935,H102935,T102935,Comprehensive,585,Enhanced,1370,Annual,151,1,1,1,3,2106
102936,79,65+,Male,Rural,Phone,2,M102936,H102936,T102936,Third Party,938,Core,1027,Annual,273,1,1,1,3,2238
102941,50,45-54,Male,Rural,Phone,1,M102941,H102941,T102941,Comprehensive,1099,Enhanced,572,Annual,277,1,1,1,3,1948
102943,48,45-54,Female,Rural,Email,1,M102943,H102943,T102943,Third Party,1052,Enhanced,1666,Single Trip,233,1,1,1,3,2951
102944,18,18-24,Male,Urban,Phone,0,M102944,H102944,T102944,Comprehensive,946,Core,1538,Single Trip,142,1,1,1,3,2626
102949,47,45-54,Male,Urban,Phone,2,M102949,H102949,T102949,Comprehensive,839,Enhanced,1043,Single Trip,351,1,1,1,3,2233
102951,63,55-64,Female,Urban,Phone,0,M102951,H102951,T102951,Third Party,423,Enhanced,1697,Family,399,1,1,1,3,2519
102953,37,35-44,Female,Rural,Email,3,M102953,H102953,T102953,Third Party,758,Enhanced,995,Annual,94,1,1,1,3,1847
102956,30,25-34,Female,Urban,Email,3,M102956,H102956,T102956,Telematics,851,Core,634,Annual,380,1,1,1,3,1865
102965,51,45-54,Male,Rural,Email,2,M102965,H102965,T102965,Comprehensive,539,Enhanced,790,Single Trip,309,1,1,1,3,1638
102967,18,18-24,Male,Rural,Email,0,M102967,H102967,T102967,Third Party,819,Enhanced,1316,Annual,205,1,1,1,3,2340
102969,69,65+,Female,Rural,Phone,0,M102969,H102969,T102969,Third Party,462,Enhanced,1811,Single Trip,222,1,1,1,3,2495
102975,48,45-54,Male,Rural,Phone,0,M102975,H102975,T102975,Comprehensive,856,Enhanced,1615,Annual,205,1,1,1,3,2676
102976,48,45-54,Male,Rural,Email,0,M102976,H102976,T102976,Third Party,721,Enhanced,1534,Family,254,1,1,1,3,2509
102978,54,45-54,Female,Rural,Email,1,M102978,H102978,T102978,Third Party,376,Core,465,Annual,124,1,1,1,3,965
102981,21,18-24,Male,Rural,SMS,0,M102981,H102981,T102981,Comprehensive,1066,Core,469,Family,61,1,1,1,3,1596
102989,48,45-54,Female,Rural,Phone,1,M102989,H102989,T102989,Comprehensive,838,Enhanced,806,Annual,309,1,1,1,3,1953
102990,49,45-54,Female,Rural,Email,2,M102990,H102990,T102990,Third Party,1137,Enhanced,1680,Single Trip,181,1,1,1,3,2998
102997,51,45-54,Male,Rural,SMS,0,M102997,H102997,T102997,Third Party,1165,Enhanced,1800,Single Trip,190,1,1,1,3,3155
102999,23,18-24,Female,Rural,SMS,0,M102999,H102999,T102999,Comprehensive,1209,Enhanced,856,Family,193,1,1,1,3,2258
103004,23,18-24,Male,Urban,Email,0,M103004,H103004,T103004,Comprehensive,492,Enhanced,1763,Single Trip,86,1,1,1,3,2341
103006,30,25-34,Female,Urban,SMS,1,M103006,H103006,T103006,Comprehensive,1203,Core,658,Annual,182,1,1,1,3,2043
103014,54,45-54,Male,Rural,Email,1,M103014,H103014,T103014,Third Party,644,Enhanced,656,Single Trip,145,1,1,1,3,1445
103015,24,18-24,Male,Rural,SMS,0,M103015,H103015,T103015,Third Party,1079,Core,1203,Annual,267,1,1,1,3,2549
103016,53,45-54,Female,Rural,Phone,2,M103016,H103016,T103016,Comprehensive,299,Enhanced,1527,Annual,142,1,1,1,3,1968
103038,79,65+,Female,Urban,Phone,0,M103038,H103038,T103038,Third Party,1055,Core,850,Annual,384,1,1,1,3,2289
103041,19,18-24,Female,Urban,Email,0,M103041,H103041,T103041,Telematics,1005,Core,1419,Annual,58,1,1,1,3,2482
103048,53,45-54,Female,Rural,Email,1,M103048,H103048,T103048,Telematics,372,Family,664,Annual,277,1,1,1,3,1313
103054,48,45-54,Male,Urban,Email,3,M103054,H103054,T103054,Comprehensive,1037,Enhanced,549,Family,278,1,1,1,3,1864
103057,21,18-24,Female,Urban,Phone,0,M103057,H103057,T103057,Comprehensive,740,Core,426,Annual,419,1,1,1,3,1585
103059,21,18-24,Female,Rural,SMS,0,M103059,H103059,T103059,Third Party,484,Core,1030,Single Trip,112,1,1,1,3,1626
103064,50,45-54,Male,Urban,Email,1,M103064,H103064,T103064,Comprehensive,1229,Enhanced,1350,Annual,47,1,1,1,3,2626
103067,19,18-24,Male,Rural,Email,0,M103067,H103067,T103067,Comprehensive,932,Family,490,Family,120,1,1,1,3,1542
103070,53,45-54,Female,Rural,Email,0,M103070,H103070,T103070,Third Party,1008,Family,1746,Annual,199,1,1,1,3,2953
103072,51,45-54,Male,Rural,Email,1,M103072,H103072,T103072,Comprehensive,625,Core,421,Annual,302,1,1,1,3,1348
103079,48,45-54,Female,Urban,Phone,2,M103079,H103079,T103079,Third Party,369,Enhanced,1290,Single Trip,123,1,1,1,3,1782
103084,19,18-24,Male,Rural,SMS,0,M103084,H103084,T103084,Comprehensive,1164,Enhanced,451,Single Trip,324,1,1,1,3,1939
103085,52,45-54,Male,Rural,Phone,2,M103085,H103085,T103085,Comprehensive,341,Core,1508,Annual,413,1,1,1,3,2262
103088,48,45-54,Male,Urban,SMS,2,M103088,H103088,T103088,Comprehensive,1004,Enhanced,1014,Single Trip,387,1,1,1,3,2405
103091,49,45-54,Female,Rural,Email,1,M103091,H103091,T103091,Comprehensive,1147,Family,787,Family,65,1,1,1,3,1999
103097,18,18-24,Male,Urban,Email,0,M103097,H103097,T103097,Comprehensive,445,Core,1720,Single Trip,376,1,1,1,3,2541
103099,22,18-24,Male,Rural,Phone,0,M103099,H103099,T103099,Comprehensive,1072,Core,543,Single Trip,269,1,1,1,3,1884
103100,51,45-54,Male,Urban,Phone,0,M103100,H103100,T103100,Telematics,1104,Enhanced,913,Single Trip,106,1,1,1,3,2123
103105,54,45-54,Female,Rural,Email,1,M103105,H103105,T103105,Comprehensive,368,Enhanced,837,Annual,344,1,1,1,3,1549
103110,46,45-54,Female,Urban,Phone,0,M103110,H103110,T103110,Telematics,1038,Enhanced,1389,Single Trip,89,1,1,1,3,2516
103112,54,45-54,Female,Urban,Email,0,M103112,H103112,T103112,Comprehensive,1083,Core,1547,Annual,188,1,1,1,3,2818
103114,46,45-54,Male,Rural,SMS,2,M103114,H103114,T103114,Comprehensive,1187,Core,1555,Single Trip,332,1,1,1,3,3074
103121,21,18-24,Male,Rural,Email,0,M103121,H103121,T103121,Comprehensive,1248,Enhanced,1844,Annual,155,1,1,1,3,3247
103128,51,45-54,Male,Urban,Phone,0,M103128,H103128,T103128,Telematics,993,Enhanced,1389,Single Trip,108,1,1,1,3,2490
103143,52,45-54,Female,Rural,Email,0,M103143,H103143,T103143,Third Party,1014,Enhanced,1784,Annual,240,1,1,1,3,3038
103144,48,45-54,Female,Rural,SMS,1,M103144,H103144,T103144,Comprehensive,665,Enhanced,1323,Family,383,1,1,1,3,2371
103145,20,18-24,Female,Rural,SMS,0,M103145,H103145,T103145,Third Party,654,Family,1149,Annual,127,1,1,1,3,1930
103149,23,18-24,Male,Rural,SMS,0,M103149,H103149,T103149,Comprehensive,685,Enhanced,1654,Annual,264,1,1,1,3,2603
103151,32,25-34,Female,Urban,Phone,1,M103151,H103151,T103151,Third Party,978,Core,736,Family,201,1,1,1,3,1915
103158,42,35-44,Female,Rural,Email,2,M103158,H103158,T103158,Telematics,296,Enhanced,1790,Single Trip,316,1,1,1,3,2402
103161,65,65+,Male,Urban,Phone,1,M103161,H103161,T103161,Comprehensive,651,Family,717,Annual,415,1,1,1,3,1783
103164,53,45-54,Male,Rural,Email,1,M103164,H103164,T103164,Comprehensive,783,Core,984,Family,262,1,1,1,3,2029
103172,50,45-54,Male,Rural,Email,2,M103172,H103172,T103172,Comprehensive,1131,Core,1817,Single Trip,284,1,1,1,3,3232
103173,38,35-44,Female,Urban,Email,0,M103173,H103173,T103173,Comprehensive,588,Family,568,Single Trip,266,1,1,1,3,1422
103174,23,18-24,Male,Rural,Email,0,M103174,H103174,T103174,Comprehensive,1042,Enhanced,1631,Single Trip,258,1,1,1,3,2931
103176,63,55-64,Male,Urban,Phone,2,M103176,H103176,T103176,Telematics,955,Family,1308,Single Trip,97,1,1,1,3,2360
103180,65,65+,Male,Urban,Phone,1,M103180,H103180,T103180,Comprehensive,790,Core,1535,Annual,291,1,1,1,3,2616
103182,52,45-54,Female,Urban,Email,0,M103182,H103182,T103182,Third Party,900,Family,1773,Family,117,1,1,1,3,2790
103186,47,45-54,Female,Urban,Phone,1,M103186,H103186,T103186,Comprehensive,387,Family,1417,Single Trip,125,1,1,1,3,1929
103188,54,45-54,Non-binary,Urban,Email,2,M103188,H103188,T103188,Telematics,1214,Enhanced,1483,Family,105,1,1,1,3,2802
103192,24,18-24,Female,Urban,Email,0,M103192,H103192,T103192,Third Party,303,Enhanced,1739,Family,170,1,1,1,3,2212
103194,51,45-54,Male,Rural,Phone,0,M103194,H103194,T103194,Telematics,955,Enhanced,630,Single Trip,127,1,1,1,3,1712
103199,46,45-54,Female,Rural,Phone,1,M103199,H103199,T103199,Comprehensive,383,Core,549,Annual,178,1,1,1,3,1110
103201,45,45-54,Female,Rural,SMS,2,M103201,H103201,T103201,Third Party,1140,Core,414,Single Trip,188,1,1,1,3,1742
103218,40,35-44,Male,Urban,Email,1,M103218,H103218,T103218,Telematics,1131,Family,511,Single Trip,297,1,1,1,3,1939
103221,19,18-24,Female,Rural,Phone,0,M103221,H103221,T103221,Comprehensive,1215,Core,1273,Family,115,1,1,1,3,2603
103225,20,18-24,Male,Urban,Email,0,M103225,H103225,T103225,Comprehensive,987,Core,641,Single Trip,74,1,1,1,3,1702
103229,23,18-24,Female,Rural,Email,0,M103229,H103229,T103229,Third Party,912,Enhanced,477,Annual,399,1,1,1,3,1788
103231,69,65+,Male,Rural,Phone,0,M103231,H103231,T103231,Third Party,828,Core,1136,Family,52,1,1,1,3,2016
103233,40,35-44,Female,Urban,Phone,0,M103233,H103233,T103233,Third Party,1214,Core,698,Annual,312,1,1,1,3,2224
103239,47,45-54,Female,Urban,SMS,1,M103239,H103239,T103239,Third Party,598,Family,524,Family,70,1,1,1,3,1192
103241,24,18-24,Female,Rural,Phone,0,M103241,H103241,T103241,Telematics,693,Core,1250,Single Trip,296,1,1,1,3,2239
103244,18,18-24,Female,Rural,SMS,0,M103244,H103244,T103244,Comprehensive,734,Enhanced,951,Family,320,1,1,1,3,2005
103246,51,45-54,Female,Urban,SMS,3,M103246,H103246,T103246,Third Party,843,Enhanced,1647,Family,335,1,1,1,3,2825
103250,24,18-24,Female,Rural,Email,0,M103250,H103250,T103250,Third Party,927,Family,1672,Family,292,1,1,1,3,2891
103251,39,35-44,Female,Urban,Email,0,M103251,H103251,T103251,Comprehensive,552,Family,375,Family,114,1,1,1,3,1041
103256,23,18-24,Female,Urban,SMS,0,M103256,H103256,T103256,Comprehensive,1036,Family,625,Single Trip,113,1,1,1,3,1774
103271,24,18-24,Male,Urban,Email,0,M103271,H103271,T103271,Telematics,847,Family,1843,Single Trip,417,1,1,1,3,3107
103274,52,45-54,Female,Urban,Email,2,M103274,H103274,T103274,Third Party,548,Core,581,Single Trip,80,1,1,1,3,1209
103277,53,45-54,Female,Urban,Email,0,M103277,H103277,T103277,Comprehensive,890,Enhanced,1605,Single Trip,362,1,1,1,3,2857
103278,18,18-24,Female,Rural,Email,0,M103278,H103278,T103278,Comprehensive,509,Family,1032,Single Trip,210,1,1,1,3,1751
103280,54,45-54,Male,Rural,Phone,2,M103280,H103280,T103280,Comprehensive,647,Enhanced,1019,Annual,360,1,1,1,3,2026
103281,52,45-54,Male,Urban,Phone,1,M103281,H103281,T103281,Telematics,621,Enhanced,372,Annual,307,1,1,1,3,1300
103286,46,45-54,Female,Urban,Phone,1,M103286,H103286,T103286,Third Party,828,Family,423,Family,56,1,1,1,3,1307
103290,48,45-54,Female,Urban,SMS,2,M103290,H103290,T103290,Comprehensive,512,Core,1707,Annual,245,1,1,1,3,2464
103294,70,65+,Female,Rural,Phone,2,M103294,H103294,T103294,Comprehensive,309,Family,425,Single Trip,154,1,1,1,3,888
103305,20,18-24,Male,Urban,Email,0,M103305,H103305,T103305,Comprehensive,1067,Core,847,Annual,272,1,1,1,3,2186
103311,30,25-34,Male,Urban,Email,0,M103311,H103311,T103311,Comprehensive,1152,Core,716,Single Trip,276,1,1,1,3,2144
103315,23,18-24,Male,Rural,Phone,0,M103315,H103315,T103315,Third Party,970,Core,470,Annual,135,1,1,1,3,1575
103316,46,45-54,Male,Rural,Phone,1,M103316,H103316,T103316,Comprehensive,1218,Family,1621,Single Trip,341,1,1,1,3,3180
103334,49,45-54,Female,Rural,SMS,0,M103334,H103334,T103334,Telematics,1108,Core,1163,Single Trip,248,1,1,1,3,2519
103335,29,25-34,Female,Urban,Email,0,M103335,H103335,T103335,Comprehensive,408,Core,1064,Single Trip,115,1,1,1,3,1587
103340,29,25-34,Male,Urban,Email,2,M103340,H103340,T103340,Comprehensive,1043,Enhanced,609,Annual,289,1,1,1,3,1941
103343,19,18-24,Female,Urban,Email,0,M103343,H103343,T103343,Comprehensive,1200,Core,1755,Annual,250,1,1,1,3,3205
103350,33,25-34,Male,Rural,SMS,0,M103350,H103350,T103350,Comprehensive,1190,Core,1177,Annual,211,1,1,1,3,2578
103352,49,45-54,Male,Urban,Email,0,M103352,H103352,T103352,Comprehensive,360,Core,1041,Single Trip,171,1,1,1,3,1572
103362,51,45-54,Female,Rural,Email,1,M103362,H103362,T103362,Telematics,761,Family,1467,Single Trip,75,1,1,1,3,2303
103364,46,45-54,Male,Rural,Phone,2,M103364,H103364,T103364,Comprehensive,853,Core,455,Annual,360,1,1,1,3,1668
103371,48,45-54,Female,Urban,Email,0,M103371,H103371,T103371,Telematics,521,Family,1630,Single Trip,231,1,1,1,3,2382
103375,22,18-24,Male,Urban,SMS,0,M103375,H103375,T103375,Comprehensive,1110,Core,1115,Single Trip,184,1,1,1,3,2409
103376,48,45-54,Male,Rural,Email,0,M103376,H103376,T103376,Comprehensive,650,Enhanced,1541,Single Trip,171,1,1,1,3,2362
103378,46,45-54,Male,Urban,Phone,1,M103378,H103378,T103378,Comprehensive,793,Family,1123,Annual,308,1,1,1,3,2224
103380,21,18-24,Female,Urban,Email,0,M103380,H103380,T103380,Telematics,1103,Family,1816,Single Trip,120,1,1,1,3,3039
103385,18,18-24,Male,Urban,Email,0,M103385,H103385,T103385,Telematics,342,Family,1449,Family,191,1,1,1,3,1982
103387,73,65+,Male,Urban,Phone,0,M103387,H103387,T103387,Third Party,641,Enhanced,1123,Single Trip,224,1,1,1,3,1988
103402,20,18-24,Male,Urban,Email,0,M103402,H103402,T103402,Comprehensive,1186,Family,1135,Single Trip,341,1,1,1,3,2662
103403,18,18-24,Female,Rural,Email,0,M103403,H103403,T103403,Third Party,868,Family,1626,Annual,146,1,1,1,3,2640
103406,21,18-24,Female,Urban,Email,0,M103406,H103406,T103406,Comprehensive,1051,Core,746,Family,402,1,1,1,3,2199
103407,52,45-54,Male,Urban,Phone,0,M103407,H103407,T103407,Third Party,1168,Enhanced,1007,Annual,239,1,1,1,3,2414
103409,19,18-24,Male,Urban,Email,0,M103409,H103409,T103409,Comprehensive,782,Core,1238,Annual,304,1,1,1,3,2324
103413,21,18-24,Female,Rural,Email,0,M103413,H103413,T103413,Telematics,286,Enhanced,1573,Family,78,1,1,1,3,1937
103416,49,45-54,Male,Rural,SMS,2,M103416,H103416,T103416,Third Party,440,Core,1596,Single Trip,206,1,1,1,3,2242
103422,27,25-34,Female,Urban,Email,0,M103422,H103422,T103422,Third Party,642,Core,864,Single Trip,270,1,1,1,3,1776
103427,46,45-54,Female,Urban,Email,0,M103427,H103427,T103427,Comprehensive,1194,Enhanced,1113,Annual,347,1,1,1,3,2654
103428,52,45-54,Male,Urban,Phone,3,M103428,H103428,T103428,Third Party,779,Enhanced,1127,Single Trip,312,1,1,1,3,2218
103435,79,65+,Female,Urban,Phone,1,M103435,H103435,T103435,Third Party,495,Enhanced,1671,Annual,82,1,1,1,3,2248
103439,20,18-24,Non-binary,Urban,Email,0,M103439,H103439,T103439,Telematics,285,Enhanced,400,Family,282,1,1,1,3,967
103445,18,18-24,Male,Urban,Email,0,M103445,H103445,T103445,Comprehensive,973,Enhanced,1235,Annual,200,1,1,1,3,2408
103447,19,18-24,Male,Rural,Email,0,M103447,H103447,T103447,Comprehensive,408,Core,406,Single Trip,313,1,1,1,3,1127
103448,51,45-54,Male,Rural,SMS,0,M103448,H103448,T103448,Telematics,806,Family,510,Annual,127,1,1,1,3,1443
103451,51,45-54,Male,Urban,Phone,1,M103451,H103451,T103451,Comprehensive,533,Core,438,Single Trip,69,1,1,1,3,1040
103459,22,18-24,Male,Rural,SMS,0,M103459,H103459,T103459,Comprehensive,1015,Core,1246,Family,307,1,1,1,3,2568
103461,19,18-24,Female,Rural,Phone,1,M103461,H103461,T103461,Third Party,341,Family,1504,Single Trip,94,1,1,1,3,1939
103466,50,45-54,Female,Urban,Email,2,M103466,H103466,T103466,Comprehensive,572,Core,480,Annual,140,1,1,1,3,1192
103467,20,18-24,Male,Urban,Email,0,M103467,H103467,T103467,Comprehensive,387,Core,1193,Annual,185,1,1,1,3,1765
103468,50,45-54,Female,Rural,Phone,0,M103468,H103468,T103468,Telematics,391,Family,485,Single Trip,229,1,1,1,3,1105
103472,51,45-54,Female,Rural,Phone,1,M103472,H103472,T103472,Comprehensive,806,Core,969,Family,217,1,1,1,3,1992
103485,46,45-54,Male,Urban,Email,2,M103485,H103485,T103485,Telematics,314,Family,1002,Single Trip,273,1,1,1,3,1589
103486,19,18-24,Male,Rural,Email,0,M103486,H103486,T103486,Comprehensive,431,Enhanced,1248,Single Trip,188,1,1,1,3,1867
103491,19,18-24,Male,Rural,Phone,0,M103491,H103491,T103491,Comprehensive,843,Core,1760,Single Trip,303,1,1,1,3,2906
103493,19,18-24,Male,Rural,Email,1,M103493,H103493,T103493,Third Party,1214,Core,662,Annual,116,1,1,1,3,1992
103495,54,45-54,Male,Urban,Phone,3,M103495,H103495,T103495,Comprehensive,1042,Core,943,Annual,391,1,1,1,3,2376
103499,46,45-54,Male,Urban,Phone,1,M103499,H103499,T103499,Comprehensive,580,Enhanced,1080,Family,82,1,1,1,3,1742
103500,57,55-64,Male,Rural,Phone,1,M103500,H103500,T103500,Comprehensive,1234,Enhanced,573,Single Trip,209,1,1,1,3,2016
103510,54,45-54,Female,Urban,Email,0,M103510,H103510,T103510,Comprehensive,448,Core,1741,Family,274,1,1,1,3,2463
103516,37,35-44,Female,Urban,Phone,1,M103516,H103516,T103516,Comprehensive,291,Enhanced,1509,Single Trip,387,1,1,1,3,2187
103517,19,18-24,Male,Urban,Email,0,M103517,H103517,T103517,Comprehensive,962,Core,1758,Single Trip,89,1,1,1,3,2809
103526,19,18-24,Female,Urban,Phone,1,M103526,H103526,T103526,Third Party,1079,Core,666,Single Trip,404,1,1,1,3,2149
103527,48,45-54,Female,Urban,Phone,2,M103527,H103527,T103527,Comprehensive,620,Enhanced,1726,Single Trip,406,1,1,1,3,2752
103531,48,45-54,Non-binary,Urban,Email,2,M103531,H103531,T103531,Comprehensive,797,Enhanced,746,Single Trip,164,1,1,1,3,1707
103537,49,45-54,Male,Rural,Email,0,M103537,H103537,T103537,Third Party,421,Family,764,Single Trip,142,1,1,1,3,1327
103547,45,45-54,Female,Urban,Phone,1,M103547,H103547,T103547,Comprehensive,1046,Enhanced,1743,Single Trip,282,1,1,1,3,3071
103553,28,25-34,Female,Rural,Email,1,M103553,H103553,T103553,Telematics,804,Enhanced,1181,Family,315,1,1,1,3,2300
103554,46,45-54,Male,Rural,Email,4,M103554,H103554,T103554,Telematics,495,Enhanced,471,Annual,402,1,1,1,3,1368
103558,52,45-54,Female,Urban,Phone,2,M103558,H103558,T103558,Comprehensive,775,Core,646,Single Trip,106,1,1,1,3,1527
103559,19,18-24,Female,Urban,SMS,1,M103559,H103559,T103559,Comprehensive,346,Enhanced,1565,Single Trip,295,1,1,1,3,2206
103560,75,65+,Male,Rural,Email,1,M103560,H103560,T103560,Third Party,360,Core,1338,Annual,150,1,1,1,3,1848
103562,23,18-24,Non-binary,Urban,SMS,1,M103562,H103562,T103562,Comprehensive,1202,Family,495,Family,312,1,1,1,3,2009
103572,24,18-24,Male,Urban,Email,0,M103572,H103572,T103572,Third Party,519,Core,948,Single Trip,289,1,1,1,3,1756
103573,49,45-54,Male,Rural,Phone,2,M103573,H103573,T103573,Third Party,1096,Enhanced,1036,Annual,266,1,1,1,3,2398
103575,23,18-24,Female,Rural,Email,0,M103575,H103575,T103575,Telematics,512,Enhanced,1180,Annual,125,1,1,1,3,1817
103577,20,18-24,Female,Urban,Email,0,M103577,H103577,T103577,Third Party,1024,Core,1580,Annual,132,1,1,1,3,2736
103580,27,25-34,Male,Urban,Email,1,M103580,H103580,T103580,Telematics,685,Core,1111,Single Trip,68,1,1,1,3,1864
103581,19,18-24,Female,Urban,SMS,0,M103581,H103581,T103581,Telematics,558,Core,477,Annual,158,1,1,1,3,1193
103589,19,18-24,Male,Urban,Email,0,M103589,H103589,T103589,Comprehensive,1191,Family,716,Single Trip,347,1,1,1,3,2254
103599,49,45-54,Male,Rural,Email,2,M103599,H103599,T103599,Telematics,597,Core,1747,Single Trip,249,1,1,1,3,2593
103601,60,55-64,Female,Urban,Phone,1,M103601,H103601,T103601,Comprehensive,308,Core,420,Annual,47,1,1,1,3,775
103603,19,18-24,Male,Urban,Email,0,M103603,H103603,T103603,Third Party,352,Family,1255,Annual,395,1,1,1,3,2002
103605,20,18-24,Female,Rural,Email,0,M103605,H103605,T103605,Comprehensive,625,Core,463,Annual,109,1,1,1,3,1197
103606,47,45-54,Female,Rural,Email,0,M103606,H103606,T103606,Comprehensive,830,Core,1745,Single Trip,360,1,1,1,3,2935
103607,47,45-54,Male,Urban,Email,0,M103607,H103607,T103607,Telematics,764,Core,1010,Annual,56,1,1,1,3,1830
103608,30,25-34,Non-binary,Urban,Email,1,M103608,H103608,T103608,Third Party,1003,Family,1013,Annual,107,1,1,1,3,2123
103613,20,18-24,Female,Urban,Email,0,M103613,H103613,T103613,Third Party,321,Core,1163,Annual,81,1,1,1,3,1565
103615,36,35-44,Male,Urban,Email,0,M103615,H103615,T103615,Telematics,576,Family,355,Single Trip,299,1,1,1,3,1230
103616,49,45-54,Female,Urban,Email,0,M103616,H103616,T103616,Comprehensive,1160,Enhanced,1455,Annual,348,1,1,1,3,2963
103624,48,45-54,Female,Urban,SMS,1,M103624,H103624,T103624,Comprehensive,388,Family,466,Single Trip,342,1,1,1,3,1196
103630,52,45-54,Female,Rural,Phone,1,M103630,H103630,T103630,Third Party,851,Core,1352,Single Trip,170,1,1,1,3,2373
103631,45,45-54,Non-binary,Rural,Phone,0,M103631,H103631,T103631,Comprehensive,1102,Enhanced,1685,Family,164,1,1,1,3,2951
103633,20,18-24,Female,Urban,Phone,0,M103633,H103633,T103633,Third Party,327,Core,675,Family,164,1,1,1,3,1166
103637,48,45-54,Female,Rural,Email,0,M103637,H103637,T103637,Telematics,1087,Core,819,Annual,129,1,1,1,3,2035
103642,50,45-54,Female,Rural,Phone,0,M103642,H103642,T103642,Third Party,1129,Family,1281,Annual,358,1,1,1,3,2768
103645,49,45-54,Female,Urban,SMS,0,M103645,H103645,T103645,Comprehensive,710,Core,1682,Single Trip,238,1,1,1,3,2630
103646,53,45-54,Male,Urban,SMS,2,M103646,H103646,T103646,Third Party,293,Enhanced,1342,Annual,265,1,1,1,3,1900
103654,21,18-24,Female,Rural,Email,0,M103654,H103654,T103654,Comprehensive,627,Core,1231,Single Trip,205,1,1,1,3,2063
103657,53,45-54,Female,Urban,Email,0,M103657,H103657,T103657,Telematics,997,Enhanced,1227,Single Trip,184,1,1,1,3,2408
103659,51,45-54,Male,Urban,Email,3,M103659,H103659,T103659,Comprehensive,810,Core,1612,Family,194,1,1,1,3,2616
103671,52,45-54,Male,Urban,Email,1,M103671,H103671,T103671,Comprehensive,1033,Enhanced,580,Single Trip,311,1,1,1,3,1924
103672,72,65+,Non-binary,Urban,Email,2,M103672,H103672,T103672,Comprehensive,1008,Enhanced,613,Annual,258,1,1,1,3,1879
103673,54,45-54,Female,Rural,Phone,1,M103673,H103673,T103673,Comprehensive,854,Enhanced,575,Annual,64,1,1,1,3,1493
103676,19,18-24,Female,Urban,Email,0,M103676,H103676,T103676,Comprehensive,433,Family,772,Single Trip,358,1,1,1,3,1563
103679,52,45-54,Female,Rural,Email,2,M103679,H103679,T103679,Comprehensive,910,Family,1090,Single Trip,278,1,1,1,3,2278
103681,18,18-24,Male,Rural,Email,0,M103681,H103681,T103681,Telematics,563,Core,1142,Annual,327,1,1,1,3,2032
103682,52,45-54,Male,Rural,Phone,1,M103682,H103682,T103682,Telematics,654,Core,1666,Annual,397,1,1,1,3,2717
103687,52,45-54,Female,Urban,Phone,1,M103687,H103687,T103687,Third Party,736,Core,1006,Annual,384,1,1,1,3,2126
103692,52,45-54,Male,Rural,Email,0,M103692,H103692,T103692,Comprehensive,1055,Family,1148,Single Trip,49,1,1,1,3,2252
103695,23,18-24,Male,Rural,Email,0,M103695,H103695,T103695,Comprehensive,326,Core,938,Family,368,1,1,1,3,1632
103703,52,45-54,Female,Urban,SMS,0,M103703,H103703,T103703,Third Party,478,Core,420,Single Trip,217,1,1,1,3,1115
103704,50,45-54,Male,Urban,Phone,4,M103704,H103704,T103704,Comprehensive,513,Core,1497,Annual,112,1,1,1,3,2122
103710,23,18-24,Male,Urban,SMS,0,M103710,H103710,T103710,Third Party,1246,Core,1030,Annual,210,1,1,1,3,2486
103716,47,45-54,Male,Urban,Phone,0,M103716,H103716,T103716,Comprehensive,928,Core,810,Single Trip,171,1,1,1,3,1909
103721,19,18-24,Female,Urban,Email,0,M103721,H103721,T103721,Comprehensive,646,Core,452,Single Trip,128,1,1,1,3,1226
103722,48,45-54,Female,Urban,SMS,2,M103722,H103722,T103722,Third Party,589,Core,979,Annual,313,1,1,1,3,1881
103723,19,18-24,Female,Rural,Phone,0,M103723,H103723,T103723,Third Party,926,Core,505,Single Trip,155,1,1,1,3,1586
103729,23,18-24,Male,Rural,Phone,0,M103729,H103729,T103729,Comprehensive,1236,Core,1643,Single Trip,63,1,1,1,3,2942
103732,22,18-24,Female,Urban,Email,0,M103732,H103732,T103732,Comprehensive,1039,Core,1584,Family,54,1,1,1,3,2677
103735,52,45-54,Male,Urban,SMS,0,M103735,H103735,T103735,Comprehensive,579,Core,950,Annual,227,1,1,1,3,1756
103741,18,18-24,Male,Urban,Email,0,M103741,H103741,T103741,Comprehensive,971,Core,775,Annual,189,1,1,1,3,1935
103746,46,45-54,Female,Rural,SMS,0,M103746,H103746,T103746,Telematics,994,Enhanced,499,Annual,119,1,1,1,3,1612
103750,22,18-24,Female,Urban,SMS,0,M103750,H103750,T103750,Comprehensive,318,Core,1726,Family,363,1,1,1,3,2407
103751,59,55-64,Male,Rural,Phone,2,M103751,H103751,T103751,Comprehensive,476,Family,1226,Single Trip,50,1,1,1,3,1752
103752,52,45-54,Female,Rural,Phone,0,M103752,H103752,T103752,Telematics,761,Family,540,Single Trip,124,1,1,1,3,1425
103754,51,45-54,Female,Urban,Email,1,M103754,H103754,T103754,Third Party,958,Enhanced,1414,Single Trip,407,1,1,1,3,2779
103757,50,45-54,Female,Rural,Email,2,M103757,H103757,T103757,Comprehensive,1031,Family,1355,Single Trip,57,1,1,1,3,2443
103763,45,45-54,Female,Rural,Phone,0,M103763,H103763,T103763,Comprehensive,598,Core,1705,Annual,359,1,1,1,3,2662
103767,59,55-64,Male,Urban,Phone,1,M103767,H103767,T103767,Comprehensive,368,Core,1109,Family,310,1,1,1,3,1787
103769,50,45-54,Female,Urban,Phone,2,M103769,H103769,T103769,Telematics,463,Core,491,Annual,75,1,1,1,3,1029
103771,18,18-24,Female,Urban,Email,0,M103771,H103771,T103771,Comprehensive,464,Family,812,Annual,83,1,1,1,3,1359
103773,21,18-24,Female,Urban,Email,0,M103773,H103773,T103773,Third Party,764,Enhanced,995,Annual,220,1,1,1,3,1979
103778,22,18-24,Female,Urban,SMS,0,M103778,H103778,T103778,Comprehensive,1082,Family,880,Family,395,1,1,1,3,2357
103783,33,25-34,Male,Rural,Phone,1,M103783,H103783,T103783,Third Party,752,Family,633,Family,169,1,1,1,3,1554
103786,24,18-24,Female,Rural,SMS,0,M103786,H103786,T103786,Comprehensive,860,Family,402,Annual,231,1,1,1,3,1493
103787,37,35-44,Male,Rural,Phone,0,M103787,H103787,T103787,Comprehensive,465,Core,1622,Single Trip,174,1,1,1,3,2261
103790,20,18-24,Male,Rural,Phone,0,M103790,H103790,T103790,Third Party,327,Family,1375,Single Trip,325,1,1,1,3,2027
103793,22,18-24,Male,Rural,SMS,0,M103793,H103793,T103793,Comprehensive,378,Family,1630,Annual,234,1,1,1,3,2242
103794,50,45-54,Female,Rural,Phone,1,M103794,H103794,T103794,Third Party,813,Family,388,Annual,357,1,1,1,3,1558
103796,22,18-24,Male,Urban,SMS,0,M103796,H103796,T103796,Telematics,493,Core,947,Family,134,1,1,1,3,1574
103807,24,18-24,Female,Urban,Email,0,M103807,H103807,T103807,Third Party,1223,Core,922,Family,291,1,1,1,3,2436
103815,47,45-54,Male,Rural,Email,1,M103815,H103815,T103815,Telematics,1204,Family,1308,Single Trip,132,1,1,1,3,2644
103816,21,18-24,Female,Urban,Email,0,M103816,H103816,T103816,Third Party,423,Core,1523,Single Trip,239,1,1,1,3,2185
103817,52,45-54,Male,Urban,Email,2,M103817,H103817,T103817,Third Party,496,Core,1059,Annual,276,1,1,1,3,1831
103819,18,18-24,Female,Urban,SMS,0,M103819,H103819,T103819,Third Party,1065,Family,1084,Annual,306,1,1,1,3,2455
103820,52,45-54,Male,Rural,Email,2,M103820,H103820,T103820,Comprehensive,1141,Core,820,Single Trip,337,1,1,1,3,2298
103825,54,45-54,Male,Urban,Phone,4,M103825,H103825,T103825,Comprehensive,374,Family,935,Annual,409,1,1,1,3,1718
103829,48,45-54,Female,Urban,Phone,1,M103829,H103829,T103829,Telematics,312,Family,1351,Single Trip,156,1,1,1,3,1819
103831,25,25-34,Male,Urban,Email,1,M103831,H103831,T103831,Comprehensive,608,Family,1343,Single Trip,406,1,1,1,3,2357
103835,20,18-24,Male,Urban,SMS,0,M103835,H103835,T103835,Comprehensive,894,Core,810,Single Trip,388,1,1,1,3,2092
103841,47,45-54,Male,Rural,Email,0,M103841,H103841,T103841,Third Party,822,Enhanced,1842,Single Trip,329,1,1,1,3,2993
103842,52,45-54,Male,Rural,Phone,0,M103842,H103842,T103842,Third Party,439,Family,1642,Family,275,1,1,1,3,2356
103852,23,18-24,Male,Urban,Email,0,M103852,H103852,T103852,Comprehensive,1225,Family,604,Annual,172,1,1,1,3,2001
103857,45,45-54,Female,Urban,Phone,1,M103857,H103857,T103857,Third Party,943,Core,677,Family,340,1,1,1,3,1960
103863,23,18-24,Female,Urban,Email,0,M103863,H103863,T103863,Telematics,1001,Family,1087,Family,282,1,1,1,3,2370
103864,54,45-54,Male,Rural,Phone,1,M103864,H103864,T103864,Comprehensive,532,Core,518,Annual,240,1,1,1,3,1290
103866,18,18-24,Female,Rural,Email,0,M103866,H103866,T103866,Comprehensive,744,Enhanced,628,Single Trip,215,1,1,1,3,1587
103873,33,25-34,Male,Urban,SMS,0,M103873,H103873,T103873,Comprehensive,537,Enhanced,517,Family,84,1,1,1,3,1138
103879,19,18-24,Female,Urban,Email,0,M103879,H103879,T103879,Comprehensive,697,Core,790,Annual,364,1,1,1,3,1851
103882,46,45-54,Female,Urban,SMS,0,M103882,H103882,T103882,Comprehensive,312,Core,1186,Annual,160,1,1,1,3,1658
103885,18,18-24,Male,Rural,Email,0,M103885,H103885,T103885,Third Party,1147,Core,1762,Single Trip,60,1,1,1,3,2969
103887,48,45-54,Male,Urban,Email,0,M103887,H103887,T103887,Comprehensive,1015,Core,1254,Family,198,1,1,1,3,2467
103889,48,45-54,Female,Urban,Phone,2,M103889,H103889,T103889,Comprehensive,368,Enhanced,1443,Single Trip,401,1,1,1,3,2212
103903,46,45-54,Female,Urban,Email,2,M103903,H103903,T103903,Telematics,1234,Core,514,Single Trip,405,1,1,1,3,2153
103905,47,45-54,Female,Urban,SMS,1,M103905,H103905,T103905,Comprehensive,613,Core,1746,Family,246,1,1,1,3,2605
103907,46,45-54,Male,Rural,Email,1,M103907,H103907,T103907,Telematics,893,Core,1073,Annual,344,1,1,1,3,2310
103920,54,45-54,Male,Urban,Phone,5,M103920,H103920,T103920,Telematics,284,Enhanced,924,Single Trip,82,1,1,1,3,1290
103921,54,45-54,Male,Rural,SMS,1,M103921,H103921,T103921,Telematics,917,Family,1209,Family,158,1,1,1,3,2284
103923,69,65+,Male,Urban,Phone,2,M103923,H103923,T103923,Third Party,420,Enhanced,452,Annual,159,1,1,1,3,1031
103927,32,25-34,Male,Rural,SMS,1,M103927,H103927,T103927,Telematics,1186,Family,1128,Family,67,1,1,1,3,2381
103928,48,45-54,Female,Urban,Phone,2,M103928,H103928,T103928,Third Party,1039,Core,1433,Single Trip,75,1,1,1,3,2547
103931,20,18-24,Female,Urban,Email,0,M103931,H103931,T103931,Third Party,992,Core,1736,Annual,392,1,1,1,3,3120
103932,22,18-24,Male,Urban,Email,0,M103932,H103932,T103932,Comprehensive,658,Core,1657,Single Trip,141,1,1,1,3,2456
103937,48,45-54,Male,Urban,Email,0,M103937,H103937,T103937,Comprehensive,1223,Family,1058,Family,80,1,1,1,3,2361
103938,18,18-24,Female,Rural,SMS,0,M103938,H103938,T103938,Comprehensive,1162,Core,507,Annual,400,1,1,1,3,2069
103944,51,45-54,Female,Rural,Phone,3,M103944,H103944,T103944,Third Party,686,Enhanced,1591,Single Trip,347,1,1,1,3,2624
103946,40,35-44,Male,Urban,SMS,3,M103946,H103946,T103946,Third Party,711,Core,1027,Single Trip,317,1,1,1,3,2055
103949,47,45-54,Female,Urban,SMS,2,M103949,H103949,T103949,Third Party,1141,Family,1737,Annual,337,1,1,1,3,3215
103951,45,45-54,Female,Rural,Email,0,M103951,H103951,T103951,Third Party,792,Enhanced,1482,Single Trip,292,1,1,1,3,2566
103954,45,45-54,Female,Rural,SMS,5,M103954,H103954,T103954,Comprehensive,459,Core,1743,Single Trip,82,1,1,1,3,2284
103956,48,45-54,Female,Urban,Email,1,M103956,H103956,T103956,Third Party,1248,Family,520,Single Trip,338,1,1,1,3,2106
103969,43,35-44,Male,Urban,Email,2,M103969,H103969,T103969,Third Party,1189,Core,510,Single Trip,185,1,1,1,3,1884
103982,52,45-54,Male,Urban,Phone,1,M103982,H103982,T103982,Comprehensive,469,Family,1042,Annual,413,1,1,1,3,1924
103983,50,45-54,Male,Urban,Phone,2,M103983,H103983,T103983,Comprehensive,294,Core,428,Single Trip,406,1,1,1,3,1128
103984,45,45-54,Male,Rural,Email,0,M103984,H103984,T103984,Third Party,1007,Family,1319,Single Trip,222,1,1,1,3,2548
103985,20,18-24,Female,Urban,Email,0,M103985,H103985,T103985,Comprehensive,554,Family,819,Single Trip,242,1,1,1,3,1615
103990,52,45-54,Female,Urban,Email,4,M103990,H103990,T103990,Comprehensive,466,Family,1526,Annual,374,1,1,1,3,2366
103993,46,45-54,Female,Rural,Phone,5,M103993,H103993,T103993,Telematics,507,Family,992,Single Trip,137,1,1,1,3,1636
103995,60,55-64,Female,Urban,Phone,4,M103995,H103995,T103995,Third Party,682,Core,1338,Annual,412,1,1,1,3,2432
104003,24,18-24,Male,Rural,Phone,0,M104003,H104003,T104003,Third Party,985,Enhanced,1472,Annual,99,1,1,1,3,2556
104006,19,18-24,Female,Urban,Email,0,M104006,H104006,T104006,Telematics,378,Core,534,Single Trip,101,1,1,1,3,1013
104009,56,55-64,Male,Rural,Phone,0,M104009,H104009,T104009,Third Party,477,Core,1621,Single Trip,347,1,1,1,3,2445
104010,52,45-54,Female,Urban,Phone,1,M104010,H104010,T104010,Third Party,760,Enhanced,364,Annual,195,1,1,1,3,1319
104015,52,45-54,Male,Urban,Phone,0,M104015,H104015,T104015,Comprehensive,1033,Family,1839,Family,203,1,1,1,3,3075
104016,47,45-54,Male,Urban,Phone,2,M104016,H104016,T104016,Comprehensive,811,Enhanced,516,Single Trip,354,1,1,1,3,1681
104021,78,65+,Female,Rural,Email,1,M104021,H104021,T104021,Comprehensive,1191,Core,993,Annual,224,1,1,1,3,2408
104026,70,65+,Female,Rural,Phone,1,M104026,H104026,T104026,Third Party,689,Core,850,Annual,215,1,1,1,3,1754
104057,47,45-54,Male,Urban,Email,1,M104057,H104057,T104057,Comprehensive,1187,Family,1562,Single Trip,270,1,1,1,3,3019
104061,33,25-34,Male,Rural,Email,1,M104061,H104061,T104061,Telematics,726,Family,1504,Single Trip,390,1,1,1,3,2620
104064,20,18-24,Female,Urban,Phone,0,M104064,H104064,T104064,Comprehensive,438,Enhanced,1758,Single Trip,191,1,1,1,3,2387
104066,51,45-54,Female,Rural,SMS,0,M104066,H104066,T104066,Comprehensive,376,Family,1565,Single Trip,182,1,1,1,3,2123
104067,23,18-24,Male,Urban,Phone,0,M104067,H104067,T104067,Comprehensive,1072,Core,587,Family,291,1,1,1,3,1950
104068,19,18-24,Female,Rural,Email,0,M104068,H104068,T104068,Comprehensive,1169,Core,1006,Annual,228,1,1,1,3,2403
104072,64,55-64,Male,Rural,Phone,3,M104072,H104072,T104072,Third Party,677,Family,1212,Single Trip,407,1,1,1,3,2296
104084,64,55-64,Female,Urban,Phone,1,M104084,H104084,T104084,Comprehensive,1108,Family,1812,Single Trip,163,1,1,1,3,3083
102051,54,45-54,Male,Rural,Phone,2,M102051,H102051,,Comprehensive,432,Enhanced,700,,,1,1,0,2,1132
102061,47,45-54,Male,Urban,Email,0,M102061,H102061,,Comprehensive,567,Core,1393,,,1,1,0,2,1960
102064,22,18-24,Male,Rural,Email,0,M102064,H102064,,Comprehensive,1157,Core,784,,,1,1,0,2,1941
102070,45,45-54,Male,Urban,SMS,2,M102070,H102070,,Third Party,1022,Enhanced,1055,,,1,1,0,2,2077
102072,46,45-54,Female,Rural,Phone,0,M102072,H102072,,Telematics,760,Core,792,,,1,1,0,2,1552
102073,47,45-54,Female,Urban,Phone,0,M102073,H102073,,Third Party,1192,Family,1052,,,1,1,0,2,2244
102076,38,35-44,Non-binary,Urban,Email,2,M102076,H102076,,Third Party,374,Family,871,,,1,1,0,2,1245
102077,67,65+,Male,Urban,Phone,3,M102077,H102077,,Comprehensive,429,Enhanced,1707,,,1,1,0,2,2136
102089,18,18-24,Female,Rural,Email,0,M102089,H102089,,Third Party,1039,Family,1196,,,1,1,0,2,2235
102101,63,55-64,Female,Urban,Phone,1,M102101,H102101,,Comprehensive,770,Enhanced,1698,,,1,1,0,2,2468
102103,49,45-54,Female,Urban,Email,1,M102103,H102103,,Comprehensive,394,Core,840,,,1,1,0,2,1234
102113,31,25-34,Male,Urban,SMS,0,M102113,H102113,,Third Party,560,Enhanced,1592,,,1,1,0,2,2152
102116,51,45-54,Female,Urban,SMS,1,M102116,H102116,,Telematics,349,Core,888,,,1,1,0,2,1237
102124,44,35-44,Male,Urban,SMS,1,M102124,H102124,,Third Party,1245,Core,1790,,,1,1,0,2,3035
102129,19,18-24,Male,Urban,Phone,0,M102129,H102129,,Comprehensive,691,Core,413,,,1,1,0,2,1104
102130,51,45-54,Male,Rural,Phone,4,M102130,H102130,,Comprehensive,1103,Core,1138,,,1,1,0,2,2241
102133,49,45-54,Male,Urban,Phone,0,M102133,H102133,,Third Party,475,Family,884,,,1,1,0,2,1359
102135,46,45-54,Female,Urban,Email,0,M102135,H102135,,Comprehensive,1111,Core,1072,,,1,1,0,2,2183
102137,51,45-54,Male,Urban,Phone,1,M102137,H102137,,Third Party,895,Enhanced,512,,,1,1,0,2,1407
102142,18,18-24,Male,Urban,Phone,0,M102142,H102142,,Telematics,676,Family,1702,,,1,1,0,2,2378
102145,20,18-24,Female,Rural,Email,1,M102145,H102145,,Telematics,813,Core,1827,,,1,1,0,2,2640
102152,18,18-24,Male,Rural,Email,1,M102152,H102152,,Third Party,1124,Core,939,,,1,1,0,2,2063
102153,19,18-24,Female,Urban,Email,0,M102153,H102153,,Comprehensive,469,Enhanced,1129,,,1,1,0,2,1598
102155,31,25-34,Male,Rural,Email,0,M102155,H102155,,Comprehensive,703,Family,466,,,1,1,0,2,1169
102163,38,35-44,Female,Rural,Email,0,M102163,H102163,,Comprehensive,595,Family,821,,,1,1,0,2,1416
102166,48,45-54,Female,Rural,Email,1,M102166,H102166,,Third Party,562,Enhanced,1395,,,1,1,0,2,1957
102168,53,45-54,Male,Urban,Email,0,M102168,H102168,,Comprehensive,632,Family,1426,,,1,1,0,2,2058
102173,31,25-34,Female,Urban,Email,1,M102173,H102173,,Third Party,685,Family,1794,,,1,1,0,2,2479
102174,52,45-54,Female,Rural,Phone,0,M102174,H102174,,Comprehensive,1157,Enhanced,1493,,,1,1,0,2,2650
102175,23,18-24,Male,Urban,Email,0,M102175,H102175,,Comprehensive,612,Core,385,,,1,1,0,2,997
102177,23,18-24,Female,Urban,Phone,1,M102177,H102177,,Third Party,614,Core,1552,,,1,1,0,2,2166
102180,54,45-54,Female,Rural,Phone,1,M102180,H102180,,Comprehensive,1152,Family,1103,,,1,1,0,2,2255
102192,24,18-24,Male,Urban,SMS,0,M102192,H102192,,Comprehensive,379,Family,741,,,1,1,0,2,1120
102195,46,45-54,Female,Rural,Email,3,M102195,H102195,,Comprehensive,914,Family,562,,,1,1,0,2,1476
102198,18,18-24,Male,Urban,Email,0,M102198,H102198,,Comprehensive,555,Family,1485,,,1,1,0,2,2040
102202,19,18-24,Male,Rural,Phone,0,M102202,H102202,,Comprehensive,1197,Enhanced,1459,,,1,1,0,2,2656
102203,22,18-24,Male,Urban,Email,0,M102203,H102203,,Comprehensive,1121,Family,735,,,1,1,0,2,1856
102205,54,45-54,Female,Rural,Phone,1,M102205,H102205,,Third Party,1218,Family,1099,,,1,1,0,2,2317
102206,50,45-54,Male,Urban,SMS,2,M102206,H102206,,Third Party,935,Family,361,,,1,1,0,2,1296
102208,63,55-64,Male,Urban,Phone,2,M102208,H102208,,Comprehensive,1023,Family,755,,,1,1,0,2,1778
102210,47,45-54,Female,Urban,SMS,3,M102210,H102210,,Comprehensive,1188,Core,1512,,,1,1,0,2,2700
102212,45,45-54,Male,Urban,Phone,4,M102212,H102212,,Comprehensive,1171,Core,961,,,1,1,0,2,2132
102216,52,45-54,Male,Rural,Phone,1,M102216,H102216,,Third Party,414,Family,1109,,,1,1,0,2,1523
102219,47,45-54,Non-binary,Urban,SMS,2,M102219,H102219,,Third Party,311,Core,369,,,1,1,0,2,680
102223,19,18-24,Female,Rural,Phone,0,M102223,H102223,,Comprehensive,415,Family,1729,,,1,1,0,2,2144
102225,20,18-24,Female,Rural,SMS,0,M102225,H102225,,Telematics,546,Core,462,,,1,1,0,2,1008
102230,31,25-34,Male,Urban,Email,4,M102230,H102230,,Comprehensive,1220,Family,431,,,1,1,0,2,1651
102236,19,18-24,Male,Urban,SMS,0,M102236,H102236,,Telematics,1111,Core,634,,,1,1,0,2,1745
102237,72,65+,Female,Rural,Phone,1,M102237,H102237,,Comprehensive,621,Family,1583,,,1,1,0,2,2204
102241,20,18-24,Female,Urban,Email,1,M102241,H102241,,Comprehensive,344,Core,384,,,1,1,0,2,728
102243,22,18-24,Female,Rural,Email,0,M102243,H102243,,Telematics,415,Enhanced,1438,,,1,1,0,2,1853
102244,51,45-54,Non-binary,Urban,Email,0,M102244,H102244,,Comprehensive,872,Enhanced,518,,,1,1,0,2,1390
102246,46,45-54,Female,Rural,Phone,2,M102246,H102246,,Comprehensive,287,Core,1113,,,1,1,0,2,1400
102254,47,45-54,Female,Rural,SMS,0,M102254,H102254,,Comprehensive,1039,Core,589,,,1,1,0,2,1628
102255,32,25-34,Male,Rural,SMS,2,M102255,H102255,,Comprehensive,652,Family,1224,,,1,1,0,2,1876
102256,21,18-24,Female,Urban,Email,0,M102256,H102256,,Comprehensive,574,Enhanced,1424,,,1,1,0,2,1998
102260,52,45-54,Male,Rural,Email,1,M102260,H102260,,Comprehensive,833,Core,583,,,1,1,0,2,1416
102263,24,18-24,Male,Urban,SMS,0,M102263,H102263,,Comprehensive,657,Core,1114,,,1,1,0,2,1771
102273,39,35-44,Male,Urban,Email,2,M102273,H102273,,Comprehensive,1086,Core,1460,,,1,1,0,2,2546
102278,39,35-44,Female,Urban,Email,0,M102278,H102278,,Telematics,351,Family,1704,,,1,1,0,2,2055
102279,45,45-54,Female,Rural,Email,1,M102279,H102279,,Third Party,539,Core,530,,,1,1,0,2,1069
102280,29,25-34,Female,Urban,Phone,1,M102280,H102280,,Comprehensive,717,Core,379,,,1,1,0,2,1096
102282,66,65+,Female,Urban,Phone,1,M102282,H102282,,Comprehensive,889,Enhanced,1171,,,1,1,0,2,2060
102283,47,45-54,Female,Urban,Phone,2,M102283,H102283,,Third Party,1062,Family,599,,,1,1,0,2,1661
102288,49,45-54,Male,Rural,Phone,0,M102288,H102288,,Comprehensive,1046,Core,678,,,1,1,0,2,1724
102294,24,18-24,Male,Rural,Email,0,M102294,H102294,,Third Party,1195,Core,1493,,,1,1,0,2,2688
102299,47,45-54,Male,Urban,SMS,0,M102299,H102299,,Third Party,802,Enhanced,830,,,1,1,0,2,1632
102303,59,55-64,Male,Rural,Phone,5,M102303,H102303,,Third Party,1055,Core,701,,,1,1,0,2,1756
102308,52,45-54,Female,Urban,Phone,2,M102308,H102308,,Comprehensive,1087,Family,1052,,,1,1,0,2,2139
102325,18,18-24,Male,Urban,Email,0,M102325,H102325,,Telematics,930,Enhanced,1793,,,1,1,0,2,2723
102332,32,25-34,Female,Rural,Email,0,M102332,H102332,,Comprehensive,1030,Core,472,,,1,1,0,2,1502
102337,18,18-24,Female,Urban,Phone,0,M102337,H102337,,Third Party,613,Core,543,,,1,1,0,2,1156
102338,46,45-54,Male,Urban,SMS,0,M102338,H102338,,Comprehensive,355,Enhanced,1447,,,1,1,0,2,1802
102340,49,45-54,Male,Urban,SMS,0,M102340,H102340,,Telematics,417,Core,903,,,1,1,0,2,1320
102342,18,18-24,Male,Urban,Email,0,M102342,H102342,,Third Party,856,Core,622,,,1,1,0,2,1478
102343,19,18-24,Female,Urban,Email,0,M102343,H102343,,Telematics,1186,Enhanced,884,,,1,1,0,2,2070
102359,53,45-54,Female,Rural,Email,0,M102359,H102359,,Telematics,1092,Enhanced,1453,,,1,1,0,2,2545
102363,22,18-24,Female,Rural,Phone,0,M102363,H102363,,Comprehensive,295,Family,970,,,1,1,0,2,1265
102364,24,18-24,Female,Rural,Email,0,M102364,H102364,,Telematics,492,Core,1402,,,1,1,0,2,1894
102365,22,18-24,Male,Rural,Email,0,M102365,H102365,,Comprehensive,1119,Core,779,,,1,1,0,2,1898
102367,51,45-54,Male,Rural,Phone,1,M102367,H102367,,Telematics,570,Core,473,,,1,1,0,2,1043
102369,38,35-44,Female,Urban,Email,1,M102369,H102369,,Comprehensive,354,Enhanced,361,,,1,1,0,2,715
102370,18,18-24,Male,Urban,SMS,0,M102370,H102370,,Comprehensive,606,Family,1140,,,1,1,0,2,1746
102372,22,18-24,Non-binary,Urban,Email,0,M102372,H102372,,Comprehensive,781,Core,1183,,,1,1,0,2,1964
102375,50,45-54,Male,Urban,Email,2,M102375,H102375,,Comprehensive,787,Family,513,,,1,1,0,2,1300
102377,53,45-54,Male,Urban,Email,1,M102377,H102377,,Comprehensive,872,Family,592,,,1,1,0,2,1464
102378,54,45-54,Female,Rural,Phone,0,M102378,H102378,,Comprehensive,594,Enhanced,1827,,,1,1,0,2,2421
102379,47,45-54,Male,Urban,Phone,1,M102379,H102379,,Telematics,877,Core,1720,,,1,1,0,2,2597
102383,68,65+,Female,Rural,Phone,0,M102383,H102383,,Comprehensive,762,Core,1393,,,1,1,0,2,2155
102384,46,45-54,Male,Urban,Email,2,M102384,H102384,,Third Party,1026,Core,916,,,1,1,0,2,1942
102392,24,18-24,Male,Urban,SMS,0,M102392,H102392,,Third Party,1098,Core,1275,,,1,1,0,2,2373
102394,18,18-24,Male,Urban,Email,0,M102394,H102394,,Comprehensive,289,Family,1790,,,1,1,0,2,2079
102400,72,65+,Female,Rural,Phone,4,M102400,H102400,,Telematics,655,Core,1527,,,1,1,0,2,2182
102405,23,18-24,Female,Urban,SMS,0,M102405,H102405,,Comprehensive,412,Enhanced,638,,,1,1,0,2,1050
102408,19,18-24,Male,Urban,SMS,0,M102408,H102408,,Telematics,843,Core,981,,,1,1,0,2,1824
102410,23,18-24,Female,Urban,Email,0,M102410,H102410,,Comprehensive,562,Core,1444,,,1,1,0,2,2006
102412,52,45-54,Female,Urban,Phone,1,M102412,H102412,,Comprehensive,628,Core,631,,,1,1,0,2,1259
102413,47,45-54,Female,Urban,SMS,3,M102413,H102413,,Comprehensive,864,Enhanced,1781,,,1,1,0,2,2645
102415,21,18-24,Male,Urban,Email,0,M102415,H102415,,Telematics,346,Core,1257,,,1,1,0,2,1603
102421,36,35-44,Male,Urban,Phone,2,M102421,H102421,,Third Party,524,Enhanced,874,,,1,1,0,2,1398
102423,48,45-54,Male,Urban,SMS,1,M102423,H102423,,Comprehensive,1210,Core,525,,,1,1,0,2,1735
102425,21,18-24,Male,Rural,Email,0,M102425,H102425,,Third Party,715,Enhanced,1529,,,1,1,0,2,2244
102430,34,25-34,Female,Urban,SMS,1,M102430,H102430,,Comprehensive,1195,Core,1796,,,1,1,0,2,2991
102434,46,45-54,Female,Urban,Phone,0,M102434,H102434,,Comprehensive,476,Family,519,,,1,1,0,2,995
102436,24,18-24,Male,Rural,Phone,0,M102436,H102436,,Comprehensive,726,Family,907,,,1,1,0,2,1633
102437,47,45-54,Male,Urban,Phone,0,M102437,H102437,,Telematics,879,Enhanced,1487,,,1,1,0,2,2366
102440,20,18-24,Male,Rural,Email,0,M102440,H102440,,Telematics,898,Core,541,,,1,1,0,2,1439
102441,47,45-54,Female,Urban,SMS,1,M102441,H102441,,Third Party,820,Core,1619,,,1,1,0,2,2439
102446,48,45-54,Female,Urban,Email,1,M102446,H102446,,Comprehensive,825,Core,569,,,1,1,0,2,1394
102449,54,45-54,Female,Urban,Phone,1,M102449,H102449,,Telematics,852,Core,766,,,1,1,0,2,1618
102463,54,45-54,Male,Urban,Email,1,M102463,H102463,,Comprehensive,1052,Core,1355,,,1,1,0,2,2407
102481,49,45-54,Non-binary,Urban,SMS,3,M102481,H102481,,Comprehensive,635,Core,1063,,,1,1,0,2,1698
102482,52,45-54,Female,Rural,Phone,3,M102482,H102482,,Third Party,576,Core,1598,,,1,1,0,2,2174
102483,48,45-54,Female,Urban,Email,0,M102483,H102483,,Third Party,1137,Enhanced,1615,,,1,1,0,2,2752
102489,48,45-54,Female,Rural,Email,1,M102489,H102489,,Comprehensive,1070,Core,1024,,,1,1,0,2,2094
102491,31,25-34,Male,Urban,Email,0,M102491,H102491,,Comprehensive,841,Core,917,,,1,1,0,2,1758
102493,52,45-54,Male,Rural,Email,1,M102493,H102493,,Comprehensive,344,Family,839,,,1,1,0,2,1183
102503,43,35-44,Female,Urban,Phone,2,M102503,H102503,,Comprehensive,425,Core,1693,,,1,1,0,2,2118
102504,18,18-24,Female,Urban,Email,0,M102504,H102504,,Third Party,1238,Family,1718,,,1,1,0,2,2956
102505,60,55-64,Female,Urban,SMS,5,M102505,H102505,,Telematics,312,Core,1326,,,1,1,0,2,1638
102506,40,35-44,Male,Rural,SMS,2,M102506,H102506,,Comprehensive,423,Family,389,,,1,1,0,2,812
102513,19,18-24,Female,Urban,Phone,0,M102513,H102513,,Third Party,361,Core,462,,,1,1,0,2,823
102518,53,45-54,Female,Rural,Phone,1,M102518,H102518,,Third Party,450,Core,1757,,,1,1,0,2,2207
102522,27,25-34,Female,Rural,Email,0,M102522,H102522,,Third Party,366,Enhanced,1512,,,1,1,0,2,1878
102532,19,18-24,Female,Urban,Email,0,M102532,H102532,,Telematics,891,Enhanced,1160,,,1,1,0,2,2051
102536,51,45-54,Male,Urban,SMS,0,M102536,H102536,,Comprehensive,772,Core,925,,,1,1,0,2,1697
102537,23,18-24,Female,Rural,Phone,0,M102537,H102537,,Comprehensive,951,Enhanced,1276,,,1,1,0,2,2227
102538,61,55-64,Female,Rural,Phone,1,M102538,H102538,,Third Party,880,Core,985,,,1,1,0,2,1865
102541,53,45-54,Female,Rural,Phone,3,M102541,H102541,,Third Party,422,Family,790,,,1,1,0,2,1212
102542,47,45-54,Male,Urban,Phone,2,M102542,H102542,,Telematics,1241,Core,804,,,1,1,0,2,2045
102547,52,45-54,Female,Rural,Email,0,M102547,H102547,,Telematics,306,Enhanced,994,,,1,1,0,2,1300
102549,19,18-24,Female,Rural,Email,0,M102549,H102549,,Third Party,958,Core,916,,,1,1,0,2,1874
102554,45,45-54,Female,Rural,Phone,1,M102554,H102554,,Comprehensive,320,Enhanced,1014,,,1,1,0,2,1334
102555,54,45-54,Female,Urban,Email,1,M102555,H102555,,Third Party,824,Core,642,,,1,1,0,2,1466
102556,53,45-54,Male,Urban,Email,1,M102556,H102556,,Comprehensive,315,Enhanced,1214,,,1,1,0,2,1529
102558,22,18-24,Male,Urban,Email,0,M102558,H102558,,Comprehensive,907,Enhanced,930,,,1,1,0,2,1837
102563,47,45-54,Female,Rural,Email,1,M102563,H102563,,Telematics,780,Family,1032,,,1,1,0,2,1812
102570,50,45-54,Female,Urban,Email,2,M102570,H102570,,Comprehensive,1206,Family,620,,,1,1,0,2,1826
102571,19,18-24,Male,Rural,Email,0,M102571,H102571,,Comprehensive,973,Enhanced,1283,,,1,1,0,2,2256
102575,18,18-24,Female,Urban,Email,0,M102575,H102575,,Comprehensive,589,Core,1733,,,1,1,0,2,2322
102580,71,65+,Male,Urban,Phone,1,M102580,H102580,,Comprehensive,974,Enhanced,1789,,,1,1,0,2,2763
102582,51,45-54,Male,Rural,Phone,0,M102582,H102582,,Third Party,524,Enhanced,1293,,,1,1,0,2,1817
102586,51,45-54,Male,Urban,Email,0,M102586,H102586,,Comprehensive,745,Enhanced,567,,,1,1,0,2,1312
102588,53,45-54,Female,Rural,Email,0,M102588,H102588,,Comprehensive,781,Family,655,,,1,1,0,2,1436
102592,54,45-54,Male,Urban,Email,2,M102592,H102592,,Comprehensive,348,Enhanced,1700,,,1,1,0,2,2048
102595,19,18-24,Male,Urban,SMS,0,M102595,H102595,,Comprehensive,348,Enhanced,1128,,,1,1,0,2,1476
102602,49,45-54,Male,Urban,Phone,1,M102602,H102602,,Third Party,872,Family,1726,,,1,1,0,2,2598
102603,54,45-54,Female,Rural,Phone,3,M102603,H102603,,Comprehensive,770,Enhanced,843,,,1,1,0,2,1613
102604,19,18-24,Female,Urban,Email,0,M102604,H102604,,Comprehensive,458,Core,1355,,,1,1,0,2,1813
102608,44,35-44,Male,Urban,SMS,0,M102608,H102608,,Telematics,799,Core,541,,,1,1,0,2,1340
102609,53,45-54,Female,Rural,Phone,0,M102609,H102609,,Comprehensive,813,Core,624,,,1,1,0,2,1437
102617,52,45-54,Female,Rural,Email,0,M102617,H102617,,Comprehensive,1218,Enhanced,968,,,1,1,0,2,2186
102619,51,45-54,Male,Rural,Phone,1,M102619,H102619,,Third Party,868,Enhanced,1759,,,1,1,0,2,2627
102622,51,45-54,Female,Urban,Phone,1,M102622,H102622,,Comprehensive,1100,Core,637,,,1,1,0,2,1737
102625,22,18-24,Male,Urban,Phone,1,M102625,H102625,,Comprehensive,1232,Enhanced,606,,,1,1,0,2,1838
102626,59,55-64,Male,Urban,Phone,1,M102626,H102626,,Comprehensive,491,Enhanced,1426,,,1,1,0,2,1917
102628,24,18-24,Female,Urban,Email,1,M102628,H102628,,Comprehensive,715,Family,1468,,,1,1,0,2,2183
102632,61,55-64,Female,Urban,Phone,2,M102632,H102632,,Comprehensive,549,Enhanced,657,,,1,1,0,2,1206
102636,45,45-54,Male,Urban,Phone,1,M102636,H102636,,Comprehensive,295,Core,1274,,,1,1,0,2,1569
102638,23,18-24,Female,Rural,Phone,0,M102638,H102638,,Telematics,1082,Enhanced,863,,,1,1,0,2,1945
102642,59,55-64,Female,Urban,SMS,1,M102642,H102642,,Comprehensive,725,Core,1755,,,1,1,0,2,2480
102643,52,45-54,Male,Urban,Email,0,M102643,H102643,,Telematics,853,Family,995,,,1,1,0,2,1848
102653,47,45-54,Male,Rural,Phone,1,M102653,H102653,,Comprehensive,1218,Core,1838,,,1,1,0,2,3056
102656,46,45-54,Female,Urban,Email,0,M102656,H102656,,Comprehensive,1039,Core,750,,,1,1,0,2,1789
102659,19,18-24,Female,Urban,Email,0,M102659,H102659,,Comprehensive,437,Core,490,,,1,1,0,2,927
102662,54,45-54,Male,Urban,Email,0,M102662,H102662,,Third Party,960,Enhanced,762,,,1,1,0,2,1722
102663,21,18-24,Male,Rural,Email,0,M102663,H102663,,Third Party,1086,Core,393,,,1,1,0,2,1479
102664,22,18-24,Female,Urban,SMS,0,M102664,H102664,,Comprehensive,811,Enhanced,1379,,,1,1,0,2,2190
102665,46,45-54,Female,Urban,Email,0,M102665,H102665,,Comprehensive,1151,Enhanced,626,,,1,1,0,2,1777
102676,36,35-44,Female,Urban,SMS,1,M102676,H102676,,Comprehensive,903,Core,749,,,1,1,0,2,1652
102677,54,45-54,Male,Urban,Email,0,M102677,H102677,,Comprehensive,869,Core,958,,,1,1,0,2,1827
102678,34,25-34,Male,Urban,SMS,0,M102678,H102678,,Telematics,393,Family,1455,,,1,1,0,2,1848
102682,51,45-54,Male,Urban,SMS,1,M102682,H102682,,Comprehensive,587,Family,1497,,,1,1,0,2,2084
102686,18,18-24,Male,Urban,Email,0,M102686,H102686,,Comprehensive,506,Core,1261,,,1,1,0,2,1767
102699,52,45-54,Female,Rural,SMS,0,M102699,H102699,,Comprehensive,536,Enhanced,1499,,,1,1,0,2,2035
102707,46,45-54,Female,Urban,Email,0,M102707,H102707,,Telematics,1240,Family,386,,,1,1,0,2,1626
102708,46,45-54,Male,Urban,Phone,0,M102708,H102708,,Comprehensive,1018,Enhanced,1340,,,1,1,0,2,2358
102715,23,18-24,Male,Rural,Phone,0,M102715,H102715,,Third Party,910,Enhanced,1052,,,1,1,0,2,1962
102718,32,25-34,Female,Urban,Phone,0,M102718,H102718,,Comprehensive,658,Family,1607,,,1,1,0,2,2265
102721,31,25-34,Male,Urban,Email,0,M102721,H102721,,Comprehensive,668,Family,1393,,,1,1,0,2,2061
102722,52,45-54,Male,Urban,Phone,0,M102722,H102722,,Comprehensive,605,Core,1381,,,1,1,0,2,1986
102726,38,35-44,Male,Rural,Phone,1,M102726,H102726,,Comprehensive,884,Family,483,,,1,1,0,2,1367
102728,55,55-64,Male,Urban,Phone,1,M102728,H102728,,Telematics,643,Core,1250,,,1,1,0,2,1893
102742,52,45-54,Female,Rural,Phone,0,M102742,H102742,,Comprehensive,352,Core,1388,,,1,1,0,2,1740
102749,38,35-44,Female,Rural,Phone,1,M102749,H102749,,Comprehensive,897,Core,815,,,1,1,0,2,1712
102751,23,18-24,Male,Rural,Email,0,M102751,H102751,,Comprehensive,697,Enhanced,414,,,1,1,0,2,1111
102757,53,45-54,Female,Urban,Phone,0,M102757,H102757,,Third Party,1162,Enhanced,969,,,1,1,0,2,2131
102765,50,45-54,Male,Urban,Phone,3,M102765,H102765,,Comprehensive,930,Family,1619,,,1,1,0,2,2549
102766,49,45-54,Male,Urban,SMS,1,M102766,H102766,,Comprehensive,767,Enhanced,516,,,1,1,0,2,1283
102779,48,45-54,Female,Rural,Phone,3,M102779,H102779,,Comprehensive,889,Core,1287,,,1,1,0,2,2176
102790,49,45-54,Female,Rural,Phone,1,M102790,H102790,,Comprehensive,395,Core,1573,,,1,1,0,2,1968
102796,49,45-54,Male,Rural,Email,2,M102796,H102796,,Comprehensive,1106,Enhanced,406,,,1,1,0,2,1512
102797,53,45-54,Female,Rural,Phone,1,M102797,H102797,,Telematics,868,Core,699,,,1,1,0,2,1567
102800,19,18-24,Female,Rural,Phone,0,M102800,H102800,,Third Party,616,Enhanced,1794,,,1,1,0,2,2410
102807,19,18-24,Male,Urban,SMS,0,M102807,H102807,,Comprehensive,888,Enhanced,1301,,,1,1,0,2,2189
102811,50,45-54,Male,Urban,Email,1,M102811,H102811,,Third Party,749,Enhanced,898,,,1,1,0,2,1647
102817,21,18-24,Male,Urban,Email,1,M102817,H102817,,Comprehensive,768,Family,857,,,1,1,0,2,1625
102822,20,18-24,Female,Urban,Email,1,M102822,H102822,,Comprehensive,1163,Family,498,,,1,1,0,2,1661
102830,45,45-54,Non-binary,Urban,SMS,0,M102830,H102830,,Third Party,1149,Core,951,,,1,1,0,2,2100
102832,48,45-54,Female,Urban,Email,1,M102832,H102832,,Comprehensive,846,Core,773,,,1,1,0,2,1619
102834,47,45-54,Female,Urban,SMS,0,M102834,H102834,,Third Party,1011,Core,1284,,,1,1,0,2,2295
102836,50,45-54,Male,Urban,SMS,2,M102836,H102836,,Third Party,565,Core,1597,,,1,1,0,2,2162
102842,20,18-24,Female,Rural,Email,0,M102842,H102842,,Telematics,1160,Enhanced,1697,,,1,1,0,2,2857
102851,23,18-24,Female,Rural,SMS,0,M102851,H102851,,Comprehensive,802,Enhanced,866,,,1,1,0,2,1668
102858,51,45-54,Male,Urban,Phone,1,M102858,H102858,,Comprehensive,651,Family,410,,,1,1,0,2,1061
102865,47,45-54,Female,Rural,Email,1,M102865,H102865,,Third Party,685,Family,981,,,1,1,0,2,1666
102884,23,18-24,Male,Rural,Email,0,M102884,H102884,,Telematics,991,Family,1027,,,1,1,0,2,2018
102888,50,45-54,Male,Urban,Phone,0,M102888,H102888,,Third Party,965,Enhanced,1126,,,1,1,0,2,2091
102894,53,45-54,Male,Urban,SMS,2,M102894,H102894,,Comprehensive,494,Enhanced,1259,,,1,1,0,2,1753
102896,21,18-24,Male,Urban,SMS,0,M102896,H102896,,Third Party,378,Core,407,,,1,1,0,2,785
102897,48,45-54,Male,Rural,Email,1,M102897,H102897,,Third Party,1141,Family,584,,,1,1,0,2,1725
102901,46,45-54,Male,Rural,Phone,2,M102901,H102901,,Third Party,949,Core,1357,,,1,1,0,2,2306
102903,18,18-24,Male,Urban,Email,0,M102903,H102903,,Comprehensive,674,Core,608,,,1,1,0,2,1282
102908,53,45-54,Male,Urban,SMS,0,M102908,H102908,,Comprehensive,416,Enhanced,508,,,1,1,0,2,924
102913,50,45-54,Female,Rural,Phone,1,M102913,H102913,,Comprehensive,807,Core,530,,,1,1,0,2,1337
102915,31,25-34,Female,Urban,Email,0,M102915,H102915,,Comprehensive,734,Core,1570,,,1,1,0,2,2304
102922,24,18-24,Male,Rural,Email,0,M102922,H102922,,Comprehensive,831,Family,734,,,1,1,0,2,1565
102923,55,55-64,Female,Rural,Phone,2,M102923,H102923,,Comprehensive,624,Enhanced,659,,,1,1,0,2,1283
102925,53,45-54,Female,Rural,Phone,0,M102925,H102925,,Comprehensive,1001,Enhanced,938,,,1,1,0,2,1939
102926,56,55-64,Female,Urban,Email,1,M102926,H102926,,Comprehensive,687,Core,680,,,1,1,0,2,1367
102927,42,35-44,Female,Rural,Phone,2,M102927,H102927,,Third Party,1234,Core,1511,,,1,1,0,2,2745
102930,49,45-54,Male,Urban,SMS,0,M102930,H102930,,Telematics,1054,Core,558,,,1,1,0,2,1612
102932,48,45-54,Male,Rural,Phone,0,M102932,H102932,,Third Party,1165,Core,469,,,1,1,0,2,1634
102938,18,18-24,Female,Urban,SMS,0,M102938,H102938,,Third Party,684,Family,1009,,,1,1,0,2,1693
102940,52,45-54,Female,Rural,Phone,2,M102940,H102940,,Third Party,895,Enhanced,757,,,1,1,0,2,1652
102950,47,45-54,Male,Urban,Phone,2,M102950,H102950,,Third Party,1225,Family,378,,,1,1,0,2,1603
102957,47,45-54,Male,Urban,Phone,1,M102957,H102957,,Comprehensive,1033,Family,540,,,1,1,0,2,1573
102960,23,18-24,Female,Urban,Email,0,M102960,H102960,,Telematics,930,Core,391,,,1,1,0,2,1321
102962,20,18-24,Female,Urban,Email,0,M102962,H102962,,Comprehensive,320,Core,906,,,1,1,0,2,1226
102964,49,45-54,Female,Urban,Phone,0,M102964,H102964,,Third Party,1209,Family,1175,,,1,1,0,2,2384
102968,73,65+,Female,Urban,Phone,1,M102968,H102968,,Third Party,349,Family,452,,,1,1,0,2,801
102972,20,18-24,Male,Rural,Email,0,M102972,H102972,,Third Party,851,Enhanced,1068,,,1,1,0,2,1919
102974,46,45-54,Male,Rural,Phone,1,M102974,H102974,,Comprehensive,369,Core,1453,,,1,1,0,2,1822
102988,39,35-44,Female,Rural,Email,2,M102988,H102988,,Telematics,567,Core,883,,,1,1,0,2,1450
102992,52,45-54,Female,Urban,Phone,3,M102992,H102992,,Comprehensive,614,Family,1019,,,1,1,0,2,1633
102993,49,45-54,Male,Rural,Phone,0,M102993,H102993,,Third Party,1032,Enhanced,1845,,,1,1,0,2,2877
102996,21,18-24,Female,Rural,Phone,0,M102996,H102996,,Comprehensive,427,Enhanced,771,,,1,1,0,2,1198
103000,52,45-54,Male,Urban,SMS,1,M103000,H103000,,Comprehensive,302,Core,1848,,,1,1,0,2,2150
103001,53,45-54,Female,Urban,Phone,0,M103001,H103001,,Third Party,1152,Core,1100,,,1,1,0,2,2252
103012,43,35-44,Male,Urban,Email,2,M103012,H103012,,Third Party,917,Family,1579,,,1,1,0,2,2496
103017,47,45-54,Male,Urban,Email,1,M103017,H103017,,Third Party,1151,Enhanced,1769,,,1,1,0,2,2920
103019,20,18-24,Female,Urban,SMS,0,M103019,H103019,,Comprehensive,800,Family,941,,,1,1,0,2,1741
103022,53,45-54,Male,Rural,Email,0,M103022,H103022,,Telematics,333,Family,965,,,1,1,0,2,1298
103024,51,45-54,Male,Urban,Phone,3,M103024,H103024,,Third Party,1139,Core,1573,,,1,1,0,2,2712
103029,28,25-34,Female,Urban,Email,1,M103029,H103029,,Third Party,977,Core,1275,,,1,1,0,2,2252
103034,55,55-64,Female,Urban,Phone,1,M103034,H103034,,Comprehensive,398,Core,523,,,1,1,0,2,921
103037,51,45-54,Female,Urban,Phone,1,M103037,H103037,,Comprehensive,1121,Core,1368,,,1,1,0,2,2489
103049,21,18-24,Male,Rural,Phone,0,M103049,H103049,,Comprehensive,761,Enhanced,1170,,,1,1,0,2,1931
103050,51,45-54,Female,Rural,Phone,0,M103050,H103050,,Third Party,1015,Core,1288,,,1,1,0,2,2303
103053,26,25-34,Male,Urban,Email,0,M103053,H103053,,Third Party,759,Family,433,,,1,1,0,2,1192
103055,48,45-54,Male,Rural,Email,1,M103055,H103055,,Third Party,632,Enhanced,1061,,,1,1,0,2,1693
103056,21,18-24,Female,Urban,Phone,0,M103056,H103056,,Third Party,622,Family,1212,,,1,1,0,2,1834
103062,24,18-24,Male,Urban,Email,0,M103062,H103062,,Third Party,1008,Family,602,,,1,1,0,2,1610
103069,21,18-24,Male,Urban,SMS,0,M103069,H103069,,Third Party,1117,Family,959,,,1,1,0,2,2076
103074,23,18-24,Female,Urban,SMS,0,M103074,H103074,,Telematics,610,Family,956,,,1,1,0,2,1566
103076,52,45-54,Female,Rural,Phone,2,M103076,H103076,,Comprehensive,380,Enhanced,1703,,,1,1,0,2,2083
103077,19,18-24,Female,Rural,Email,0,M103077,H103077,,Comprehensive,828,Core,1047,,,1,1,0,2,1875
103082,24,18-24,Male,Urban,Phone,0,M103082,H103082,,Comprehensive,369,Family,425,,,1,1,0,2,794
103098,59,55-64,Female,Rural,Phone,0,M103098,H103098,,Third Party,399,Enhanced,381,,,1,1,0,2,780
103102,18,18-24,Female,Rural,Email,0,M103102,H103102,,Comprehensive,879,Enhanced,937,,,1,1,0,2,1816
103103,48,45-54,Male,Urban,Email,2,M103103,H103103,,Telematics,826,Core,1729,,,1,1,0,2,2555
103104,52,45-54,Male,Urban,Phone,2,M103104,H103104,,Comprehensive,467,Core,817,,,1,1,0,2,1284
103107,22,18-24,Male,Urban,Email,0,M103107,H103107,,Third Party,668,Enhanced,701,,,1,1,0,2,1369
103108,45,45-54,Male,Urban,Email,1,M103108,H103108,,Third Party,572,Core,902,,,1,1,0,2,1474
103109,24,18-24,Male,Rural,Email,0,M103109,H103109,,Third Party,812,Enhanced,753,,,1,1,0,2,1565
103113,21,18-24,Male,Urban,Email,0,M103113,H103113,,Telematics,569,Core,1455,,,1,1,0,2,2024
103117,20,18-24,Male,Rural,Email,0,M103117,H103117,,Comprehensive,618,Family,1262,,,1,1,0,2,1880
103118,79,65+,Female,Urban,SMS,0,M103118,H103118,,Comprehensive,523,Core,1381,,,1,1,0,2,1904
103122,22,18-24,Male,Rural,Email,0,M103122,H103122,,Third Party,731,Family,1767,,,1,1,0,2,2498
103123,52,45-54,Male,Rural,Email,3,M103123,H103123,,Comprehensive,391,Family,436,,,1,1,0,2,827
103124,21,18-24,Female,Urban,Email,0,M103124,H103124,,Comprehensive,868,Core,878,,,1,1,0,2,1746
103131,48,45-54,Female,Urban,Email,0,M103131,H103131,,Comprehensive,1116,Core,788,,,1,1,0,2,1904
103134,22,18-24,Male,Urban,SMS,0,M103134,H103134,,Comprehensive,583,Family,1614,,,1,1,0,2,2197
103139,45,45-54,Female,Urban,Email,1,M103139,H103139,,Comprehensive,903,Core,1678,,,1,1,0,2,2581
103141,22,18-24,Male,Rural,Phone,0,M103141,H103141,,Comprehensive,1221,Family,1324,,,1,1,0,2,2545
103146,49,45-54,Male,Rural,Email,0,M103146,H103146,,Comprehensive,900,Core,650,,,1,1,0,2,1550
103154,47,45-54,Male,Urban,SMS,2,M103154,H103154,,Comprehensive,549,Core,1683,,,1,1,0,2,2232
103156,47,45-54,Female,Urban,Phone,1,M103156,H103156,,Comprehensive,872,Core,1813,,,1,1,0,2,2685
103159,21,18-24,Female,Rural,Email,0,M103159,H103159,,Telematics,1238,Family,948,,,1,1,0,2,2186
103160,49,45-54,Male,Urban,Email,0,M103160,H103160,,Comprehensive,1156,Family,509,,,1,1,0,2,1665
103162,69,65+,Female,Urban,Phone,0,M103162,H103162,,Third Party,958,Family,589,,,1,1,0,2,1547
103171,32,25-34,Male,Urban,Email,1,M103171,H103171,,Telematics,785,Core,1732,,,1,1,0,2,2517
103185,48,45-54,Female,Rural,Phone,1,M103185,H103185,,Third Party,1122,Enhanced,1560,,,1,1,0,2,2682
103190,49,45-54,Male,Urban,Phone,0,M103190,H103190,,Comprehensive,597,Core,1502,,,1,1,0,2,2099
103193,53,45-54,Male,Rural,Phone,0,M103193,H103193,,Third Party,938,Family,491,,,1,1,0,2,1429
103195,51,45-54,Male,Urban,Email,1,M103195,H103195,,Comprehensive,1181,Enhanced,1452,,,1,1,0,2,2633
103200,24,18-24,Female,Urban,Email,0,M103200,H103200,,Comprehensive,747,Family,353,,,1,1,0,2,1100
103209,52,45-54,Female,Urban,SMS,0,M103209,H103209,,Comprehensive,1013,Enhanced,840,,,1,1,0,2,1853
103211,53,45-54,Male,Rural,Phone,0,M103211,H103211,,Comprehensive,1064,Enhanced,1114,,,1,1,0,2,2178
103215,20,18-24,Male,Urban,Email,0,M103215,H103215,,Comprehensive,662,Enhanced,407,,,1,1,0,2,1069
103219,51,45-54,Male,Rural,Email,0,M103219,H103219,,Comprehensive,379,Enhanced,1195,,,1,1,0,2,1574
103224,53,45-54,Female,Urban,Phone,0,M103224,H103224,,Comprehensive,645,Enhanced,1693,,,1,1,0,2,2338
103227,47,45-54,Female,Rural,Phone,1,M103227,H103227,,Comprehensive,646,Family,1246,,,1,1,0,2,1892
103232,54,45-54,Male,Urban,Email,0,M103232,H103232,,Comprehensive,281,Enhanced,614,,,1,1,0,2,895
103237,51,45-54,Male,Rural,SMS,0,M103237,H103237,,Third Party,603,Core,1008,,,1,1,0,2,1611
103253,48,45-54,Female,Urban,Phone,3,M103253,H103253,,Comprehensive,1220,Core,1027,,,1,1,0,2,2247
103258,63,55-64,Male,Urban,Phone,3,M103258,H103258,,Third Party,457,Core,682,,,1,1,0,2,1139
103262,52,45-54,Female,Rural,Phone,0,M103262,H103262,,Comprehensive,396,Family,376,,,1,1,0,2,772
103265,30,25-34,Female,Rural,Email,0,M103265,H103265,,Comprehensive,1057,Core,1775,,,1,1,0,2,2832
103268,18,18-24,Male,Urban,Phone,0,M103268,H103268,,Third Party,419,Core,1786,,,1,1,0,2,2205
103273,45,45-54,Male,Rural,Email,0,M103273,H103273,,Comprehensive,885,Enhanced,728,,,1,1,0,2,1613
103279,19,18-24,Male,Rural,SMS,1,M103279,H103279,,Third Party,448,Enhanced,427,,,1,1,0,2,875
103297,53,45-54,Male,Urban,Email,0,M103297,H103297,,Third Party,1064,Family,480,,,1,1,0,2,1544
103298,23,18-24,Male,Rural,Phone,0,M103298,H103298,,Third Party,371,Core,552,,,1,1,0,2,923
103299,44,35-44,Female,Rural,Email,1,M103299,H103299,,Comprehensive,900,Core,662,,,1,1,0,2,1562
103302,42,35-44,Female,Urban,Phone,1,M103302,H103302,,Comprehensive,952,Family,1403,,,1,1,0,2,2355
103304,41,35-44,Female,Rural,Email,0,M103304,H103304,,Comprehensive,1046,Enhanced,1513,,,1,1,0,2,2559
103306,51,45-54,Male,Urban,Phone,1,M103306,H103306,,Comprehensive,322,Core,468,,,1,1,0,2,790
103307,20,18-24,Male,Rural,SMS,0,M103307,H103307,,Comprehensive,1101,Family,1195,,,1,1,0,2,2296
103309,37,35-44,Male,Urban,Phone,1,M103309,H103309,,Comprehensive,806,Core,1799,,,1,1,0,2,2605
103310,52,45-54,Male,Urban,Email,2,M103310,H103310,,Comprehensive,920,Enhanced,1323,,,1,1,0,2,2243
103321,21,18-24,Male,Urban,Email,0,M103321,H103321,,Third Party,509,Core,787,,,1,1,0,2,1296
103322,27,25-34,Male,Urban,SMS,0,M103322,H103322,,Third Party,764,Family,436,,,1,1,0,2,1200
103325,24,18-24,Male,Urban,Email,0,M103325,H103325,,Third Party,660,Core,858,,,1,1,0,2,1518
103326,20,18-24,Male,Urban,Email,0,M103326,H103326,,Comprehensive,1144,Family,1659,,,1,1,0,2,2803
103327,49,45-54,Male,Urban,Email,2,M103327,H103327,,Third Party,901,Enhanced,984,,,1,1,0,2,1885
103328,19,18-24,Female,Urban,SMS,0,M103328,H103328,,Third Party,730,Core,1814,,,1,1,0,2,2544
103329,24,18-24,Female,Urban,Phone,0,M103329,H103329,,Comprehensive,1049,Core,1103,,,1,1,0,2,2152
103330,24,18-24,Male,Rural,Email,0,M103330,H103330,,Telematics,749,Family,1705,,,1,1,0,2,2454
103336,58,55-64,Female,Rural,Phone,1,M103336,H103336,,Comprehensive,726,Family,1504,,,1,1,0,2,2230
103345,20,18-24,Male,Urban,Email,0,M103345,H103345,,Comprehensive,533,Core,1695,,,1,1,0,2,2228
103348,54,45-54,Male,Rural,Phone,0,M103348,H103348,,Telematics,546,Family,982,,,1,1,0,2,1528
103359,51,45-54,Female,Urban,Phone,2,M103359,H103359,,Comprehensive,767,Enhanced,1118,,,1,1,0,2,1885
103368,20,18-24,Female,Rural,SMS,0,M103368,H103368,,Comprehensive,630,Family,845,,,1,1,0,2,1475
103373,50,45-54,Female,Urban,Phone,0,M103373,H103373,,Third Party,797,Family,595,,,1,1,0,2,1392
103381,50,45-54,Male,Urban,Email,0,M103381,H103381,,Third Party,507,Core,1630,,,1,1,0,2,2137
103386,50,45-54,Male,Rural,Phone,0,M103386,H103386,,Comprehensive,864,Core,1472,,,1,1,0,2,2336
103393,47,45-54,Male,Urban,Email,0,M103393,H103393,,Comprehensive,834,Core,817,,,1,1,0,2,1651
103394,35,35-44,Male,Urban,Email,2,M103394,H103394,,Comprehensive,872,Family,883,,,1,1,0,2,1755
103396,23,18-24,Female,Urban,SMS,0,M103396,H103396,,Third Party,1041,Core,371,,,1,1,0,2,1412
103397,54,45-54,Female,Urban,Phone,1,M103397,H103397,,Comprehensive,447,Core,1638,,,1,1,0,2,2085
103398,22,18-24,Male,Rural,Email,0,M103398,H103398,,Telematics,608,Family,1436,,,1,1,0,2,2044
103412,54,45-54,Female,Urban,SMS,3,M103412,H103412,,Comprehensive,678,Core,776,,,1,1,0,2,1454
103414,51,45-54,Female,Urban,Email,0,M103414,H103414,,Comprehensive,943,Enhanced,1403,,,1,1,0,2,2346
103420,52,45-54,Male,Urban,Phone,1,M103420,H103420,,Third Party,1032,Family,525,,,1,1,0,2,1557
103421,22,18-24,Female,Urban,Email,0,M103421,H103421,,Comprehensive,374,Family,1363,,,1,1,0,2,1737
103426,46,45-54,Male,Rural,Phone,1,M103426,H103426,,Telematics,472,Family,1494,,,1,1,0,2,1966
103431,53,45-54,Female,Urban,Phone,1,M103431,H103431,,Third Party,894,Enhanced,1228,,,1,1,0,2,2122
103432,18,18-24,Male,Urban,SMS,0,M103432,H103432,,Comprehensive,1164,Family,682,,,1,1,0,2,1846
103434,56,55-64,Female,Urban,Phone,0,M103434,H103434,,Third Party,457,Core,1219,,,1,1,0,2,1676
103436,51,45-54,Male,Urban,SMS,3,M103436,H103436,,Comprehensive,837,Core,469,,,1,1,0,2,1306
103440,51,45-54,Female,Rural,Phone,2,M103440,H103440,,Comprehensive,498,Core,1073,,,1,1,0,2,1571
103449,18,18-24,Female,Rural,Email,1,M103449,H103449,,Comprehensive,687,Core,680,,,1,1,0,2,1367
103450,19,18-24,Male,Urban,SMS,0,M103450,H103450,,Comprehensive,458,Enhanced,1336,,,1,1,0,2,1794
103452,51,45-54,Male,Rural,Phone,1,M103452,H103452,,Comprehensive,984,Core,1139,,,1,1,0,2,2123
103453,51,45-54,Non-binary,Urban,Phone,1,M103453,H103453,,Telematics,293,Family,1141,,,1,1,0,2,1434
103455,53,45-54,Female,Urban,Phone,1,M103455,H103455,,Third Party,1122,Core,506,,,1,1,0,2,1628
103471,24,18-24,Female,Rural,Phone,0,M103471,H103471,,Comprehensive,1094,Enhanced,396,,,1,1,0,2,1490
103473,49,45-54,Female,Rural,SMS,1,M103473,H103473,,Third Party,319,Core,1155,,,1,1,0,2,1474
103474,46,45-54,Male,Rural,Email,1,M103474,H103474,,Third Party,1130,Core,816,,,1,1,0,2,1946
103479,62,55-64,Female,Urban,Phone,0,M103479,H103479,,Comprehensive,927,Enhanced,621,,,1,1,0,2,1548
103480,48,45-54,Female,Urban,Phone,0,M103480,H103480,,Comprehensive,673,Core,1202,,,1,1,0,2,1875
103482,21,18-24,Male,Urban,Email,0,M103482,H103482,,Telematics,508,Family,950,,,1,1,0,2,1458
103483,46,45-54,Non-binary,Urban,Phone,2,M103483,H103483,,Third Party,832,Enhanced,1712,,,1,1,0,2,2544
103488,24,18-24,Male,Rural,SMS,0,M103488,H103488,,Telematics,1044,Core,1785,,,1,1,0,2,2829
103505,48,45-54,Female,Urban,Phone,1,M103505,H103505,,Third Party,347,Enhanced,1810,,,1,1,0,2,2157
103506,48,45-54,Female,Rural,Email,1,M103506,H103506,,Comprehensive,1113,Family,365,,,1,1,0,2,1478
103507,51,45-54,Male,Rural,Phone,0,M103507,H103507,,Third Party,405,Core,1683,,,1,1,0,2,2088
103523,43,35-44,Male,Urban,Email,1,M103523,H103523,,Comprehensive,402,Family,1084,,,1,1,0,2,1486
103524,49,45-54,Female,Rural,Phone,2,M103524,H103524,,Comprehensive,676,Core,1465,,,1,1,0,2,2141
103530,54,45-54,Male,Rural,Email,1,M103530,H103530,,Comprehensive,287,Core,1061,,,1,1,0,2,1348
103535,49,45-54,Female,Rural,Phone,1,M103535,H103535,,Third Party,933,Core,637,,,1,1,0,2,1570
103536,51,45-54,Male,Rural,Email,1,M103536,H103536,,Comprehensive,453,Core,1369,,,1,1,0,2,1822
103539,59,55-64,Female,Urban,SMS,0,M103539,H103539,,Third Party,1248,Enhanced,1249,,,1,1,0,2,2497
103540,51,45-54,Female,Rural,Phone,1,M103540,H103540,,Comprehensive,1021,Core,1154,,,1,1,0,2,2175
103541,47,45-54,Female,Rural,Email,2,M103541,H103541,,Third Party,1112,Family,1277,,,1,1,0,2,2389
103542,22,18-24,Male,Urban,Email,0,M103542,H103542,,Comprehensive,1163,Enhanced,690,,,1,1,0,2,1853
103544,33,25-34,Male,Rural,Email,0,M103544,H103544,,Third Party,1046,Enhanced,1709,,,1,1,0,2,2755
103564,22,18-24,Male,Rural,Email,0,M103564,H103564,,Third Party,311,Enhanced,1659,,,1,1,0,2,1970
103566,18,18-24,Male,Rural,Phone,0,M103566,H103566,,Third Party,1144,Enhanced,1342,,,1,1,0,2,2486
103574,19,18-24,Female,Urban,Phone,0,M103574,H103574,,Third Party,991,Core,1718,,,1,1,0,2,2709
103578,23,18-24,Male,Urban,Email,1,M103578,H103578,,Telematics,521,Enhanced,397,,,1,1,0,2,918
103583,45,45-54,Male,Urban,Email,0,M103583,H103583,,Third Party,979,Enhanced,921,,,1,1,0,2,1900
103584,53,45-54,Male,Rural,Phone,0,M103584,H103584,,Comprehensive,595,Enhanced,1175,,,1,1,0,2,1770
103585,23,18-24,Male,Urban,Email,0,M103585,H103585,,Third Party,819,Core,1601,,,1,1,0,2,2420
103587,50,45-54,Female,Urban,Email,2,M103587,H103587,,Comprehensive,422,Enhanced,766,,,1,1,0,2,1188
103591,51,45-54,Male,Urban,Phone,1,M103591,H103591,,Comprehensive,838,Enhanced,1626,,,1,1,0,2,2464
103596,49,45-54,Male,Urban,Phone,2,M103596,H103596,,Comprehensive,1163,Core,1440,,,1,1,0,2,2603
103611,51,45-54,Female,Urban,SMS,1,M103611,H103611,,Telematics,296,Family,1293,,,1,1,0,2,1589
103614,21,18-24,Male,Rural,Email,0,M103614,H103614,,Comprehensive,1166,Family,1760,,,1,1,0,2,2926
103618,36,35-44,Male,Rural,Phone,1,M103618,H103618,,Telematics,1249,Family,1784,,,1,1,0,2,3033
103621,61,55-64,Female,Urban,Phone,0,M103621,H103621,,Comprehensive,649,Core,1287,,,1,1,0,2,1936
103626,52,45-54,Male,Urban,Phone,1,M103626,H103626,,Third Party,1219,Enhanced,737,,,1,1,0,2,1956
103627,49,45-54,Female,Urban,Phone,0,M103627,H103627,,Comprehensive,761,Core,1414,,,1,1,0,2,2175
103634,45,45-54,Female,Rural,Phone,1,M103634,H103634,,Comprehensive,751,Family,1553,,,1,1,0,2,2304
103636,45,45-54,Female,Urban,SMS,0,M103636,H103636,,Comprehensive,1231,Family,1551,,,1,1,0,2,2782
103640,45,45-54,Male,Urban,Email,1,M103640,H103640,,Third Party,1061,Family,653,,,1,1,0,2,1714
103650,52,45-54,Female,Rural,SMS,0,M103650,H103650,,Third Party,596,Core,527,,,1,1,0,2,1123
103652,52,45-54,Female,Rural,Email,0,M103652,H103652,,Comprehensive,705,Core,1005,,,1,1,0,2,1710
103658,44,35-44,Female,Rural,Phone,0,M103658,H103658,,Third Party,1212,Core,1828,,,1,1,0,2,3040
103667,25,25-34,Male,Rural,Phone,0,M103667,H103667,,Comprehensive,687,Core,606,,,1,1,0,2,1293
103669,50,45-54,Male,Rural,Phone,1,M103669,H103669,,Third Party,454,Enhanced,1106,,,1,1,0,2,1560
103675,45,45-54,Male,Rural,Email,1,M103675,H103675,,Comprehensive,514,Core,1382,,,1,1,0,2,1896
103678,21,18-24,Male,Urban,Phone,0,M103678,H103678,,Telematics,536,Enhanced,1702,,,1,1,0,2,2238
103680,48,45-54,Male,Rural,Phone,0,M103680,H103680,,Comprehensive,327,Core,1363,,,1,1,0,2,1690
103684,51,45-54,Female,Rural,Phone,3,M103684,H103684,,Third Party,1029,Core,1441,,,1,1,0,2,2470
103688,61,55-64,Male,Urban,Phone,0,M103688,H103688,,Third Party,729,Core,1397,,,1,1,0,2,2126
103696,49,45-54,Male,Urban,Phone,1,M103696,H103696,,Third Party,1184,Core,1805,,,1,1,0,2,2989
103697,51,45-54,Male,Rural,Email,1,M103697,H103697,,Comprehensive,1149,Family,489,,,1,1,0,2,1638
103699,23,18-24,Female,Urban,SMS,0,M103699,H103699,,Third Party,399,Family,695,,,1,1,0,2,1094
103702,23,18-24,Female,Urban,Email,0,M103702,H103702,,Telematics,916,Core,574,,,1,1,0,2,1490
103709,53,45-54,Male,Urban,Email,0,M103709,H103709,,Comprehensive,290,Enhanced,680,,,1,1,0,2,970
103711,19,18-24,Female,Rural,Phone,0,M103711,H103711,,Comprehensive,688,Core,1617,,,1,1,0,2,2305
103713,69,65+,Male,Rural,Phone,1,M103713,H103713,,Comprehensive,1213,Enhanced,1830,,,1,1,0,2,3043
103715,24,18-24,Female,Urban,SMS,0,M103715,H103715,,Third Party,389,Family,743,,,1,1,0,2,1132
103720,46,45-54,Female,Rural,Phone,1,M103720,H103720,,Comprehensive,984,Core,1542,,,1,1,0,2,2526
103725,54,45-54,Male,Urban,Email,2,M103725,H103725,,Third Party,338,Enhanced,1291,,,1,1,0,2,1629
103734,20,18-24,Female,Urban,SMS,0,M103734,H103734,,Comprehensive,403,Family,1195,,,1,1,0,2,1598
103740,54,45-54,Female,Rural,SMS,5,M103740,H103740,,Comprehensive,1102,Core,366,,,1,1,0,2,1468
103742,21,18-24,Male,Urban,Phone,0,M103742,H103742,,Telematics,1088,Enhanced,678,,,1,1,0,2,1766
103747,19,18-24,Female,Urban,SMS,0,M103747,H103747,,Telematics,1040,Core,1657,,,1,1,0,2,2697
103749,30,25-34,Female,Rural,Email,1,M103749,H103749,,Telematics,983,Enhanced,946,,,1,1,0,2,1929
103755,45,45-54,Female,Rural,Phone,0,M103755,H103755,,Comprehensive,1217,Core,751,,,1,1,0,2,1968
103758,49,45-54,Female,Rural,Email,0,M103758,H103758,,Comprehensive,924,Enhanced,552,,,1,1,0,2,1476
103760,52,45-54,Female,Urban,Phone,2,M103760,H103760,,Comprehensive,540,Enhanced,1220,,,1,1,0,2,1760
103762,53,45-54,Female,Rural,Email,0,M103762,H103762,,Comprehensive,884,Core,775,,,1,1,0,2,1659
103774,23,18-24,Male,Urban,Email,0,M103774,H103774,,Comprehensive,961,Family,749,,,1,1,0,2,1710
103779,45,45-54,Male,Urban,Email,0,M103779,H103779,,Comprehensive,1034,Enhanced,1676,,,1,1,0,2,2710
103782,69,65+,Female,Urban,Email,2,M103782,H103782,,Third Party,617,Enhanced,717,,,1,1,0,2,1334
103788,23,18-24,Male,Urban,Email,0,M103788,H103788,,Third Party,359,Core,636,,,1,1,0,2,995
103791,21,18-24,Male,Urban,SMS,0,M103791,H103791,,Comprehensive,325,Family,392,,,1,1,0,2,717
103795,20,18-24,Female,Rural,Email,0,M103795,H103795,,Comprehensive,540,Enhanced,1057,,,1,1,0,2,1597
103802,67,65+,Female,Urban,Email,0,M103802,H103802,,Comprehensive,595,Core,943,,,1,1,0,2,1538
103803,20,18-24,Male,Rural,SMS,0,M103803,H103803,,Comprehensive,362,Family,899,,,1,1,0,2,1261
103804,39,35-44,Female,Rural,Phone,2,M103804,H103804,,Comprehensive,1209,Enhanced,509,,,1,1,0,2,1718
103805,46,45-54,Female,Urban,Email,0,M103805,H103805,,Comprehensive,809,Family,1421,,,1,1,0,2,2230
103808,47,45-54,Female,Urban,Phone,4,M103808,H103808,,Comprehensive,442,Enhanced,1770,,,1,1,0,2,2212
103810,18,18-24,Male,Rural,Email,0,M103810,H103810,,Comprehensive,580,Enhanced,907,,,1,1,0,2,1487
103811,54,45-54,Female,Urban,Phone,0,M103811,H103811,,Third Party,1048,Enhanced,1394,,,1,1,0,2,2442
103814,52,45-54,Male,Rural,Phone,1,M103814,H103814,,Telematics,739,Core,1043,,,1,1,0,2,1782
103818,45,45-54,Female,Urban,Phone,0,M103818,H103818,,Comprehensive,897,Enhanced,1331,,,1,1,0,2,2228
103826,53,45-54,Female,Urban,Phone,1,M103826,H103826,,Comprehensive,669,Family,428,,,1,1,0,2,1097
103827,38,35-44,Male,Urban,Email,3,M103827,H103827,,Comprehensive,742,Core,755,,,1,1,0,2,1497
103832,54,45-54,Male,Rural,Phone,1,M103832,H103832,,Comprehensive,818,Core,1175,,,1,1,0,2,1993
103838,53,45-54,Female,Urban,Email,1,M103838,H103838,,Comprehensive,920,Family,420,,,1,1,0,2,1340
103840,52,45-54,Male,Urban,Phone,1,M103840,H103840,,Comprehensive,1140,Core,673,,,1,1,0,2,1813
103844,53,45-54,Female,Rural,Phone,1,M103844,H103844,,Telematics,895,Family,1747,,,1,1,0,2,2642
103847,45,45-54,Female,Rural,Phone,0,M103847,H103847,,Comprehensive,752,Family,975,,,1,1,0,2,1727
103854,53,45-54,Male,Urban,Phone,2,M103854,H103854,,Comprehensive,563,Family,1427,,,1,1,0,2,1990
103855,50,45-54,Male,Rural,Email,0,M103855,H103855,,Comprehensive,484,Family,1350,,,1,1,0,2,1834
103858,42,35-44,Female,Urban,Email,5,M103858,H103858,,Third Party,1200,Enhanced,1511,,,1,1,0,2,2711
103859,30,25-34,Female,Rural,Phone,1,M103859,H103859,,Third Party,754,Family,787,,,1,1,0,2,1541
103865,45,45-54,Male,Urban,Email,2,M103865,H103865,,Telematics,1103,Core,1740,,,1,1,0,2,2843
103868,50,45-54,Female,Rural,Email,0,M103868,H103868,,Comprehensive,290,Family,1619,,,1,1,0,2,1909
103874,58,55-64,Female,Urban,Phone,1,M103874,H103874,,Third Party,990,Core,563,,,1,1,0,2,1553
103875,48,45-54,Male,Urban,Email,0,M103875,H103875,,Telematics,1220,Enhanced,1609,,,1,1,0,2,2829
103878,51,45-54,Male,Urban,Phone,1,M103878,H103878,,Comprehensive,532,Family,1663,,,1,1,0,2,2195
103890,67,65+,Female,Urban,Phone,1,M103890,H103890,,Comprehensive,992,Core,726,,,1,1,0,2,1718
103892,50,45-54,Male,Urban,Email,0,M103892,H103892,,Telematics,1193,Family,1448,,,1,1,0,2,2641
103899,47,45-54,Male,Rural,Phone,1,M103899,H103899,,Comprehensive,914,Core,537,,,1,1,0,2,1451
103904,54,45-54,Male,Urban,Email,2,M103904,H103904,,Telematics,655,Enhanced,1355,,,1,1,0,2,2010
103906,48,45-54,Female,Urban,Email,1,M103906,H103906,,Third Party,859,Family,1641,,,1,1,0,2,2500
103910,36,35-44,Male,Rural,Phone,1,M103910,H103910,,Telematics,1222,Core,1677,,,1,1,0,2,2899
103912,50,45-54,Female,Urban,Phone,3,M103912,H103912,,Third Party,1082,Core,1033,,,1,1,0,2,2115
103916,46,45-54,Male,Urban,Phone,4,M103916,H103916,,Third Party,647,Enhanced,631,,,1,1,0,2,1278
103919,45,45-54,Male,Urban,SMS,0,M103919,H103919,,Third Party,855,Core,1282,,,1,1,0,2,2137
103922,19,18-24,Female,Urban,Email,0,M103922,H103922,,Comprehensive,838,Core,1774,,,1,1,0,2,2612
103926,47,45-54,Male,Urban,Phone,1,M103926,H103926,,Telematics,1174,Core,789,,,1,1,0,2,1963
103934,45,45-54,Male,Urban,Email,0,M103934,H103934,,Third Party,921,Enhanced,1030,,,1,1,0,2,1951
103936,49,45-54,Female,Rural,Phone,1,M103936,H103936,,Third Party,718,Core,1179,,,1,1,0,2,1897
103940,49,45-54,Male,Urban,Phone,4,M103940,H103940,,Comprehensive,594,Family,1401,,,1,1,0,2,1995
103942,49,45-54,Male,Urban,Email,2,M103942,H103942,,Comprehensive,709,Family,1521,,,1,1,0,2,2230
103943,21,18-24,Male,Rural,Email,0,M103943,H103943,,Third Party,598,Enhanced,890,,,1,1,0,2,1488
103945,52,45-54,Female,Rural,Phone,1,M103945,H103945,,Comprehensive,634,Family,678,,,1,1,0,2,1312
103947,19,18-24,Female,Urban,SMS,0,M103947,H103947,,Third Party,762,Family,725,,,1,1,0,2,1487
103948,24,18-24,Male,Rural,Email,0,M103948,H103948,,Third Party,903,Enhanced,1016,,,1,1,0,2,1919
103952,32,25-34,Female,Urban,SMS,0,M103952,H103952,,Comprehensive,481,Core,1803,,,1,1,0,2,2284
103957,44,35-44,Female,Rural,Email,3,M103957,H103957,,Comprehensive,576,Core,1284,,,1,1,0,2,1860
103958,33,25-34,Female,Rural,Email,0,M103958,H103958,,Telematics,365,Family,1026,,,1,1,0,2,1391
103959,45,45-54,Male,Urban,Phone,1,M103959,H103959,,Comprehensive,360,Family,776,,,1,1,0,2,1136
103962,46,45-54,Male,Rural,Phone,0,M103962,H103962,,Third Party,1037,Family,1308,,,1,1,0,2,2345
103964,39,35-44,Female,Urban,Phone,0,M103964,H103964,,Third Party,602,Family,1700,,,1,1,0,2,2302
103965,46,45-54,Female,Rural,Phone,1,M103965,H103965,,Third Party,1203,Enhanced,454,,,1,1,0,2,1657
103966,32,25-34,Female,Rural,Email,0,M103966,H103966,,Comprehensive,675,Family,606,,,1,1,0,2,1281
103970,51,45-54,Female,Urban,Email,0,M103970,H103970,,Third Party,1014,Core,825,,,1,1,0,2,1839
103971,18,18-24,Male,Urban,SMS,0,M103971,H103971,,Comprehensive,560,Core,971,,,1,1,0,2,1531
103979,27,25-34,Female,Rural,Email,0,M103979,H103979,,Telematics,1214,Core,1377,,,1,1,0,2,2591
103988,42,35-44,Male,Urban,Phone,2,M103988,H103988,,Telematics,907,Family,363,,,1,1,0,2,1270
104002,48,45-54,Female,Rural,Email,0,M104002,H104002,,Telematics,402,Enhanced,652,,,1,1,0,2,1054
104005,18,18-24,Female,Urban,SMS,0,M104005,H104005,,Comprehensive,444,Family,1437,,,1,1,0,2,1881
104013,48,45-54,Female,Urban,Email,1,M104013,H104013,,Comprehensive,635,Core,677,,,1,1,0,2,1312
104028,50,45-54,Female,Urban,Email,1,M104028,H104028,,Comprehensive,705,Core,1355,,,1,1,0,2,2060
104031,32,25-34,Male,Urban,SMS,3,M104031,H104031,,Comprehensive,839,Family,1093,,,1,1,0,2,1932
104032,49,45-54,Male,Rural,SMS,1,M104032,H104032,,Telematics,537,Enhanced,379,,,1,1,0,2,916
104035,44,35-44,Female,Urban,SMS,0,M104035,H104035,,Comprehensive,347,Core,1337,,,1,1,0,2,1684
104036,19,18-24,Female,Rural,Email,0,M104036,H104036,,Comprehensive,1105,Enhanced,1095,,,1,1,0,2,2200
104038,73,65+,Male,Urban,Phone,3,M104038,H104038,,Comprehensive,1170,Enhanced,1412,,,1,1,0,2,2582
104041,36,35-44,Male,Urban,Email,0,M104041,H104041,,Comprehensive,1163,Enhanced,516,,,1,1,0,2,1679
104042,24,18-24,Male,Rural,Email,0,M104042,H104042,,Comprehensive,328,Enhanced,985,,,1,1,0,2,1313
104045,29,25-34,Female,Rural,SMS,3,M104045,H104045,,Comprehensive,292,Enhanced,1703,,,1,1,0,2,1995
104050,18,18-24,Female,Urban,Email,0,M104050,H104050,,Third Party,1192,Family,998,,,1,1,0,2,2190
104052,48,45-54,Female,Urban,Phone,2,M104052,H104052,,Third Party,675,Family,1546,,,1,1,0,2,2221
104071,50,45-54,Female,Rural,Email,1,M104071,H104071,,Comprehensive,447,Family,1517,,,1,1,0,2,1964
104073,61,55-64,Female,Urban,Phone,2,M104073,H104073,,Comprehensive,1157,Enhanced,568,,,1,1,0,2,1725
104078,47,45-54,Female,Urban,SMS,1,M104078,H104078,,Comprehensive,714,Family,1408,,,1,1,0,2,2122
104081,22,18-24,Male,Urban,SMS,0,M104081,H104081,,Third Party,763,Enhanced,609,,,1,1,0,2,1372
104082,21,18-24,Female,Rural,Email,0,M104082,H104082,,Telematics,869,Core,833,,,1,1,0,2,1702
104085,22,18-24,Female,Urban,Email,0,M104085,H104085,,Comprehensive,1195,Enhanced,1816,,,1,1,0,2,3011
102052,50,45-54,Female,Urban,Phone,1,M102052,,T102052,Third Party,678,,,Annual,63,1,0,1,2,741
102056,46,45-54,Male,Urban,Phone,3,M102056,,T102056,Comprehensive,1112,,,Single Trip,285,1,0,1,2,1397
102058,46,45-54,Male,Urban,Phone,1,M102058,,T102058,Telematics,620,,,Single Trip,104,1,0,1,2,724
102059,23,18-24,Male,Rural,Email,0,M102059,,T102059,Comprehensive,651,,,Family,126,1,0,1,2,777
102066,37,35-44,Male,Rural,Phone,0,M102066,,T102066,Comprehensive,837,,,Single Trip,231,1,0,1,2,1068
102068,21,18-24,Male,Urban,SMS,0,M102068,,T102068,Third Party,1245,,,Single Trip,221,1,0,1,2,1466
102074,22,18-24,Male,Rural,Email,0,M102074,,T102074,Telematics,1178,,,Single Trip,282,1,0,1,2,1460
102081,18,18-24,Male,Rural,Email,0,M102081,,T102081,Comprehensive,813,,,Single Trip,262,1,0,1,2,1075
102084,22,18-24,Male,Urban,SMS,0,M102084,,T102084,Telematics,543,,,Annual,248,1,0,1,2,791
102086,46,45-54,Female,Urban,Email,0,M102086,,T102086,Comprehensive,1036,,,Annual,376,1,0,1,2,1412
102112,45,45-54,Female,Rural,Email,0,M102112,,T102112,Comprehensive,1195,,,Single Trip,412,1,0,1,2,1607
102122,46,45-54,Male,Urban,SMS,2,M102122,,T102122,Third Party,504,,,Single Trip,388,1,0,1,2,892
102125,52,45-54,Female,Urban,Email,0,M102125,,T102125,Telematics,717,,,Single Trip,400,1,0,1,2,1117
102138,21,18-24,Male,Urban,Email,0,M102138,,T102138,Third Party,1032,,,Single Trip,392,1,0,1,2,1424
102183,21,18-24,Female,Urban,Email,1,M102183,,T102183,Comprehensive,571,,,Single Trip,292,1,0,1,2,863
102190,45,45-54,Male,Urban,Phone,1,M102190,,T102190,Comprehensive,459,,,Single Trip,248,1,0,1,2,707
102207,45,45-54,Female,Urban,Email,0,M102207,,T102207,Comprehensive,752,,,Single Trip,418,1,0,1,2,1170
102213,53,45-54,Female,Rural,Phone,3,M102213,,T102213,Third Party,769,,,Single Trip,176,1,0,1,2,945
102217,20,18-24,Female,Rural,Email,0,M102217,,T102217,Comprehensive,479,,,Annual,113,1,0,1,2,592
102218,21,18-24,Female,Urban,SMS,0,M102218,,T102218,Telematics,990,,,Family,109,1,0,1,2,1099
102226,54,45-54,Male,Urban,Email,2,M102226,,T102226,Comprehensive,713,,,Single Trip,398,1,0,1,2,1111
102250,24,18-24,Male,Urban,SMS,0,M102250,,T102250,Telematics,604,,,Single Trip,214,1,0,1,2,818
102253,49,45-54,Female,Rural,Phone,3,M102253,,T102253,Comprehensive,918,,,Annual,192,1,0,1,2,1110
102258,20,18-24,Male,Urban,SMS,0,M102258,,T102258,Comprehensive,980,,,Family,322,1,0,1,2,1302
102277,23,18-24,Female,Urban,SMS,0,M102277,,T102277,Comprehensive,918,,,Annual,218,1,0,1,2,1136
102292,49,45-54,Male,Urban,Email,3,M102292,,T102292,Third Party,1189,,,Family,337,1,0,1,2,1526
102316,60,55-64,Male,Urban,SMS,0,M102316,,T102316,Comprehensive,1108,,,Single Trip,281,1,0,1,2,1389
102327,46,45-54,Male,Rural,Phone,1,M102327,,T102327,Comprehensive,1010,,,Annual,207,1,0,1,2,1217
102330,30,25-34,Female,Urban,Email,0,M102330,,T102330,Telematics,603,,,Single Trip,120,1,0,1,2,723
102336,46,45-54,Female,Urban,Phone,0,M102336,,T102336,Third Party,1036,,,Annual,235,1,0,1,2,1271
102339,21,18-24,Non-binary,Urban,Phone,0,M102339,,T102339,Telematics,762,,,Single Trip,277,1,0,1,2,1039
102345,45,45-54,Male,Urban,SMS,1,M102345,,T102345,Comprehensive,551,,,Annual,187,1,0,1,2,738
102348,73,65+,Male,Urban,Phone,0,M102348,,T102348,Third Party,426,,,Annual,72,1,0,1,2,498
102349,64,55-64,Female,Urban,Phone,3,M102349,,T102349,Comprehensive,798,,,Annual,58,1,0,1,2,856
102362,24,18-24,Female,Rural,Email,0,M102362,,T102362,Comprehensive,1199,,,Single Trip,375,1,0,1,2,1574
102366,47,45-54,Male,Urban,Email,1,M102366,,T102366,Comprehensive,1116,,,Single Trip,117,1,0,1,2,1233
102374,18,18-24,Female,Urban,Email,0,M102374,,T102374,Comprehensive,875,,,Annual,414,1,0,1,2,1289
102387,52,45-54,Male,Urban,Phone,1,M102387,,T102387,Comprehensive,1158,,,Single Trip,45,1,0,1,2,1203
102393,21,18-24,Male,Urban,Email,0,M102393,,T102393,Comprehensive,1062,,,Annual,169,1,0,1,2,1231
102397,21,18-24,Male,Urban,Email,0,M102397,,T102397,Third Party,1201,,,Annual,355,1,0,1,2,1556
102401,48,45-54,Female,Urban,SMS,1,M102401,,T102401,Comprehensive,475,,,Annual,136,1,0,1,2,611
102407,23,18-24,Female,Urban,SMS,0,M102407,,T102407,Comprehensive,556,,,Single Trip,385,1,0,1,2,941
102411,18,18-24,Male,Urban,Email,0,M102411,,T102411,Third Party,306,,,Annual,50,1,0,1,2,356
102431,19,18-24,Male,Urban,SMS,0,M102431,,T102431,Comprehensive,646,,,Single Trip,213,1,0,1,2,859
102455,45,45-54,Male,Rural,Email,1,M102455,,T102455,Comprehensive,895,,,Annual,210,1,0,1,2,1105
102461,47,45-54,Male,Rural,Email,1,M102461,,T102461,Comprehensive,903,,,Annual,64,1,0,1,2,967
102465,54,45-54,Female,Urban,Phone,1,M102465,,T102465,Telematics,924,,,Single Trip,182,1,0,1,2,1106
102467,54,45-54,Male,Urban,SMS,0,M102467,,T102467,Third Party,1036,,,Annual,309,1,0,1,2,1345
102468,64,55-64,Female,Urban,Phone,0,M102468,,T102468,Comprehensive,537,,,Family,243,1,0,1,2,780
102495,22,18-24,Male,Urban,Email,0,M102495,,T102495,Comprehensive,716,,,Family,88,1,0,1,2,804
102496,22,18-24,Male,Urban,Phone,1,M102496,,T102496,Comprehensive,380,,,Single Trip,124,1,0,1,2,504
102499,24,18-24,Female,Rural,Phone,0,M102499,,T102499,Comprehensive,462,,,Single Trip,377,1,0,1,2,839
102501,46,45-54,Male,Urban,Email,2,M102501,,T102501,Telematics,640,,,Single Trip,217,1,0,1,2,857
102508,21,18-24,Female,Rural,SMS,0,M102508,,T102508,Comprehensive,717,,,Single Trip,248,1,0,1,2,965
102512,24,18-24,Male,Urban,Email,0,M102512,,T102512,Third Party,628,,,Annual,269,1,0,1,2,897
102535,49,45-54,Male,Urban,Email,4,M102535,,T102535,Comprehensive,1024,,,Single Trip,153,1,0,1,2,1177
102546,44,35-44,Male,Rural,SMS,0,M102546,,T102546,Comprehensive,472,,,Annual,260,1,0,1,2,732
102559,68,65+,Female,Urban,Phone,0,M102559,,T102559,Third Party,339,,,Annual,180,1,0,1,2,519
102564,20,18-24,Male,Rural,SMS,0,M102564,,T102564,Telematics,654,,,Single Trip,410,1,0,1,2,1064
102587,24,18-24,Female,Rural,Email,0,M102587,,T102587,Comprehensive,284,,,Annual,259,1,0,1,2,543
102599,52,45-54,Male,Rural,Email,0,M102599,,T102599,Comprehensive,436,,,Family,183,1,0,1,2,619
102607,26,25-34,Male,Urban,Email,1,M102607,,T102607,Third Party,796,,,Single Trip,379,1,0,1,2,1175
102616,58,55-64,Male,Urban,Phone,2,M102616,,T102616,Comprehensive,325,,,Family,205,1,0,1,2,530
102629,52,45-54,Female,Rural,Email,1,M102629,,T102629,Comprehensive,560,,,Annual,110,1,0,1,2,670
102635,25,25-34,Male,Urban,SMS,0,M102635,,T102635,Comprehensive,952,,,Single Trip,293,1,0,1,2,1245
102637,52,45-54,Female,Urban,SMS,1,M102637,,T102637,Comprehensive,1045,,,Family,378,1,0,1,2,1423
102639,46,45-54,Male,Urban,Email,3,M102639,,T102639,Third Party,826,,,Single Trip,202,1,0,1,2,1028
102657,23,18-24,Female,Urban,Email,0,M102657,,T102657,Third Party,960,,,Annual,124,1,0,1,2,1084
102667,73,65+,Female,Urban,Phone,2,M102667,,T102667,Third Party,386,,,Annual,115,1,0,1,2,501
102668,19,18-24,Female,Urban,SMS,0,M102668,,T102668,Comprehensive,347,,,Annual,300,1,0,1,2,647
102673,64,55-64,Female,Rural,Phone,0,M102673,,T102673,Comprehensive,431,,,Annual,250,1,0,1,2,681
102692,48,45-54,Male,Urban,Phone,0,M102692,,T102692,Comprehensive,1062,,,Annual,328,1,0,1,2,1390
102701,29,25-34,Male,Urban,Email,1,M102701,,T102701,Third Party,945,,,Single Trip,50,1,0,1,2,995
102710,52,45-54,Male,Urban,Phone,1,M102710,,T102710,Comprehensive,460,,,Annual,316,1,0,1,2,776
102713,55,55-64,Male,Urban,Email,1,M102713,,T102713,Telematics,901,,,Single Trip,103,1,0,1,2,1004
102717,50,45-54,Female,Rural,Phone,0,M102717,,T102717,Comprehensive,1091,,,Single Trip,164,1,0,1,2,1255
102720,47,45-54,Male,Rural,Email,0,M102720,,T102720,Comprehensive,701,,,Annual,236,1,0,1,2,937
102724,21,18-24,Male,Rural,Email,1,M102724,,T102724,Comprehensive,753,,,Single Trip,367,1,0,1,2,1120
102729,52,45-54,Female,Rural,Phone,2,M102729,,T102729,Comprehensive,877,,,Annual,410,1,0,1,2,1287
102730,53,45-54,Female,Urban,Email,1,M102730,,T102730,Third Party,1238,,,Annual,122,1,0,1,2,1360
102737,51,45-54,Male,Rural,Email,0,M102737,,T102737,Comprehensive,605,,,Annual,159,1,0,1,2,764
102739,24,18-24,Male,Urban,Email,0,M102739,,T102739,Telematics,772,,,Single Trip,314,1,0,1,2,1086
102744,20,18-24,Female,Rural,Phone,0,M102744,,T102744,Third Party,1037,,,Annual,402,1,0,1,2,1439
102747,20,18-24,Male,Urban,Phone,0,M102747,,T102747,Comprehensive,1061,,,Single Trip,251,1,0,1,2,1312
102770,28,25-34,Female,Rural,Phone,0,M102770,,T102770,Third Party,718,,,Annual,238,1,0,1,2,956
102771,46,45-54,Female,Urban,Email,2,M102771,,T102771,Comprehensive,1202,,,Single Trip,102,1,0,1,2,1304
102775,22,18-24,Female,Rural,Phone,0,M102775,,T102775,Telematics,345,,,Single Trip,117,1,0,1,2,462
102778,49,45-54,Female,Rural,SMS,0,M102778,,T102778,Comprehensive,688,,,Single Trip,204,1,0,1,2,892
102795,52,45-54,Non-binary,Rural,Phone,2,M102795,,T102795,Comprehensive,1025,,,Annual,158,1,0,1,2,1183
102798,22,18-24,Male,Urban,Phone,0,M102798,,T102798,Telematics,432,,,Annual,286,1,0,1,2,718
102802,45,45-54,Female,Rural,Phone,1,M102802,,T102802,Comprehensive,395,,,Family,59,1,0,1,2,454
102804,48,45-54,Female,Urban,Email,2,M102804,,T102804,Telematics,299,,,Annual,61,1,0,1,2,360
102825,53,45-54,Male,Urban,Email,2,M102825,,T102825,Telematics,400,,,Family,417,1,0,1,2,817
102828,38,35-44,Female,Urban,Email,2,M102828,,T102828,Third Party,285,,,Annual,140,1,0,1,2,425
102833,24,18-24,Female,Rural,Phone,0,M102833,,T102833,Third Party,954,,,Family,277,1,0,1,2,1231
102843,23,18-24,Non-binary,Rural,Email,0,M102843,,T102843,Telematics,612,,,Single Trip,66,1,0,1,2,678
102844,49,45-54,Male,Rural,SMS,0,M102844,,T102844,Comprehensive,1035,,,Annual,294,1,0,1,2,1329
102855,52,45-54,Male,Rural,Email,0,M102855,,T102855,Comprehensive,1090,,,Single Trip,165,1,0,1,2,1255
102861,51,45-54,Male,Urban,SMS,1,M102861,,T102861,Comprehensive,1131,,,Annual,172,1,0,1,2,1303
102877,47,45-54,Male,Urban,Phone,0,M102877,,T102877,Comprehensive,1045,,,Annual,349,1,0,1,2,1394
102879,20,18-24,Female,Urban,SMS,0,M102879,,T102879,Comprehensive,658,,,Single Trip,231,1,0,1,2,889
102887,19,18-24,Male,Urban,Email,1,M102887,,T102887,Telematics,394,,,Annual,240,1,0,1,2,634
102893,40,35-44,Female,Urban,Email,2,M102893,,T102893,Third Party,577,,,Single Trip,263,1,0,1,2,840
102895,47,45-54,Female,Rural,Email,1,M102895,,T102895,Comprehensive,665,,,Single Trip,390,1,0,1,2,1055
102900,67,65+,Female,Rural,Phone,1,M102900,,T102900,Comprehensive,653,,,Annual,264,1,0,1,2,917
102911,52,45-54,Male,Urban,SMS,0,M102911,,T102911,Comprehensive,370,,,Single Trip,221,1,0,1,2,591
102928,54,45-54,Female,Urban,Email,2,M102928,,T102928,Comprehensive,466,,,Single Trip,327,1,0,1,2,793
102929,49,45-54,Female,Urban,Email,2,M102929,,T102929,Comprehensive,287,,,Single Trip,194,1,0,1,2,481
102945,48,45-54,Female,Urban,Email,2,M102945,,T102945,Comprehensive,625,,,Annual,325,1,0,1,2,950
102961,49,45-54,Non-binary,Urban,Phone,1,M102961,,T102961,Comprehensive,340,,,Single Trip,92,1,0,1,2,432
102963,20,18-24,Female,Urban,Email,0,M102963,,T102963,Comprehensive,1011,,,Annual,336,1,0,1,2,1347
102973,50,45-54,Female,Urban,Phone,3,M102973,,T102973,Telematics,815,,,Single Trip,92,1,0,1,2,907
102982,49,45-54,Female,Rural,Email,2,M102982,,T102982,Third Party,698,,,Annual,154,1,0,1,2,852
102984,50,45-54,Female,Urban,Phone,2,M102984,,T102984,Comprehensive,704,,,Annual,120,1,0,1,2,824
102987,36,35-44,Female,Rural,Phone,0,M102987,,T102987,Comprehensive,689,,,Single Trip,216,1,0,1,2,905
102994,45,45-54,Male,Rural,SMS,2,M102994,,T102994,Comprehensive,454,,,Annual,173,1,0,1,2,627
102998,50,45-54,Male,Urban,Phone,3,M102998,,T102998,Telematics,1192,,,Annual,411,1,0,1,2,1603
103008,46,45-54,Female,Urban,Email,1,M103008,,T103008,Comprehensive,576,,,Single Trip,244,1,0,1,2,820
103025,54,45-54,Female,Urban,Phone,0,M103025,,T103025,Third Party,477,,,Single Trip,225,1,0,1,2,702
103051,51,45-54,Female,Urban,Email,1,M103051,,T103051,Third Party,723,,,Annual,72,1,0,1,2,795
103060,19,18-24,Male,Urban,Email,0,M103060,,T103060,Third Party,551,,,Annual,396,1,0,1,2,947
103063,50,45-54,Female,Rural,Phone,2,M103063,,T103063,Telematics,484,,,Annual,172,1,0,1,2,656
103066,45,45-54,Male,Urban,SMS,0,M103066,,T103066,Comprehensive,1221,,,Single Trip,216,1,0,1,2,1437
103078,71,65+,Male,Rural,Phone,1,M103078,,T103078,Third Party,399,,,Single Trip,322,1,0,1,2,721
103086,52,45-54,Female,Rural,Phone,2,M103086,,T103086,Comprehensive,662,,,Family,374,1,0,1,2,1036
103089,18,18-24,Male,Urban,Email,0,M103089,,T103089,Comprehensive,1057,,,Single Trip,194,1,0,1,2,1251
103092,49,45-54,Male,Rural,SMS,3,M103092,,T103092,Third Party,1200,,,Family,134,1,0,1,2,1334
103106,54,45-54,Male,Rural,Phone,3,M103106,,T103106,Comprehensive,474,,,Annual,171,1,0,1,2,645
103125,35,35-44,Male,Urban,Email,1,M103125,,T103125,Telematics,1087,,,Single Trip,343,1,0,1,2,1430
103129,50,45-54,Male,Rural,Phone,0,M103129,,T103129,Comprehensive,1016,,,Single Trip,218,1,0,1,2,1234
103130,22,18-24,Male,Rural,SMS,0,M103130,,T103130,Comprehensive,1128,,,Family,292,1,0,1,2,1420
103136,40,35-44,Female,Urban,Email,0,M103136,,T103136,Comprehensive,378,,,Family,68,1,0,1,2,446
103137,45,45-54,Male,Rural,Phone,3,M103137,,T103137,Third Party,1082,,,Annual,262,1,0,1,2,1344
103138,28,25-34,Female,Urban,Email,0,M103138,,T103138,Third Party,1249,,,Family,338,1,0,1,2,1587
103142,50,45-54,Female,Urban,Phone,0,M103142,,T103142,Comprehensive,578,,,Single Trip,114,1,0,1,2,692
103147,27,25-34,Female,Urban,Email,0,M103147,,T103147,Third Party,410,,,Family,105,1,0,1,2,515
103168,46,45-54,Female,Urban,Phone,0,M103168,,T103168,Comprehensive,492,,,Annual,185,1,0,1,2,677
103177,50,45-54,Male,Rural,Email,2,M103177,,T103177,Comprehensive,1236,,,Single Trip,304,1,0,1,2,1540
103179,52,45-54,Female,Urban,Phone,0,M103179,,T103179,Comprehensive,299,,,Family,296,1,0,1,2,595
103189,24,18-24,Female,Rural,Phone,0,M103189,,T103189,Telematics,494,,,Annual,167,1,0,1,2,661
103203,20,18-24,Female,Urban,Email,0,M103203,,T103203,Comprehensive,846,,,Single Trip,163,1,0,1,2,1009
103204,18,18-24,Male,Urban,SMS,0,M103204,,T103204,Third Party,502,,,Single Trip,325,1,0,1,2,827
103212,50,45-54,Male,Rural,Phone,0,M103212,,T103212,Comprehensive,285,,,Family,128,1,0,1,2,413
103214,22,18-24,Male,Rural,SMS,0,M103214,,T103214,Comprehensive,911,,,Annual,179,1,0,1,2,1090
103220,19,18-24,Female,Urban,Email,0,M103220,,T103220,Comprehensive,1063,,,Annual,193,1,0,1,2,1256
103223,50,45-54,Female,Rural,Email,0,M103223,,T103223,Third Party,1035,,,Single Trip,359,1,0,1,2,1394
103235,18,18-24,Male,Urban,Email,0,M103235,,T103235,Comprehensive,765,,,Annual,304,1,0,1,2,1069
103243,18,18-24,Female,Rural,SMS,0,M103243,,T103243,Comprehensive,772,,,Annual,70,1,0,1,2,842
103247,47,45-54,Male,Urban,Email,3,M103247,,T103247,Third Party,518,,,Single Trip,367,1,0,1,2,885
103252,29,25-34,Male,Urban,SMS,0,M103252,,T103252,Third Party,951,,,Single Trip,244,1,0,1,2,1195
103257,18,18-24,Female,Urban,Email,0,M103257,,T103257,Comprehensive,491,,,Annual,356,1,0,1,2,847
103263,52,45-54,Female,Rural,Email,0,M103263,,T103263,Comprehensive,1162,,,Single Trip,392,1,0,1,2,1554
103264,47,45-54,Male,Urban,Phone,1,M103264,,T103264,Third Party,614,,,Annual,76,1,0,1,2,690
103270,46,45-54,Male,Rural,Phone,1,M103270,,T103270,Comprehensive,462,,,Single Trip,118,1,0,1,2,580
103288,45,45-54,Female,Rural,SMS,1,M103288,,T103288,Comprehensive,316,,,Single Trip,163,1,0,1,2,479
103293,77,65+,Female,Urban,Phone,0,M103293,,T103293,Comprehensive,985,,,Single Trip,351,1,0,1,2,1336
103301,64,55-64,Female,Urban,Phone,0,M103301,,T103301,Comprehensive,1155,,,Family,292,1,0,1,2,1447
103318,22,18-24,Male,Urban,Email,0,M103318,,T103318,Comprehensive,295,,,Single Trip,108,1,0,1,2,403
103319,53,45-54,Female,Rural,Phone,1,M103319,,T103319,Comprehensive,283,,,Single Trip,66,1,0,1,2,349
103320,52,45-54,Female,Urban,Email,0,M103320,,T103320,Third Party,464,,,Annual,51,1,0,1,2,515
103324,63,55-64,Female,Rural,Phone,2,M103324,,T103324,Comprehensive,1086,,,Annual,193,1,0,1,2,1279
103337,51,45-54,Female,Rural,Phone,1,M103337,,T103337,Third Party,431,,,Single Trip,205,1,0,1,2,636
103344,52,45-54,Female,Rural,Email,1,M103344,,T103344,Comprehensive,1120,,,Annual,147,1,0,1,2,1267
103353,49,45-54,Female,Rural,Email,4,M103353,,T103353,Comprehensive,691,,,Single Trip,180,1,0,1,2,871
103357,51,45-54,Female,Urban,Phone,1,M103357,,T103357,Third Party,295,,,Family,314,1,0,1,2,609
103367,46,45-54,Male,Rural,Phone,0,M103367,,T103367,Comprehensive,505,,,Single Trip,328,1,0,1,2,833
103369,48,45-54,Male,Urban,Email,2,M103369,,T103369,Third Party,396,,,Single Trip,255,1,0,1,2,651
103392,21,18-24,Female,Rural,Phone,0,M103392,,T103392,Comprehensive,1057,,,Annual,208,1,0,1,2,1265
103399,53,45-54,Female,Rural,Phone,2,M103399,,T103399,Comprehensive,758,,,Annual,347,1,0,1,2,1105
103415,31,25-34,Male,Urban,Email,2,M103415,,T103415,Telematics,877,,,Single Trip,113,1,0,1,2,990
103417,54,45-54,Female,Urban,Email,0,M103417,,T103417,Comprehensive,757,,,Annual,359,1,0,1,2,1116
103423,24,18-24,Female,Rural,Email,0,M103423,,T103423,Third Party,857,,,Single Trip,367,1,0,1,2,1224
103425,47,45-54,Female,Rural,Phone,2,M103425,,T103425,Comprehensive,382,,,Annual,192,1,0,1,2,574
103444,52,45-54,Female,Urban,Email,1,M103444,,T103444,Comprehensive,764,,,Annual,334,1,0,1,2,1098
103446,54,45-54,Female,Urban,Phone,1,M103446,,T103446,Telematics,319,,,Single Trip,311,1,0,1,2,630
103456,18,18-24,Male,Urban,SMS,0,M103456,,T103456,Telematics,434,,,Single Trip,359,1,0,1,2,793
103462,20,18-24,Female,Rural,SMS,0,M103462,,T103462,Comprehensive,1021,,,Family,226,1,0,1,2,1247
103476,29,25-34,Female,Rural,Email,1,M103476,,T103476,Third Party,524,,,Single Trip,184,1,0,1,2,708
103477,51,45-54,Male,Urban,Email,1,M103477,,T103477,Third Party,868,,,Annual,361,1,0,1,2,1229
103478,47,45-54,Female,Rural,Phone,1,M103478,,T103478,Telematics,1081,,,Annual,79,1,0,1,2,1160
103484,45,45-54,Female,Urban,Email,2,M103484,,T103484,Telematics,1200,,,Annual,175,1,0,1,2,1375
103496,28,25-34,Female,Urban,Email,1,M103496,,T103496,Third Party,1035,,,Single Trip,327,1,0,1,2,1362
103521,45,45-54,Male,Urban,Email,2,M103521,,T103521,Third Party,1050,,,Family,361,1,0,1,2,1411
103525,28,25-34,Male,Rural,Email,2,M103525,,T103525,Comprehensive,1237,,,Single Trip,150,1,0,1,2,1387
103528,47,45-54,Female,Urban,SMS,1,M103528,,T103528,Comprehensive,1182,,,Annual,361,1,0,1,2,1543
103534,55,55-64,Male,Rural,Email,1,M103534,,T103534,Comprehensive,1030,,,Annual,118,1,0,1,2,1148
103545,55,55-64,Female,Rural,Phone,2,M103545,,T103545,Comprehensive,1034,,,Family,328,1,0,1,2,1362
103552,46,45-54,Female,Urban,Email,1,M103552,,T103552,Comprehensive,593,,,Annual,172,1,0,1,2,765
103563,22,18-24,Female,Rural,SMS,0,M103563,,T103563,Comprehensive,815,,,Annual,225,1,0,1,2,1040
103565,46,45-54,Male,Urban,SMS,4,M103565,,T103565,Comprehensive,638,,,Annual,367,1,0,1,2,1005
103576,66,65+,Male,Urban,Phone,1,M103576,,T103576,Telematics,581,,,Family,167,1,0,1,2,748
103582,45,45-54,Female,Rural,Email,1,M103582,,T103582,Comprehensive,433,,,Single Trip,401,1,0,1,2,834
103590,18,18-24,Male,Urban,SMS,1,M103590,,T103590,Telematics,571,,,Annual,133,1,0,1,2,704
103592,18,18-24,Male,Urban,SMS,0,M103592,,T103592,Comprehensive,732,,,Family,182,1,0,1,2,914
103595,22,18-24,Male,Rural,Phone,0,M103595,,T103595,Comprehensive,1084,,,Single Trip,74,1,0,1,2,1158
103598,19,18-24,Male,Rural,Phone,0,M103598,,T103598,Telematics,310,,,Single Trip,315,1,0,1,2,625
103600,48,45-54,Male,Urban,Phone,1,M103600,,T103600,Third Party,379,,,Annual,312,1,0,1,2,691
103604,46,45-54,Male,Urban,Email,1,M103604,,T103604,Comprehensive,348,,,Single Trip,297,1,0,1,2,645
103612,20,18-24,Female,Rural,SMS,1,M103612,,T103612,Comprehensive,1020,,,Single Trip,361,1,0,1,2,1381
103620,18,18-24,Male,Urban,Email,0,M103620,,T103620,Third Party,378,,,Family,130,1,0,1,2,508
103632,23,18-24,Female,Rural,Email,0,M103632,,T103632,Comprehensive,859,,,Annual,385,1,0,1,2,1244
103638,19,18-24,Male,Urban,Email,0,M103638,,T103638,Comprehensive,773,,,Annual,130,1,0,1,2,903
103643,54,45-54,Male,Rural,Phone,0,M103643,,T103643,Comprehensive,1238,,,Annual,251,1,0,1,2,1489
103644,45,45-54,Male,Rural,Phone,0,M103644,,T103644,Comprehensive,628,,,Single Trip,251,1,0,1,2,879
103648,21,18-24,Female,Urban,Email,0,M103648,,T103648,Third Party,409,,,Single Trip,67,1,0,1,2,476
103649,53,45-54,Female,Rural,Phone,3,M103649,,T103649,Comprehensive,1072,,,Family,347,1,0,1,2,1419
103655,49,45-54,Male,Rural,Email,0,M103655,,T103655,Third Party,1178,,,Single Trip,46,1,0,1,2,1224
103664,48,45-54,Male,Urban,Phone,2,M103664,,T103664,Third Party,895,,,Single Trip,74,1,0,1,2,969
103666,19,18-24,Male,Rural,SMS,0,M103666,,T103666,Third Party,299,,,Annual,301,1,0,1,2,600
103668,50,45-54,Female,Urban,Email,0,M103668,,T103668,Comprehensive,1085,,,Annual,100,1,0,1,2,1185
103670,48,45-54,Male,Rural,Phone,2,M103670,,T103670,Comprehensive,821,,,Annual,282,1,0,1,2,1103
103674,23,18-24,Male,Urban,SMS,0,M103674,,T103674,Comprehensive,601,,,Single Trip,87,1,0,1,2,688
103686,35,35-44,Male,Urban,Phone,1,M103686,,T103686,Comprehensive,376,,,Annual,204,1,0,1,2,580
103693,24,18-24,Male,Urban,Phone,0,M103693,,T103693,Comprehensive,1230,,,Annual,388,1,0,1,2,1618
103698,51,45-54,Female,Urban,Email,1,M103698,,T103698,Comprehensive,1097,,,Single Trip,112,1,0,1,2,1209
103707,21,18-24,Male,Urban,Phone,0,M103707,,T103707,Comprehensive,437,,,Annual,89,1,0,1,2,526
103712,33,25-34,Male,Urban,SMS,0,M103712,,T103712,Comprehensive,353,,,Annual,137,1,0,1,2,490
103726,50,45-54,Male,Urban,Phone,0,M103726,,T103726,Comprehensive,443,,,Single Trip,321,1,0,1,2,764
103728,46,45-54,Male,Urban,Phone,1,M103728,,T103728,Telematics,1088,,,Annual,69,1,0,1,2,1157
103745,24,18-24,Male,Urban,SMS,0,M103745,,T103745,Comprehensive,839,,,Annual,75,1,0,1,2,914
103756,46,45-54,Female,Rural,Phone,2,M103756,,T103756,Comprehensive,571,,,Annual,176,1,0,1,2,747
103761,48,45-54,Female,Rural,Email,1,M103761,,T103761,Third Party,447,,,Annual,321,1,0,1,2,768
103765,47,45-54,Female,Rural,Phone,0,M103765,,T103765,Comprehensive,492,,,Single Trip,298,1,0,1,2,790
103766,73,65+,Male,Urban,Phone,0,M103766,,T103766,Comprehensive,495,,,Annual,238,1,0,1,2,733
103772,47,45-54,Male,Rural,Phone,1,M103772,,T103772,Comprehensive,676,,,Single Trip,266,1,0,1,2,942
103780,51,45-54,Male,Urban,SMS,1,M103780,,T103780,Comprehensive,773,,,Single Trip,143,1,0,1,2,916
103800,51,45-54,Female,Rural,Phone,0,M103800,,T103800,Comprehensive,1189,,,Single Trip,374,1,0,1,2,1563
103801,20,18-24,Male,Urban,Phone,0,M103801,,T103801,Comprehensive,1129,,,Annual,372,1,0,1,2,1501
103809,23,18-24,Female,Urban,SMS,0,M103809,,T103809,Comprehensive,1194,,,Annual,260,1,0,1,2,1454
103812,19,18-24,Male,Rural,Email,0,M103812,,T103812,Comprehensive,386,,,Annual,72,1,0,1,2,458
103813,48,45-54,Female,Urban,Email,0,M103813,,T103813,Telematics,998,,,Single Trip,246,1,0,1,2,1244
103823,24,18-24,Male,Rural,Email,0,M103823,,T103823,Telematics,286,,,Single Trip,264,1,0,1,2,550
103824,24,18-24,Female,Urban,Email,1,M103824,,T103824,Comprehensive,631,,,Single Trip,222,1,0,1,2,853
103828,24,18-24,Male,Rural,Phone,0,M103828,,T103828,Third Party,1245,,,Single Trip,159,1,0,1,2,1404
103830,22,18-24,Male,Urban,Email,0,M103830,,T103830,Comprehensive,591,,,Single Trip,376,1,0,1,2,967
103834,24,18-24,Male,Urban,SMS,0,M103834,,T103834,Third Party,590,,,Annual,368,1,0,1,2,958
103837,30,25-34,Male,Urban,Email,3,M103837,,T103837,Third Party,937,,,Single Trip,364,1,0,1,2,1301
103839,73,65+,Female,Rural,Phone,2,M103839,,T103839,Comprehensive,396,,,Annual,244,1,0,1,2,640
103849,52,45-54,Male,Urban,Phone,1,M103849,,T103849,Telematics,1156,,,Single Trip,110,1,0,1,2,1266
103850,22,18-24,Male,Rural,Email,0,M103850,,T103850,Comprehensive,908,,,Single Trip,410,1,0,1,2,1318
103856,24,18-24,Male,Rural,Email,0,M103856,,T103856,Third Party,503,,,Family,314,1,0,1,2,817
103861,50,45-54,Female,Rural,Phone,0,M103861,,T103861,Third Party,1064,,,Single Trip,223,1,0,1,2,1287
103881,54,45-54,Male,Urban,Email,2,M103881,,T103881,Comprehensive,1106,,,Annual,71,1,0,1,2,1177
103893,48,45-54,Male,Urban,Email,0,M103893,,T103893,Comprehensive,698,,,Single Trip,271,1,0,1,2,969
103894,23,18-24,Male,Urban,Email,0,M103894,,T103894,Comprehensive,1097,,,Single Trip,386,1,0,1,2,1483
103900,30,25-34,Male,Urban,SMS,2,M103900,,T103900,Third Party,395,,,Single Trip,200,1,0,1,2,595
103909,37,35-44,Female,Rural,Phone,0,M103909,,T103909,Third Party,544,,,Family,118,1,0,1,2,662
103918,53,45-54,Male,Rural,SMS,0,M103918,,T103918,Comprehensive,658,,,Single Trip,239,1,0,1,2,897
103924,19,18-24,Male,Rural,Email,1,M103924,,T103924,Comprehensive,523,,,Annual,412,1,0,1,2,935
103930,23,18-24,Male,Rural,Email,0,M103930,,T103930,Comprehensive,1203,,,Family,357,1,0,1,2,1560
103960,51,45-54,Male,Urban,Phone,2,M103960,,T103960,Comprehensive,545,,,Annual,77,1,0,1,2,622
103967,47,45-54,Female,Rural,Phone,1,M103967,,T103967,Third Party,668,,,Annual,78,1,0,1,2,746
103972,45,45-54,Female,Urban,Phone,2,M103972,,T103972,Third Party,911,,,Single Trip,257,1,0,1,2,1168
103977,52,45-54,Female,Rural,Email,1,M103977,,T103977,Telematics,319,,,Family,361,1,0,1,2,680
103989,52,45-54,Male,Rural,Phone,0,M103989,,T103989,Comprehensive,928,,,Annual,63,1,0,1,2,991
103992,47,45-54,Female,Urban,Phone,0,M103992,,T103992,Comprehensive,1034,,,Annual,142,1,0,1,2,1176
103994,48,45-54,Male,Rural,Email,1,M103994,,T103994,Comprehensive,390,,,Single Trip,361,1,0,1,2,751
103999,21,18-24,Female,Urban,Email,0,M103999,,T103999,Telematics,592,,,Single Trip,392,1,0,1,2,984
104011,22,18-24,Female,Urban,SMS,0,M104011,,T104011,Comprehensive,693,,,Annual,270,1,0,1,2,963
104012,48,45-54,Male,Urban,Email,0,M104012,,T104012,Comprehensive,761,,,Single Trip,320,1,0,1,2,1081
104022,39,35-44,Female,Rural,Phone,1,M104022,,T104022,Comprehensive,1175,,,Single Trip,232,1,0,1,2,1407
104025,53,45-54,Male,Rural,Phone,0,M104025,,T104025,Third Party,463,,,Family,158,1,0,1,2,621
104030,51,45-54,Female,Urban,Email,0,M104030,,T104030,Third Party,1091,,,Annual,153,1,0,1,2,1244
104034,21,18-24,Male,Urban,Email,0,M104034,,T104034,Telematics,1128,,,Single Trip,301,1,0,1,2,1429
104037,62,55-64,Female,Urban,Phone,2,M104037,,T104037,Third Party,961,,,Single Trip,172,1,0,1,2,1133
104043,34,25-34,Female,Rural,Email,1,M104043,,T104043,Comprehensive,706,,,Family,147,1,0,1,2,853
104044,23,18-24,Male,Urban,Email,0,M104044,,T104044,Comprehensive,349,,,Single Trip,352,1,0,1,2,701
104047,22,18-24,Male,Urban,Email,0,M104047,,T104047,Third Party,519,,,Single Trip,156,1,0,1,2,675
104053,31,25-34,Female,Urban,SMS,2,M104053,,T104053,Third Party,394,,,Annual,261,1,0,1,2,655
104056,49,45-54,Female,Rural,Email,3,M104056,,T104056,Comprehensive,936,,,Annual,304,1,0,1,2,1240
104060,54,45-54,Female,Urban,Email,1,M104060,,T104060,Comprehensive,612,,,Annual,418,1,0,1,2,1030
104062,20,18-24,Female,Rural,Email,0,M104062,,T104062,Telematics,487,,,Single Trip,166,1,0,1,2,653
104079,33,25-34,Male,Urban,Email,2,M104079,,T104079,Comprehensive,758,,,Annual,219,1,0,1,2,977
102049,53,45-54,Female,Rural,Phone,0,M102049,,,Comprehensive,578,,,,,1,0,0,1,578
102053,18,18-24,Female,Urban,Phone,0,M102053,,,Telematics,420,,,,,1,0,0,1,420
102057,47,45-54,Female,Rural,Email,0,M102057,,,Telematics,421,,,,,1,0,0,1,421
102060,49,45-54,Male,Rural,Phone,0,M102060,,,Telematics,929,,,,,1,0,0,1,929
102062,45,45-54,Female,Rural,Phone,1,M102062,,,Comprehensive,448,,,,,1,0,0,1,448
102069,52,45-54,Female,Rural,Phone,0,M102069,,,Third Party,1025,,,,,1,0,0,1,1025
102075,45,45-54,Male,Rural,Phone,5,M102075,,,Comprehensive,978,,,,,1,0,0,1,978
102080,47,45-54,Male,Urban,Phone,0,M102080,,,Comprehensive,723,,,,,1,0,0,1,723
102088,48,45-54,Male,Urban,SMS,0,M102088,,,Comprehensive,482,,,,,1,0,0,1,482
102091,47,45-54,Male,Urban,Email,0,M102091,,,Telematics,759,,,,,1,0,0,1,759
102092,50,45-54,Female,Rural,SMS,1,M102092,,,Comprehensive,1131,,,,,1,0,0,1,1131
102094,50,45-54,Female,Rural,Phone,0,M102094,,,Third Party,572,,,,,1,0,0,1,572
102098,24,18-24,Female,Urban,SMS,0,M102098,,,Comprehensive,1104,,,,,1,0,0,1,1104
102099,45,45-54,Male,Rural,Phone,1,M102099,,,Comprehensive,898,,,,,1,0,0,1,898
102109,19,18-24,Female,Urban,Email,0,M102109,,,Third Party,618,,,,,1,0,0,1,618
102111,45,45-54,Female,Urban,Email,0,M102111,,,Comprehensive,628,,,,,1,0,0,1,628
102119,49,45-54,Female,Urban,Email,0,M102119,,,Comprehensive,983,,,,,1,0,0,1,983
102121,20,18-24,Male,Rural,SMS,0,M102121,,,Comprehensive,513,,,,,1,0,0,1,513
102131,78,65+,Male,Urban,Phone,4,M102131,,,Comprehensive,387,,,,,1,0,0,1,387
102132,52,45-54,Male,Rural,Email,2,M102132,,,Telematics,408,,,,,1,0,0,1,408
102134,46,45-54,Male,Rural,Email,1,M102134,,,Telematics,644,,,,,1,0,0,1,644
102141,77,65+,Female,Rural,Phone,2,M102141,,,Third Party,680,,,,,1,0,0,1,680
102146,41,35-44,Female,Rural,Phone,2,M102146,,,Comprehensive,602,,,,,1,0,0,1,602
102148,19,18-24,Male,Rural,SMS,0,M102148,,,Telematics,1204,,,,,1,0,0,1,1204
102150,50,45-54,Male,Urban,SMS,2,M102150,,,Telematics,950,,,,,1,0,0,1,950
102154,42,35-44,Female,Urban,Email,3,M102154,,,Comprehensive,388,,,,,1,0,0,1,388
102169,21,18-24,Male,Urban,Phone,0,M102169,,,Comprehensive,859,,,,,1,0,0,1,859
102176,57,55-64,Male,Urban,Phone,2,M102176,,,Third Party,438,,,,,1,0,0,1,438
102181,33,25-34,Male,Urban,Phone,1,M102181,,,Telematics,1065,,,,,1,0,0,1,1065
102186,30,25-34,Female,Urban,Email,1,M102186,,,Third Party,1103,,,,,1,0,0,1,1103
102191,20,18-24,Male,Urban,Email,0,M102191,,,Third Party,1100,,,,,1,0,0,1,1100
102193,50,45-54,Male,Rural,Email,0,M102193,,,Third Party,527,,,,,1,0,0,1,527
102194,45,45-54,Male,Rural,Phone,1,M102194,,,Third Party,796,,,,,1,0,0,1,796
102196,48,45-54,Female,Rural,Phone,1,M102196,,,Comprehensive,1054,,,,,1,0,0,1,1054
102209,54,45-54,Female,Rural,Email,0,M102209,,,Comprehensive,353,,,,,1,0,0,1,353
102214,52,45-54,Male,Urban,Email,1,M102214,,,Comprehensive,787,,,,,1,0,0,1,787
102221,49,45-54,Male,Rural,Phone,0,M102221,,,Third Party,946,,,,,1,0,0,1,946
102224,50,45-54,Male,Rural,Email,1,M102224,,,Comprehensive,858,,,,,1,0,0,1,858
102228,23,18-24,Male,Rural,Email,0,M102228,,,Comprehensive,1118,,,,,1,0,0,1,1118
102229,18,18-24,Male,Rural,Email,1,M102229,,,Third Party,956,,,,,1,0,0,1,956
102231,36,35-44,Male,Rural,Phone,0,M102231,,,Third Party,665,,,,,1,0,0,1,665
102245,51,45-54,Female,Urban,Email,1,M102245,,,Comprehensive,965,,,,,1,0,0,1,965
102261,48,45-54,Male,Urban,SMS,1,M102261,,,Comprehensive,634,,,,,1,0,0,1,634
102262,79,65+,Male,Rural,Email,0,M102262,,,Third Party,875,,,,,1,0,0,1,875
102266,30,25-34,Female,Urban,Email,0,M102266,,,Third Party,967,,,,,1,0,0,1,967
102272,58,55-64,Female,Urban,Email,1,M102272,,,Comprehensive,348,,,,,1,0,0,1,348
102274,45,45-54,Female,Urban,SMS,0,M102274,,,Third Party,682,,,,,1,0,0,1,682
102275,42,35-44,Male,Urban,Email,1,M102275,,,Third Party,504,,,,,1,0,0,1,504
102276,63,55-64,Male,Rural,Phone,0,M102276,,,Comprehensive,1085,,,,,1,0,0,1,1085
102290,23,18-24,Male,Urban,Email,0,M102290,,,Comprehensive,646,,,,,1,0,0,1,646
102295,23,18-24,Male,Rural,Phone,1,M102295,,,Third Party,561,,,,,1,0,0,1,561
102296,47,45-54,Male,Urban,Phone,3,M102296,,,Third Party,819,,,,,1,0,0,1,819
102304,51,45-54,Female,Rural,Email,0,M102304,,,Telematics,829,,,,,1,0,0,1,829
102305,54,45-54,Male,Urban,Phone,3,M102305,,,Telematics,628,,,,,1,0,0,1,628
102315,18,18-24,Female,Urban,Email,1,M102315,,,Comprehensive,360,,,,,1,0,0,1,360
102317,65,65+,Male,Urban,Phone,3,M102317,,,Comprehensive,971,,,,,1,0,0,1,971
102318,22,18-24,Female,Urban,Email,0,M102318,,,Comprehensive,394,,,,,1,0,0,1,394
102320,20,18-24,Female,Urban,SMS,0,M102320,,,Comprehensive,791,,,,,1,0,0,1,791
102322,52,45-54,Male,Urban,Email,1,M102322,,,Third Party,389,,,,,1,0,0,1,389
102328,47,45-54,Female,Urban,Phone,2,M102328,,,Third Party,444,,,,,1,0,0,1,444
102344,34,25-34,Male,Rural,Email,1,M102344,,,Comprehensive,377,,,,,1,0,0,1,377
102346,49,45-54,Female,Rural,Email,0,M102346,,,Third Party,829,,,,,1,0,0,1,829
102351,38,35-44,Male,Urban,SMS,0,M102351,,,Comprehensive,488,,,,,1,0,0,1,488
102356,21,18-24,Female,Rural,Email,0,M102356,,,Comprehensive,630,,,,,1,0,0,1,630
102357,32,25-34,Male,Rural,SMS,1,M102357,,,Third Party,1177,,,,,1,0,0,1,1177
102360,47,45-54,Female,Urban,Phone,0,M102360,,,Comprehensive,1243,,,,,1,0,0,1,1243
102361,21,18-24,Male,Rural,Email,0,M102361,,,Third Party,427,,,,,1,0,0,1,427
102373,52,45-54,Male,Urban,SMS,1,M102373,,,Third Party,1152,,,,,1,0,0,1,1152
102376,53,45-54,Male,Urban,Email,1,M102376,,,Third Party,472,,,,,1,0,0,1,472
102380,19,18-24,Female,Urban,SMS,0,M102380,,,Third Party,406,,,,,1,0,0,1,406
102386,48,45-54,Female,Rural,Phone,0,M102386,,,Third Party,1161,,,,,1,0,0,1,1161
102388,18,18-24,Female,Rural,Phone,0,M102388,,,Comprehensive,611,,,,,1,0,0,1,611
102396,24,18-24,Male,Urban,Email,0,M102396,,,Comprehensive,745,,,,,1,0,0,1,745
102398,45,45-54,Female,Urban,Email,4,M102398,,,Third Party,865,,,,,1,0,0,1,865
102403,47,45-54,Male,Urban,Email,0,M102403,,,Comprehensive,435,,,,,1,0,0,1,435
102406,19,18-24,Female,Rural,Phone,0,M102406,,,Third Party,815,,,,,1,0,0,1,815
102414,22,18-24,Male,Urban,Phone,0,M102414,,,Comprehensive,986,,,,,1,0,0,1,986
102416,18,18-24,Female,Urban,SMS,0,M102416,,,Third Party,1132,,,,,1,0,0,1,1132
102419,64,55-64,Male,Urban,Phone,1,M102419,,,Third Party,855,,,,,1,0,0,1,855
102424,22,18-24,Male,Rural,Email,0,M102424,,,Comprehensive,432,,,,,1,0,0,1,432
102426,47,45-54,Male,Urban,Phone,0,M102426,,,Third Party,731,,,,,1,0,0,1,731
102428,19,18-24,Female,Rural,Email,0,M102428,,,Telematics,504,,,,,1,0,0,1,504
102432,52,45-54,Male,Urban,Email,1,M102432,,,Comprehensive,970,,,,,1,0,0,1,970
102433,54,45-54,Male,Rural,Email,3,M102433,,,Telematics,894,,,,,1,0,0,1,894
102439,23,18-24,Female,Urban,SMS,0,M102439,,,Comprehensive,771,,,,,1,0,0,1,771
102442,48,45-54,Male,Urban,Email,2,M102442,,,Comprehensive,998,,,,,1,0,0,1,998
102443,48,45-54,Female,Urban,Email,1,M102443,,,Comprehensive,737,,,,,1,0,0,1,737
102448,50,45-54,Male,Urban,SMS,4,M102448,,,Comprehensive,833,,,,,1,0,0,1,833
102456,58,55-64,Non-binary,Rural,Phone,0,M102456,,,Telematics,659,,,,,1,0,0,1,659
102457,49,45-54,Female,Rural,Phone,0,M102457,,,Third Party,1062,,,,,1,0,0,1,1062
102458,59,55-64,Male,Urban,Email,3,M102458,,,Comprehensive,385,,,,,1,0,0,1,385
102460,51,45-54,Male,Rural,Phone,0,M102460,,,Third Party,340,,,,,1,0,0,1,340
102470,77,65+,Female,Urban,Phone,2,M102470,,,Comprehensive,524,,,,,1,0,0,1,524
102472,23,18-24,Female,Rural,Email,0,M102472,,,Comprehensive,907,,,,,1,0,0,1,907
102473,23,18-24,Female,Urban,Email,0,M102473,,,Comprehensive,934,,,,,1,0,0,1,934
102474,47,45-54,Female,Rural,Email,1,M102474,,,Telematics,1248,,,,,1,0,0,1,1248
102475,45,45-54,Male,Rural,Phone,1,M102475,,,Telematics,490,,,,,1,0,0,1,490
102480,45,45-54,Female,Rural,Phone,1,M102480,,,Third Party,787,,,,,1,0,0,1,787
102484,69,65+,Male,Urban,Phone,0,M102484,,,Third Party,1047,,,,,1,0,0,1,1047
102485,19,18-24,Male,Rural,Email,0,M102485,,,Comprehensive,449,,,,,1,0,0,1,449
102490,47,45-54,Female,Urban,Email,1,M102490,,,Telematics,435,,,,,1,0,0,1,435
102497,24,18-24,Male,Urban,Email,0,M102497,,,Comprehensive,540,,,,,1,0,0,1,540
102498,47,45-54,Female,Rural,Email,1,M102498,,,Third Party,532,,,,,1,0,0,1,532
102500,27,25-34,Female,Urban,Phone,0,M102500,,,Comprehensive,1104,,,,,1,0,0,1,1104
102510,50,45-54,Male,Rural,Email,2,M102510,,,Comprehensive,576,,,,,1,0,0,1,576
102516,54,45-54,Male,Urban,Phone,0,M102516,,,Telematics,1214,,,,,1,0,0,1,1214
102521,23,18-24,Male,Urban,Email,0,M102521,,,Third Party,719,,,,,1,0,0,1,719
102528,30,25-34,Female,Rural,Phone,2,M102528,,,Third Party,634,,,,,1,0,0,1,634
102529,19,18-24,Male,Rural,Phone,0,M102529,,,Telematics,523,,,,,1,0,0,1,523
102531,48,45-54,Female,Urban,Phone,1,M102531,,,Comprehensive,622,,,,,1,0,0,1,622
102540,54,45-54,Female,Rural,Phone,1,M102540,,,Comprehensive,1072,,,,,1,0,0,1,1072
102544,48,45-54,Male,Urban,Email,0,M102544,,,Third Party,1011,,,,,1,0,0,1,1011
102551,46,45-54,Male,Urban,SMS,0,M102551,,,Third Party,457,,,,,1,0,0,1,457
102552,50,45-54,Female,Urban,Email,3,M102552,,,Comprehensive,588,,,,,1,0,0,1,588
102561,52,45-54,Female,Urban,Email,2,M102561,,,Comprehensive,1047,,,,,1,0,0,1,1047
102562,50,45-54,Male,Urban,Email,1,M102562,,,Comprehensive,525,,,,,1,0,0,1,525
102569,53,45-54,Female,Urban,Phone,1,M102569,,,Third Party,1050,,,,,1,0,0,1,1050
102572,18,18-24,Male,Rural,Email,0,M102572,,,Comprehensive,1226,,,,,1,0,0,1,1226
102574,20,18-24,Female,Urban,Phone,0,M102574,,,Telematics,498,,,,,1,0,0,1,498
102577,64,55-64,Female,Urban,Phone,0,M102577,,,Third Party,311,,,,,1,0,0,1,311
102579,41,35-44,Female,Rural,Phone,0,M102579,,,Third Party,453,,,,,1,0,0,1,453
102581,49,45-54,Male,Urban,Email,0,M102581,,,Telematics,667,,,,,1,0,0,1,667
102590,36,35-44,Female,Rural,Phone,0,M102590,,,Comprehensive,441,,,,,1,0,0,1,441
102594,34,25-34,Female,Urban,Email,2,M102594,,,Comprehensive,1132,,,,,1,0,0,1,1132
102605,58,55-64,Female,Rural,Phone,0,M102605,,,Comprehensive,1132,,,,,1,0,0,1,1132
102606,18,18-24,Male,Rural,Email,0,M102606,,,Comprehensive,688,,,,,1,0,0,1,688
102611,22,18-24,Male,Rural,Phone,0,M102611,,,Third Party,589,,,,,1,0,0,1,589
102612,60,55-64,Female,Rural,Phone,2,M102612,,,Third Party,414,,,,,1,0,0,1,414
102613,54,45-54,Female,Urban,Email,0,M102613,,,Comprehensive,986,,,,,1,0,0,1,986
102614,58,55-64,Female,Rural,Phone,3,M102614,,,Comprehensive,584,,,,,1,0,0,1,584
102615,54,45-54,Male,Urban,Email,2,M102615,,,Comprehensive,328,,,,,1,0,0,1,328
102621,53,45-54,Female,Urban,Phone,5,M102621,,,Comprehensive,798,,,,,1,0,0,1,798
102624,54,45-54,Male,Urban,Email,1,M102624,,,Third Party,1037,,,,,1,0,0,1,1037
102634,47,45-54,Female,Rural,Phone,0,M102634,,,Comprehensive,498,,,,,1,0,0,1,498
102640,50,45-54,Female,Urban,Phone,0,M102640,,,Third Party,801,,,,,1,0,0,1,801
102644,23,18-24,Female,Rural,Email,0,M102644,,,Third Party,828,,,,,1,0,0,1,828
102645,54,45-54,Male,Rural,Phone,2,M102645,,,Comprehensive,756,,,,,1,0,0,1,756
102648,52,45-54,Male,Urban,Phone,1,M102648,,,Telematics,731,,,,,1,0,0,1,731
102652,24,18-24,Male,Rural,Email,1,M102652,,,Telematics,564,,,,,1,0,0,1,564
102675,18,18-24,Female,Urban,SMS,0,M102675,,,Third Party,1085,,,,,1,0,0,1,1085
102679,48,45-54,Female,Urban,Phone,1,M102679,,,Comprehensive,295,,,,,1,0,0,1,295
102684,70,65+,Male,Rural,Email,2,M102684,,,Telematics,1207,,,,,1,0,0,1,1207
102688,24,18-24,Male,Urban,Phone,0,M102688,,,Third Party,555,,,,,1,0,0,1,555
102689,46,45-54,Female,Rural,Phone,2,M102689,,,Telematics,604,,,,,1,0,0,1,604
102695,38,35-44,Male,Urban,Phone,2,M102695,,,Comprehensive,299,,,,,1,0,0,1,299
102700,45,45-54,Female,Rural,Email,1,M102700,,,Comprehensive,899,,,,,1,0,0,1,899
102702,20,18-24,Male,Urban,Phone,0,M102702,,,Comprehensive,360,,,,,1,0,0,1,360
102703,65,65+,Female,Rural,Phone,2,M102703,,,Comprehensive,1034,,,,,1,0,0,1,1034
102706,20,18-24,Female,Rural,Phone,0,M102706,,,Comprehensive,486,,,,,1,0,0,1,486
102709,23,18-24,Male,Rural,SMS,0,M102709,,,Comprehensive,903,,,,,1,0,0,1,903
102735,50,45-54,Female,Urban,Email,2,M102735,,,Third Party,557,,,,,1,0,0,1,557
102738,24,18-24,Male,Urban,Email,0,M102738,,,Comprehensive,330,,,,,1,0,0,1,330
102752,62,55-64,Male,Urban,SMS,3,M102752,,,Third Party,282,,,,,1,0,0,1,282
102767,45,45-54,Male,Urban,SMS,1,M102767,,,Comprehensive,306,,,,,1,0,0,1,306
102776,46,45-54,Female,Urban,Phone,0,M102776,,,Comprehensive,759,,,,,1,0,0,1,759
102777,46,45-54,Male,Rural,Phone,2,M102777,,,Third Party,424,,,,,1,0,0,1,424
102780,54,45-54,Male,Urban,Phone,1,M102780,,,Third Party,344,,,,,1,0,0,1,344
102782,48,45-54,Male,Rural,Email,3,M102782,,,Telematics,727,,,,,1,0,0,1,727
102784,57,55-64,Male,Urban,Email,1,M102784,,,Comprehensive,1012,,,,,1,0,0,1,1012
102785,44,35-44,Male,Urban,Phone,0,M102785,,,Comprehensive,345,,,,,1,0,0,1,345
102788,54,45-54,Female,Rural,SMS,1,M102788,,,Third Party,883,,,,,1,0,0,1,883
102792,45,45-54,Male,Rural,Phone,4,M102792,,,Comprehensive,903,,,,,1,0,0,1,903
102793,49,45-54,Female,Urban,Email,6,M102793,,,Comprehensive,1114,,,,,1,0,0,1,1114
102801,54,45-54,Female,Urban,Email,1,M102801,,,Telematics,527,,,,,1,0,0,1,527
102806,52,45-54,Female,Urban,Email,0,M102806,,,Comprehensive,445,,,,,1,0,0,1,445
102808,48,45-54,Female,Urban,Phone,0,M102808,,,Comprehensive,573,,,,,1,0,0,1,573
102814,52,45-54,Female,Rural,Phone,3,M102814,,,Comprehensive,570,,,,,1,0,0,1,570
102827,47,45-54,Female,Rural,Phone,0,M102827,,,Comprehensive,731,,,,,1,0,0,1,731
102831,36,35-44,Male,Urban,Phone,2,M102831,,,Telematics,999,,,,,1,0,0,1,999
102837,20,18-24,Female,Urban,Email,0,M102837,,,Comprehensive,685,,,,,1,0,0,1,685
102845,54,45-54,Male,Urban,Email,0,M102845,,,Third Party,444,,,,,1,0,0,1,444
102846,18,18-24,Female,Rural,SMS,0,M102846,,,Telematics,1098,,,,,1,0,0,1,1098
102854,24,18-24,Female,Rural,SMS,0,M102854,,,Third Party,1244,,,,,1,0,0,1,1244
102866,46,45-54,Male,Rural,Phone,0,M102866,,,Comprehensive,956,,,,,1,0,0,1,956
102868,51,45-54,Male,Urban,Phone,3,M102868,,,Comprehensive,887,,,,,1,0,0,1,887
102870,18,18-24,Female,Rural,SMS,1,M102870,,,Third Party,672,,,,,1,0,0,1,672
102873,19,18-24,Male,Rural,Email,0,M102873,,,Comprehensive,339,,,,,1,0,0,1,339
102874,19,18-24,Male,Urban,Email,0,M102874,,,Comprehensive,1112,,,,,1,0,0,1,1112
102876,51,45-54,Male,Rural,Email,1,M102876,,,Telematics,525,,,,,1,0,0,1,525
102885,49,45-54,Male,Urban,SMS,0,M102885,,,Telematics,639,,,,,1,0,0,1,639
102898,51,45-54,Male,Rural,Phone,0,M102898,,,Comprehensive,521,,,,,1,0,0,1,521
102899,52,45-54,Female,Urban,Phone,1,M102899,,,Telematics,1036,,,,,1,0,0,1,1036
102904,45,45-54,Female,Urban,Email,1,M102904,,,Telematics,1215,,,,,1,0,0,1,1215
102906,24,18-24,Female,Rural,Email,0,M102906,,,Telematics,526,,,,,1,0,0,1,526
102912,46,45-54,Female,Urban,Phone,0,M102912,,,Third Party,637,,,,,1,0,0,1,637
102917,18,18-24,Female,Urban,Email,0,M102917,,,Comprehensive,811,,,,,1,0,0,1,811
102924,46,45-54,Male,Urban,Phone,1,M102924,,,Comprehensive,337,,,,,1,0,0,1,337
102933,20,18-24,Female,Urban,Email,0,M102933,,,Telematics,1239,,,,,1,0,0,1,1239
102937,77,65+,Female,Urban,Phone,0,M102937,,,Telematics,308,,,,,1,0,0,1,308
102939,38,35-44,Male,Rural,Email,0,M102939,,,Comprehensive,1150,,,,,1,0,0,1,1150
102942,20,18-24,Male,Rural,Email,1,M102942,,,Comprehensive,1197,,,,,1,0,0,1,1197
102946,20,18-24,Male,Rural,Phone,0,M102946,,,Comprehensive,795,,,,,1,0,0,1,795
102947,20,18-24,Male,Urban,Phone,0,M102947,,,Comprehensive,357,,,,,1,0,0,1,357
102954,31,25-34,Female,Urban,SMS,4,M102954,,,Comprehensive,1152,,,,,1,0,0,1,1152
102955,50,45-54,Male,Urban,Email,0,M102955,,,Comprehensive,625,,,,,1,0,0,1,625
102958,52,45-54,Female,Urban,Email,2,M102958,,,Comprehensive,1044,,,,,1,0,0,1,1044
102970,46,45-54,Male,Rural,Phone,0,M102970,,,Comprehensive,750,,,,,1,0,0,1,750
102971,53,45-54,Male,Rural,SMS,1,M102971,,,Comprehensive,295,,,,,1,0,0,1,295
102979,48,45-54,Female,Urban,Email,1,M102979,,,Telematics,492,,,,,1,0,0,1,492
102980,22,18-24,Male,Rural,SMS,0,M102980,,,Third Party,808,,,,,1,0,0,1,808
102983,50,45-54,Female,Rural,Phone,1,M102983,,,Telematics,893,,,,,1,0,0,1,893
102985,45,45-54,Female,Urban,Email,0,M102985,,,Comprehensive,1115,,,,,1,0,0,1,1115
102986,51,45-54,Male,Urban,Email,1,M102986,,,Comprehensive,1226,,,,,1,0,0,1,1226
102991,45,45-54,Male,Rural,Email,0,M102991,,,Comprehensive,861,,,,,1,0,0,1,861
102995,45,45-54,Male,Rural,Email,2,M102995,,,Third Party,544,,,,,1,0,0,1,544
103007,41,35-44,Female,Urban,Email,1,M103007,,,Telematics,610,,,,,1,0,0,1,610
103013,22,18-24,Male,Rural,Email,0,M103013,,,Comprehensive,1046,,,,,1,0,0,1,1046
103018,46,45-54,Female,Rural,Email,2,M103018,,,Comprehensive,781,,,,,1,0,0,1,781
103020,32,25-34,Female,Urban,Phone,0,M103020,,,Third Party,1137,,,,,1,0,0,1,1137
103026,51,45-54,Female,Rural,Phone,2,M103026,,,Comprehensive,1241,,,,,1,0,0,1,1241
103031,51,45-54,Female,Urban,SMS,0,M103031,,,Third Party,612,,,,,1,0,0,1,612
103032,47,45-54,Male,Rural,Phone,1,M103032,,,Comprehensive,344,,,,,1,0,0,1,344
103033,47,45-54,Male,Urban,Phone,0,M103033,,,Comprehensive,398,,,,,1,0,0,1,398
103035,20,18-24,Male,Urban,Email,0,M103035,,,Comprehensive,347,,,,,1,0,0,1,347
103036,23,18-24,Male,Urban,Email,0,M103036,,,Third Party,877,,,,,1,0,0,1,877
103044,45,45-54,Male,Urban,Email,0,M103044,,,Telematics,1231,,,,,1,0,0,1,1231
103047,18,18-24,Male,Urban,Email,0,M103047,,,Third Party,888,,,,,1,0,0,1,888
103052,54,45-54,Female,Rural,Email,1,M103052,,,Telematics,577,,,,,1,0,0,1,577
103058,52,45-54,Male,Rural,Phone,0,M103058,,,Third Party,686,,,,,1,0,0,1,686
103061,21,18-24,Male,Urban,Email,0,M103061,,,Telematics,394,,,,,1,0,0,1,394
103068,25,25-34,Female,Rural,Email,0,M103068,,,Comprehensive,1240,,,,,1,0,0,1,1240
103073,23,18-24,Male,Urban,Email,0,M103073,,,Comprehensive,1092,,,,,1,0,0,1,1092
103090,20,18-24,Female,Urban,Email,0,M103090,,,Comprehensive,334,,,,,1,0,0,1,334
103093,54,45-54,Male,Urban,SMS,2,M103093,,,Comprehensive,1220,,,,,1,0,0,1,1220
103094,53,45-54,Male,Urban,Phone,4,M103094,,,Comprehensive,914,,,,,1,0,0,1,914
103096,18,18-24,Male,Urban,SMS,0,M103096,,,Comprehensive,776,,,,,1,0,0,1,776
103101,20,18-24,Male,Rural,SMS,0,M103101,,,Third Party,1078,,,,,1,0,0,1,1078
103111,19,18-24,Male,Urban,SMS,0,M103111,,,Telematics,1001,,,,,1,0,0,1,1001
103115,50,45-54,Male,Urban,Phone,3,M103115,,,Telematics,1126,,,,,1,0,0,1,1126
103119,20,18-24,Female,Urban,Phone,0,M103119,,,Comprehensive,1141,,,,,1,0,0,1,1141
103126,54,45-54,Female,Urban,Email,2,M103126,,,Third Party,734,,,,,1,0,0,1,734
103127,49,45-54,Non-binary,Rural,Email,0,M103127,,,Third Party,408,,,,,1,0,0,1,408
103132,23,18-24,Female,Urban,SMS,1,M103132,,,Comprehensive,743,,,,,1,0,0,1,743
103135,50,45-54,Female,Rural,Email,1,M103135,,,Third Party,440,,,,,1,0,0,1,440
103148,23,18-24,Female,Urban,Email,0,M103148,,,Comprehensive,679,,,,,1,0,0,1,679
103150,49,45-54,Male,Urban,Phone,2,M103150,,,Comprehensive,697,,,,,1,0,0,1,697
103155,20,18-24,Male,Urban,SMS,0,M103155,,,Third Party,427,,,,,1,0,0,1,427
103166,18,18-24,Female,Rural,Email,0,M103166,,,Comprehensive,953,,,,,1,0,0,1,953
103169,50,45-54,Male,Urban,Phone,0,M103169,,,Third Party,1198,,,,,1,0,0,1,1198
103170,53,45-54,Female,Urban,Phone,4,M103170,,,Comprehensive,1134,,,,,1,0,0,1,1134
103175,41,35-44,Female,Urban,Email,5,M103175,,,Telematics,1162,,,,,1,0,0,1,1162
103178,24,18-24,Male,Urban,SMS,0,M103178,,,Third Party,487,,,,,1,0,0,1,487
103181,47,45-54,Male,Rural,SMS,2,M103181,,,Comprehensive,600,,,,,1,0,0,1,600
103183,36,35-44,Female,Rural,Phone,2,M103183,,,Comprehensive,631,,,,,1,0,0,1,631
103202,21,18-24,Female,Rural,SMS,0,M103202,,,Comprehensive,309,,,,,1,0,0,1,309
103205,54,45-54,Female,Urban,Email,1,M103205,,,Telematics,625,,,,,1,0,0,1,625
103216,57,55-64,Female,Rural,Phone,0,M103216,,,Comprehensive,1010,,,,,1,0,0,1,1010
103217,20,18-24,Male,Rural,SMS,0,M103217,,,Comprehensive,1096,,,,,1,0,0,1,1096
103226,20,18-24,Male,Urban,Phone,0,M103226,,,Comprehensive,345,,,,,1,0,0,1,345
103228,50,45-54,Male,Urban,Email,2,M103228,,,Comprehensive,1079,,,,,1,0,0,1,1079
103230,50,45-54,Female,Urban,Email,0,M103230,,,Comprehensive,537,,,,,1,0,0,1,537
103234,38,35-44,Male,Rural,Phone,1,M103234,,,Telematics,814,,,,,1,0,0,1,814
103238,54,45-54,Female,Urban,Email,0,M103238,,,Comprehensive,495,,,,,1,0,0,1,495
103240,46,45-54,Male,Urban,Email,0,M103240,,,Comprehensive,723,,,,,1,0,0,1,723
103242,21,18-24,Female,Rural,Email,0,M103242,,,Comprehensive,682,,,,,1,0,0,1,682
103245,49,45-54,Female,Urban,SMS,1,M103245,,,Comprehensive,580,,,,,1,0,0,1,580
103248,48,45-54,Female,Urban,Phone,1,M103248,,,Comprehensive,1199,,,,,1,0,0,1,1199
103254,46,45-54,Female,Urban,Email,3,M103254,,,Comprehensive,1021,,,,,1,0,0,1,1021
103259,19,18-24,Female,Rural,Phone,0,M103259,,,Telematics,824,,,,,1,0,0,1,824
103260,22,18-24,Male,Rural,Phone,0,M103260,,,Comprehensive,552,,,,,1,0,0,1,552
103266,22,18-24,Male,Urban,Email,0,M103266,,,Third Party,989,,,,,1,0,0,1,989
103275,22,18-24,Male,Urban,Email,0,M103275,,,Comprehensive,428,,,,,1,0,0,1,428
103282,66,65+,Female,Rural,Phone,0,M103282,,,Comprehensive,670,,,,,1,0,0,1,670
103285,45,45-54,Non-binary,Urban,Phone,4,M103285,,,Comprehensive,656,,,,,1,0,0,1,656
103287,22,18-24,Male,Urban,SMS,0,M103287,,,Comprehensive,801,,,,,1,0,0,1,801
103291,54,45-54,Male,Rural,Phone,2,M103291,,,Comprehensive,769,,,,,1,0,0,1,769
103300,21,18-24,Female,Rural,Email,0,M103300,,,Third Party,492,,,,,1,0,0,1,492
103308,22,18-24,Female,Urban,SMS,0,M103308,,,Comprehensive,362,,,,,1,0,0,1,362
103312,22,18-24,Male,Rural,SMS,0,M103312,,,Comprehensive,980,,,,,1,0,0,1,980
103332,47,45-54,Female,Urban,Email,3,M103332,,,Comprehensive,321,,,,,1,0,0,1,321
103342,51,45-54,Female,Rural,Phone,0,M103342,,,Third Party,898,,,,,1,0,0,1,898
103346,22,18-24,Male,Urban,Phone,0,M103346,,,Telematics,524,,,,,1,0,0,1,524
103349,54,45-54,Male,Urban,Phone,3,M103349,,,Comprehensive,429,,,,,1,0,0,1,429
103355,47,45-54,Male,Rural,SMS,0,M103355,,,Telematics,553,,,,,1,0,0,1,553
103358,65,65+,Male,Urban,Email,2,M103358,,,Third Party,1085,,,,,1,0,0,1,1085
103360,37,35-44,Male,Urban,Email,2,M103360,,,Third Party,1131,,,,,1,0,0,1,1131
103361,47,45-54,Male,Urban,Email,2,M103361,,,Telematics,878,,,,,1,0,0,1,878
103363,65,65+,Male,Urban,Phone,2,M103363,,,Third Party,517,,,,,1,0,0,1,517
103365,29,25-34,Male,Urban,SMS,4,M103365,,,Telematics,985,,,,,1,0,0,1,985
103366,40,35-44,Male,Urban,SMS,0,M103366,,,Comprehensive,307,,,,,1,0,0,1,307
103370,50,45-54,Female,Rural,Email,1,M103370,,,Third Party,361,,,,,1,0,0,1,361
103372,18,18-24,Female,Urban,Phone,0,M103372,,,Telematics,610,,,,,1,0,0,1,610
103374,53,45-54,Male,Rural,Phone,3,M103374,,,Telematics,1069,,,,,1,0,0,1,1069
103379,19,18-24,Male,Rural,Email,0,M103379,,,Third Party,293,,,,,1,0,0,1,293
103388,45,45-54,Female,Urban,SMS,0,M103388,,,Comprehensive,678,,,,,1,0,0,1,678
103389,48,45-54,Female,Urban,Phone,0,M103389,,,Third Party,702,,,,,1,0,0,1,702
103390,53,45-54,Male,Urban,Phone,1,M103390,,,Third Party,889,,,,,1,0,0,1,889
103395,20,18-24,Male,Urban,SMS,0,M103395,,,Telematics,1064,,,,,1,0,0,1,1064
103404,49,45-54,Male,Rural,Email,1,M103404,,,Comprehensive,1069,,,,,1,0,0,1,1069
103410,47,45-54,Male,Rural,Phone,4,M103410,,,Comprehensive,534,,,,,1,0,0,1,534
103418,47,45-54,Female,Rural,Phone,0,M103418,,,Comprehensive,974,,,,,1,0,0,1,974
103419,45,45-54,Non-binary,Rural,Email,1,M103419,,,Comprehensive,1035,,,,,1,0,0,1,1035
103429,22,18-24,Female,Urban,Email,0,M103429,,,Comprehensive,840,,,,,1,0,0,1,840
103430,22,18-24,Female,Rural,Phone,0,M103430,,,Comprehensive,433,,,,,1,0,0,1,433
103433,22,18-24,Male,Urban,SMS,0,M103433,,,Telematics,1211,,,,,1,0,0,1,1211
103438,50,45-54,Male,Rural,Email,1,M103438,,,Telematics,1140,,,,,1,0,0,1,1140
103441,33,25-34,Male,Urban,Phone,2,M103441,,,Comprehensive,431,,,,,1,0,0,1,431
103443,63,55-64,Male,Urban,Phone,2,M103443,,,Telematics,1045,,,,,1,0,0,1,1045
103460,54,45-54,Female,Rural,SMS,2,M103460,,,Telematics,890,,,,,1,0,0,1,890
103465,47,45-54,Female,Rural,Phone,0,M103465,,,Comprehensive,761,,,,,1,0,0,1,761
103469,20,18-24,Female,Rural,Email,0,M103469,,,Telematics,676,,,,,1,0,0,1,676
103470,35,35-44,Female,Rural,Email,0,M103470,,,Comprehensive,565,,,,,1,0,0,1,565
103481,65,65+,Female,Urban,Phone,2,M103481,,,Third Party,287,,,,,1,0,0,1,287
103487,72,65+,Female,Rural,Phone,0,M103487,,,Third Party,627,,,,,1,0,0,1,627
103489,47,45-54,Male,Urban,Email,3,M103489,,,Comprehensive,1201,,,,,1,0,0,1,1201
103490,45,45-54,Male,Urban,Phone,1,M103490,,,Third Party,452,,,,,1,0,0,1,452
103494,48,45-54,Female,Rural,Phone,1,M103494,,,Comprehensive,1248,,,,,1,0,0,1,1248
103497,51,45-54,Female,Urban,Phone,2,M103497,,,Third Party,548,,,,,1,0,0,1,548
103502,49,45-54,Female,Urban,Email,1,M103502,,,Telematics,884,,,,,1,0,0,1,884
103503,45,45-54,Female,Urban,Email,0,M103503,,,Telematics,391,,,,,1,0,0,1,391
103508,24,18-24,Male,Rural,SMS,0,M103508,,,Third Party,958,,,,,1,0,0,1,958
103509,43,35-44,Female,Urban,Email,2,M103509,,,Comprehensive,592,,,,,1,0,0,1,592
103511,20,18-24,Male,Rural,Email,0,M103511,,,Comprehensive,390,,,,,1,0,0,1,390
103512,46,45-54,Male,Rural,Phone,0,M103512,,,Comprehensive,809,,,,,1,0,0,1,809
103515,48,45-54,Female,Rural,SMS,2,M103515,,,Third Party,1059,,,,,1,0,0,1,1059
103518,46,45-54,Male,Rural,Phone,2,M103518,,,Comprehensive,835,,,,,1,0,0,1,835
103522,50,45-54,Female,Urban,Phone,1,M103522,,,Third Party,844,,,,,1,0,0,1,844
103538,49,45-54,Male,Rural,Phone,2,M103538,,,Comprehensive,1001,,,,,1,0,0,1,1001
103543,47,45-54,Male,Rural,SMS,1,M103543,,,Comprehensive,1200,,,,,1,0,0,1,1200
103557,45,45-54,Male,Urban,Email,1,M103557,,,Third Party,794,,,,,1,0,0,1,794
103568,51,45-54,Male,Rural,Email,1,M103568,,,Third Party,986,,,,,1,0,0,1,986
103569,51,45-54,Female,Rural,Phone,1,M103569,,,Third Party,1078,,,,,1,0,0,1,1078
103570,52,45-54,Male,Urban,Email,1,M103570,,,Third Party,886,,,,,1,0,0,1,886
103571,48,45-54,Male,Urban,Email,4,M103571,,,Comprehensive,959,,,,,1,0,0,1,959
103579,52,45-54,Male,Urban,Phone,0,M103579,,,Comprehensive,928,,,,,1,0,0,1,928
103586,50,45-54,Female,Rural,Email,1,M103586,,,Comprehensive,532,,,,,1,0,0,1,532
103588,20,18-24,Male,Rural,Phone,0,M103588,,,Comprehensive,301,,,,,1,0,0,1,301
103594,62,55-64,Male,Urban,Phone,2,M103594,,,Telematics,638,,,,,1,0,0,1,638
103597,19,18-24,Female,Urban,Phone,0,M103597,,,Comprehensive,455,,,,,1,0,0,1,455
103602,46,45-54,Female,Urban,Phone,0,M103602,,,Comprehensive,1060,,,,,1,0,0,1,1060
103610,47,45-54,Female,Urban,Email,1,M103610,,,Comprehensive,1005,,,,,1,0,0,1,1005
103628,46,45-54,Male,Rural,Phone,0,M103628,,,Comprehensive,1092,,,,,1,0,0,1,1092
103635,51,45-54,Non-binary,Urban,Email,2,M103635,,,Comprehensive,915,,,,,1,0,0,1,915
103641,18,18-24,Male,Urban,SMS,0,M103641,,,Third Party,1187,,,,,1,0,0,1,1187
103656,64,55-64,Male,Rural,Phone,3,M103656,,,Comprehensive,1141,,,,,1,0,0,1,1141
103660,70,65+,Female,Rural,Phone,1,M103660,,,Comprehensive,444,,,,,1,0,0,1,444
103677,76,65+,Female,Urban,Email,0,M103677,,,Comprehensive,994,,,,,1,0,0,1,994
103691,52,45-54,Non-binary,Rural,Phone,0,M103691,,,Third Party,591,,,,,1,0,0,1,591
103701,45,45-54,Male,Urban,SMS,2,M103701,,,Telematics,656,,,,,1,0,0,1,656
103705,50,45-54,Non-binary,Rural,Email,0,M103705,,,Telematics,826,,,,,1,0,0,1,826
103706,23,18-24,Male,Urban,Email,1,M103706,,,Comprehensive,1099,,,,,1,0,0,1,1099
103714,18,18-24,Female,Urban,SMS,0,M103714,,,Third Party,545,,,,,1,0,0,1,545
103718,19,18-24,Female,Rural,Phone,0,M103718,,,Comprehensive,1017,,,,,1,0,0,1,1017
103719,72,65+,Male,Urban,Email,1,M103719,,,Third Party,402,,,,,1,0,0,1,402
103730,57,55-64,Female,Urban,Phone,1,M103730,,,Telematics,1157,,,,,1,0,0,1,1157
103743,41,35-44,Male,Urban,Email,2,M103743,,,Telematics,678,,,,,1,0,0,1,678
103764,47,45-54,Male,Urban,Email,1,M103764,,,Comprehensive,486,,,,,1,0,0,1,486
103770,54,45-54,Female,Rural,Phone,3,M103770,,,Comprehensive,1226,,,,,1,0,0,1,1226
103775,67,65+,Female,Urban,Phone,1,M103775,,,Third Party,580,,,,,1,0,0,1,580
103781,49,45-54,Female,Urban,Phone,0,M103781,,,Third Party,1147,,,,,1,0,0,1,1147
103789,19,18-24,Female,Rural,SMS,0,M103789,,,Comprehensive,1248,,,,,1,0,0,1,1248
103798,49,45-54,Female,Urban,SMS,0,M103798,,,Third Party,1114,,,,,1,0,0,1,1114
103822,54,45-54,Male,Urban,Email,0,M103822,,,Comprehensive,390,,,,,1,0,0,1,390
103836,58,55-64,Male,Urban,Phone,1,M103836,,,Third Party,1103,,,,,1,0,0,1,1103
103851,52,45-54,Female,Urban,Phone,1,M103851,,,Comprehensive,1208,,,,,1,0,0,1,1208
103853,54,45-54,Female,Urban,Email,1,M103853,,,Comprehensive,507,,,,,1,0,0,1,507
103869,50,45-54,Male,Urban,Email,1,M103869,,,Third Party,974,,,,,1,0,0,1,974
103870,45,45-54,Non-binary,Rural,Phone,1,M103870,,,Comprehensive,1132,,,,,1,0,0,1,1132
103871,50,45-54,Male,Rural,Phone,1,M103871,,,Comprehensive,517,,,,,1,0,0,1,517
103880,52,45-54,Female,Urban,Email,1,M103880,,,Third Party,938,,,,,1,0,0,1,938
103883,22,18-24,Male,Rural,Email,0,M103883,,,Comprehensive,473,,,,,1,0,0,1,473
103886,46,45-54,Male,Rural,Email,0,M103886,,,Comprehensive,789,,,,,1,0,0,1,789
103888,18,18-24,Male,Rural,SMS,0,M103888,,,Comprehensive,341,,,,,1,0,0,1,341
103891,24,18-24,Male,Urban,Email,0,M103891,,,Third Party,644,,,,,1,0,0,1,644
103895,45,45-54,Female,Urban,Email,2,M103895,,,Comprehensive,807,,,,,1,0,0,1,807
103898,23,18-24,Male,Urban,SMS,0,M103898,,,Telematics,939,,,,,1,0,0,1,939
103902,52,45-54,Male,Rural,Email,3,M103902,,,Telematics,1050,,,,,1,0,0,1,1050
103908,36,35-44,Female,Urban,Phone,2,M103908,,,Third Party,651,,,,,1,0,0,1,651
103914,21,18-24,Male,Rural,Email,0,M103914,,,Third Party,834,,,,,1,0,0,1,834
103917,47,45-54,Male,Urban,Email,4,M103917,,,Comprehensive,621,,,,,1,0,0,1,621
103925,50,45-54,Female,Rural,Phone,1,M103925,,,Third Party,548,,,,,1,0,0,1,548
103929,44,35-44,Female,Urban,Phone,3,M103929,,,Third Party,941,,,,,1,0,0,1,941
103933,18,18-24,Female,Rural,SMS,0,M103933,,,Comprehensive,627,,,,,1,0,0,1,627
103935,50,45-54,Male,Urban,SMS,0,M103935,,,Comprehensive,676,,,,,1,0,0,1,676
103939,23,18-24,Female,Urban,Phone,1,M103939,,,Comprehensive,868,,,,,1,0,0,1,868
103955,53,45-54,Male,Rural,Phone,2,M103955,,,Comprehensive,911,,,,,1,0,0,1,911
103961,74,65+,Female,Rural,Email,1,M103961,,,Comprehensive,1205,,,,,1,0,0,1,1205
103963,38,35-44,Male,Rural,Phone,1,M103963,,,Comprehensive,1042,,,,,1,0,0,1,1042
103973,46,45-54,Male,Rural,Email,2,M103973,,,Third Party,619,,,,,1,0,0,1,619
103974,49,45-54,Male,Urban,Phone,1,M103974,,,Telematics,880,,,,,1,0,0,1,880
103976,46,45-54,Male,Urban,Email,1,M103976,,,Comprehensive,413,,,,,1,0,0,1,413
103980,50,45-54,Male,Urban,Email,1,M103980,,,Comprehensive,349,,,,,1,0,0,1,349
103981,53,45-54,Male,Rural,Phone,4,M103981,,,Third Party,669,,,,,1,0,0,1,669
103986,52,45-54,Male,Rural,Email,1,M103986,,,Comprehensive,1054,,,,,1,0,0,1,1054
103987,18,18-24,Female,Urban,SMS,0,M103987,,,Third Party,813,,,,,1,0,0,1,813
103991,37,35-44,Female,Rural,Phone,1,M103991,,,Comprehensive,722,,,,,1,0,0,1,722
103998,19,18-24,Female,Rural,SMS,0,M103998,,,Comprehensive,1147,,,,,1,0,0,1,1147
104000,28,25-34,Female,Rural,Email,3,M104000,,,Comprehensive,653,,,,,1,0,0,1,653
104004,46,45-54,Male,Urban,Phone,1,M104004,,,Telematics,607,,,,,1,0,0,1,607
104007,71,65+,Female,Urban,Phone,1,M104007,,,Comprehensive,584,,,,,1,0,0,1,584
104014,24,18-24,Male,Rural,Phone,0,M104014,,,Telematics,374,,,,,1,0,0,1,374
104018,49,45-54,Female,Rural,Email,1,M104018,,,Third Party,458,,,,,1,0,0,1,458
104019,45,45-54,Female,Rural,Phone,2,M104019,,,Third Party,352,,,,,1,0,0,1,352
104027,47,45-54,Male,Urban,Phone,3,M104027,,,Comprehensive,844,,,,,1,0,0,1,844
104033,23,18-24,Female,Rural,Email,0,M104033,,,Third Party,1038,,,,,1,0,0,1,1038
104046,20,18-24,Female,Rural,Email,0,M104046,,,Comprehensive,1169,,,,,1,0,0,1,1169
104048,23,18-24,Non-binary,Rural,Email,0,M104048,,,Comprehensive,338,,,,,1,0,0,1,338
104054,49,45-54,Female,Rural,Email,1,M104054,,,Telematics,527,,,,,1,0,0,1,527
104055,22,18-24,Female,Urban,SMS,0,M104055,,,Telematics,293,,,,,1,0,0,1,293
104058,52,45-54,Male,Rural,SMS,1,M104058,,,Third Party,659,,,,,1,0,0,1,659
104059,52,45-54,Male,Urban,SMS,3,M104059,,,Third Party,1117,,,,,1,0,0,1,1117
104063,52,45-54,Male,Urban,Phone,0,M104063,,,Telematics,285,,,,,1,0,0,1,285
104065,33,25-34,Male,Rural,Email,2,M104065,,,Comprehensive,846,,,,,1,0,0,1,846
104069,45,45-54,Male,Urban,Phone,2,M104069,,,Comprehensive,557,,,,,1,0,0,1,557
104070,36,35-44,Male,Urban,Phone,2,M104070,,,Telematics,542,,,,,1,0,0,1,542
104074,53,45-54,Male,Urban,SMS,1,M104074,,,Telematics,658,,,,,1,0,0,1,658
104076,54,45-54,Male,Rural,Phone,2,M104076,,,Telematics,1024,,,,,1,0,0,1,1024
104077,54,45-54,Male,Urban,Phone,0,M104077,,,Third Party,592,,,,,1,0,0,1,592
104080,18,18-24,Male,Rural,Email,0,M104080,,,Third Party,1157,,,,,1,0,0,1,1157
102067,35,35-44,Female,Rural,Email,0,,H102067,T102067,,,Core,1801,Single Trip,328,0,1,1,2,2129
102078,19,18-24,Male,Urban,Email,0,,H102078,T102078,,,Core,905,Single Trip,87,0,1,1,2,992
102085,54,45-54,Female,Rural,Email,0,,H102085,T102085,,,Core,1408,Annual,390,0,1,1,2,1798
102136,53,45-54,Female,Urban,Email,1,,H102136,T102136,,,Family,1612,Annual,132,0,1,1,2,1744
102144,45,45-54,Female,Urban,Phone,1,,H102144,T102144,,,Family,1013,Annual,46,0,1,1,2,1059
102147,47,45-54,Male,Rural,Email,1,,H102147,T102147,,,Enhanced,1437,Annual,183,0,1,1,2,1620
102149,21,18-24,Female,Rural,Email,0,,H102149,T102149,,,Core,1311,Single Trip,164,0,1,1,2,1475
102151,22,18-24,Male,Urban,Email,0,,H102151,T102151,,,Family,360,Single Trip,213,0,1,1,2,573
102158,53,45-54,Male,Urban,Phone,2,,H102158,T102158,,,Family,1482,Single Trip,241,0,1,1,2,1723
102160,34,25-34,Female,Rural,Email,0,,H102160,T102160,,,Family,1737,Annual,268,0,1,1,2,2005
102165,22,18-24,Female,Urban,Email,0,,H102165,T102165,,,Core,524,Single Trip,96,0,1,1,2,620
102170,34,25-34,Female,Urban,SMS,0,,H102170,T102170,,,Family,954,Annual,416,0,1,1,2,1370
102185,46,45-54,Female,Urban,Phone,3,,H102185,T102185,,,Core,1489,Family,296,0,1,1,2,1785
102188,24,18-24,Female,Urban,Phone,0,,H102188,T102188,,,Enhanced,1299,Single Trip,59,0,1,1,2,1358
102199,49,45-54,Male,Urban,Phone,2,,H102199,T102199,,,Enhanced,667,Single Trip,300,0,1,1,2,967
102220,23,18-24,Male,Urban,SMS,1,,H102220,T102220,,,Enhanced,1797,Family,263,0,1,1,2,2060
102227,50,45-54,Male,Rural,Phone,2,,H102227,T102227,,,Family,924,Annual,223,0,1,1,2,1147
102247,22,18-24,Female,Urban,Email,0,,H102247,T102247,,,Core,1740,Single Trip,317,0,1,1,2,2057
102252,59,55-64,Male,Rural,Phone,1,,H102252,T102252,,,Enhanced,764,Single Trip,269,0,1,1,2,1033
102257,52,45-54,Male,Urban,SMS,0,,H102257,T102257,,,Core,917,Annual,70,0,1,1,2,987
102265,18,18-24,Female,Urban,SMS,0,,H102265,T102265,,,Enhanced,1376,Single Trip,236,0,1,1,2,1612
102268,20,18-24,Male,Rural,Email,0,,H102268,T102268,,,Family,1593,Single Trip,113,0,1,1,2,1706
102270,40,35-44,Female,Rural,Email,1,,H102270,T102270,,,Family,499,Annual,245,0,1,1,2,744
102271,23,18-24,Male,Rural,Email,0,,H102271,T102271,,,Core,1123,Annual,371,0,1,1,2,1494
102281,44,35-44,Female,Rural,Email,1,,H102281,T102281,,,Family,561,Single Trip,202,0,1,1,2,763
102284,53,45-54,Female,Urban,Email,0,,H102284,T102284,,,Enhanced,1783,Single Trip,267,0,1,1,2,2050
102287,45,45-54,Female,Rural,Email,1,,H102287,T102287,,,Family,837,Annual,406,0,1,1,2,1243
102289,22,18-24,Female,Rural,Email,0,,H102289,T102289,,,Core,478,Annual,196,0,1,1,2,674
102291,53,45-54,Male,Rural,Phone,0,,H102291,T102291,,,Enhanced,651,Family,226,0,1,1,2,877
102293,49,45-54,Male,Rural,Phone,0,,H102293,T102293,,,Family,1476,Single Trip,297,0,1,1,2,1773
102297,51,45-54,Female,Rural,Email,0,,H102297,T102297,,,Enhanced,1351,Annual,179,0,1,1,2,1530
102306,20,18-24,Female,Urban,Phone,0,,H102306,T102306,,,Enhanced,629,Single Trip,194,0,1,1,2,823
102326,22,18-24,Male,Urban,Email,0,,H102326,T102326,,,Core,1691,Annual,230,0,1,1,2,1921
102329,46,45-54,Female,Urban,Email,0,,H102329,T102329,,,Core,1325,Annual,91,0,1,1,2,1416
102341,23,18-24,Female,Rural,SMS,0,,H102341,T102341,,,Enhanced,1307,Single Trip,272,0,1,1,2,1579
102347,19,18-24,Male,Rural,SMS,0,,H102347,T102347,,,Core,1432,Single Trip,168,0,1,1,2,1600
102350,19,18-24,Female,Rural,Email,0,,H102350,T102350,,,Family,1635,Single Trip,169,0,1,1,2,1804
102353,52,45-54,Female,Urban,Email,1,,H102353,T102353,,,Core,747,Single Trip,183,0,1,1,2,930
102381,50,45-54,Male,Urban,Email,0,,H102381,T102381,,,Family,1019,Annual,196,0,1,1,2,1215
102417,23,18-24,Male,Rural,Phone,0,,H102417,T102417,,,Enhanced,872,Family,137,0,1,1,2,1009
102418,47,45-54,Male,Urban,Email,0,,H102418,T102418,,,Enhanced,811,Annual,168,0,1,1,2,979
102429,24,18-24,Male,Rural,Email,0,,H102429,T102429,,,Enhanced,1136,Annual,358,0,1,1,2,1494
102444,52,45-54,Female,Urban,Email,1,,H102444,T102444,,,Family,1838,Annual,177,0,1,1,2,2015
102450,22,18-24,Female,Urban,Email,0,,H102450,T102450,,,Enhanced,487,Annual,144,0,1,1,2,631
102452,36,35-44,Female,Rural,Phone,0,,H102452,T102452,,,Core,533,Single Trip,301,0,1,1,2,834
102459,52,45-54,Male,Rural,Email,0,,H102459,T102459,,,Core,1460,Annual,147,0,1,1,2,1607
102464,49,45-54,Male,Rural,Phone,1,,H102464,T102464,,,Enhanced,1585,Single Trip,254,0,1,1,2,1839
102466,22,18-24,Male,Rural,Email,0,,H102466,T102466,,,Family,495,Single Trip,254,0,1,1,2,749
102469,18,18-24,Female,Urban,Email,0,,H102469,T102469,,,Family,406,Single Trip,253,0,1,1,2,659
102479,45,45-54,Female,Rural,Email,1,,H102479,T102479,,,Enhanced,720,Annual,135,0,1,1,2,855
102494,74,65+,Female,Urban,Phone,1,,H102494,T102494,,,Core,1738,Annual,204,0,1,1,2,1942
102514,51,45-54,Female,Rural,SMS,1,,H102514,T102514,,,Core,1453,Annual,403,0,1,1,2,1856
102520,19,18-24,Male,Urban,Email,0,,H102520,T102520,,,Core,824,Annual,198,0,1,1,2,1022
102523,47,45-54,Female,Urban,Phone,0,,H102523,T102523,,,Core,778,Family,379,0,1,1,2,1157
102527,21,18-24,Male,Urban,Phone,0,,H102527,T102527,,,Enhanced,1824,Single Trip,340,0,1,1,2,2164
102530,47,45-54,Female,Urban,Phone,0,,H102530,T102530,,,Enhanced,1630,Single Trip,158,0,1,1,2,1788
102534,48,45-54,Female,Urban,SMS,0,,H102534,T102534,,,Enhanced,1801,Annual,108,0,1,1,2,1909
102557,31,25-34,Female,Rural,Phone,2,,H102557,T102557,,,Core,1605,Annual,415,0,1,1,2,2020
102560,22,18-24,Female,Urban,Phone,0,,H102560,T102560,,,Core,1301,Single Trip,122,0,1,1,2,1423
102566,19,18-24,Male,Urban,Email,1,,H102566,T102566,,,Enhanced,796,Annual,386,0,1,1,2,1182
102567,54,45-54,Male,Urban,Phone,1,,H102567,T102567,,,Enhanced,1664,Single Trip,92,0,1,1,2,1756
102578,48,45-54,Female,Urban,Email,1,,H102578,T102578,,,Core,1157,Single Trip,158,0,1,1,2,1315
102591,22,18-24,Male,Urban,SMS,0,,H102591,T102591,,,Core,1654,Annual,67,0,1,1,2,1721
102596,21,18-24,Male,Urban,Email,0,,H102596,T102596,,,Core,1001,Family,390,0,1,1,2,1391
102620,48,45-54,Male,Rural,Email,1,,H102620,T102620,,,Family,1680,Single Trip,232,0,1,1,2,1912
102627,18,18-24,Male,Rural,SMS,0,,H102627,T102627,,,Enhanced,1402,Single Trip,259,0,1,1,2,1661
102630,51,45-54,Female,Rural,Phone,0,,H102630,T102630,,,Core,1164,Single Trip,384,0,1,1,2,1548
102649,20,18-24,Male,Urban,Email,0,,H102649,T102649,,,Enhanced,359,Annual,202,0,1,1,2,561
102654,47,45-54,Female,Urban,Phone,1,,H102654,T102654,,,Family,1290,Single Trip,166,0,1,1,2,1456
102660,56,55-64,Female,Rural,Phone,2,,H102660,T102660,,,Enhanced,614,Single Trip,71,0,1,1,2,685
102687,18,18-24,Female,Rural,Email,0,,H102687,T102687,,,Enhanced,1480,Single Trip,305,0,1,1,2,1785
102714,31,25-34,Female,Urban,Email,0,,H102714,T102714,,,Core,594,Single Trip,326,0,1,1,2,920
102727,18,18-24,Female,Rural,Email,0,,H102727,T102727,,,Enhanced,527,Single Trip,48,0,1,1,2,575
102731,49,45-54,Non-binary,Rural,Email,0,,H102731,T102731,,,Core,1284,Single Trip,179,0,1,1,2,1463
102732,54,45-54,Male,Urban,Email,0,,H102732,T102732,,,Family,1315,Single Trip,150,0,1,1,2,1465
102736,54,45-54,Male,Urban,SMS,1,,H102736,T102736,,,Enhanced,794,Annual,169,0,1,1,2,963
102741,22,18-24,Male,Urban,Email,0,,H102741,T102741,,,Family,1725,Single Trip,59,0,1,1,2,1784
102750,24,18-24,Female,Urban,SMS,0,,H102750,T102750,,,Family,1016,Annual,146,0,1,1,2,1162
102754,47,45-54,Male,Urban,Email,0,,H102754,T102754,,,Enhanced,1101,Single Trip,58,0,1,1,2,1159
102762,34,25-34,Male,Urban,Email,2,,H102762,T102762,,,Family,864,Single Trip,98,0,1,1,2,962
102769,39,35-44,Male,Rural,Email,1,,H102769,T102769,,,Family,1060,Single Trip,309,0,1,1,2,1369
102781,18,18-24,Male,Urban,SMS,0,,H102781,T102781,,,Family,1834,Single Trip,139,0,1,1,2,1973
102786,52,45-54,Male,Urban,Phone,0,,H102786,T102786,,,Enhanced,1295,Family,185,0,1,1,2,1480
102791,52,45-54,Female,Urban,Phone,1,,H102791,T102791,,,Enhanced,1724,Annual,60,0,1,1,2,1784
102803,18,18-24,Male,Urban,Phone,0,,H102803,T102803,,,Family,664,Single Trip,170,0,1,1,2,834
102809,34,25-34,Male,Rural,Email,3,,H102809,T102809,,,Family,1422,Family,147,0,1,1,2,1569
102810,47,45-54,Female,Rural,Phone,2,,H102810,T102810,,,Family,507,Single Trip,381,0,1,1,2,888
102819,20,18-24,Male,Rural,SMS,0,,H102819,T102819,,,Core,1624,Annual,54,0,1,1,2,1678
102820,51,45-54,Non-binary,Urban,Email,2,,H102820,T102820,,,Core,1313,Single Trip,159,0,1,1,2,1472
102821,22,18-24,Male,Urban,Email,0,,H102821,T102821,,,Family,813,Single Trip,178,0,1,1,2,991
102829,48,45-54,Female,Urban,SMS,1,,H102829,T102829,,,Enhanced,1702,Single Trip,221,0,1,1,2,1923
102839,45,45-54,Male,Rural,Phone,0,,H102839,T102839,,,Core,1737,Family,242,0,1,1,2,1979
102847,45,45-54,Female,Urban,Email,2,,H102847,T102847,,,Core,420,Single Trip,341,0,1,1,2,761
102869,44,35-44,Female,Rural,Phone,1,,H102869,T102869,,,Core,857,Annual,371,0,1,1,2,1228
102881,45,45-54,Female,Urban,Phone,2,,H102881,T102881,,,Core,519,Single Trip,188,0,1,1,2,707
102886,46,45-54,Male,Urban,Phone,0,,H102886,T102886,,,Core,1361,Annual,315,0,1,1,2,1676
102892,48,45-54,Female,Rural,Email,0,,H102892,T102892,,,Enhanced,1717,Single Trip,99,0,1,1,2,1816
102909,23,18-24,Male,Urban,Email,0,,H102909,T102909,,,Family,652,Annual,48,0,1,1,2,700
102910,23,18-24,Male,Urban,Email,0,,H102910,T102910,,,Enhanced,1827,Annual,206,0,1,1,2,2033
102914,50,45-54,Male,Urban,Email,1,,H102914,T102914,,,Enhanced,704,Single Trip,220,0,1,1,2,924
102920,46,45-54,Female,Rural,Email,0,,H102920,T102920,,,Core,350,Annual,64,0,1,1,2,414
102934,21,18-24,Female,Urban,Email,0,,H102934,T102934,,,Enhanced,508,Annual,389,0,1,1,2,897
102959,46,45-54,Female,Rural,Email,4,,H102959,T102959,,,Core,1844,Annual,273,0,1,1,2,2117
102966,49,45-54,Female,Rural,SMS,2,,H102966,T102966,,,Family,583,Annual,357,0,1,1,2,940
102977,46,45-54,Female,Rural,Email,0,,H102977,T102977,,,Core,1078,Annual,370,0,1,1,2,1448
103002,54,45-54,Female,Urban,SMS,0,,H103002,T103002,,,Core,378,Annual,313,0,1,1,2,691
103009,51,45-54,Female,Urban,Email,0,,H103009,T103009,,,Enhanced,1557,Single Trip,192,0,1,1,2,1749
103028,40,35-44,Male,Urban,Phone,2,,H103028,T103028,,,Family,1086,Annual,86,0,1,1,2,1172
103039,54,45-54,Male,Rural,Email,0,,H103039,T103039,,,Core,893,Family,265,0,1,1,2,1158
103040,23,18-24,Female,Urban,SMS,0,,H103040,T103040,,,Core,1701,Single Trip,159,0,1,1,2,1860
103043,45,45-54,Male,Urban,Email,1,,H103043,T103043,,,Family,1198,Single Trip,337,0,1,1,2,1535
103045,47,45-54,Male,Urban,Email,0,,H103045,T103045,,,Enhanced,1633,Single Trip,169,0,1,1,2,1802
103046,47,45-54,Female,Urban,Email,2,,H103046,T103046,,,Enhanced,1277,Annual,215,0,1,1,2,1492
103075,22,18-24,Male,Urban,Phone,0,,H103075,T103075,,,Enhanced,555,Annual,181,0,1,1,2,736
103080,52,45-54,Female,Urban,Email,0,,H103080,T103080,,,Core,1801,Annual,60,0,1,1,2,1861
103083,46,45-54,Male,Urban,Phone,1,,H103083,T103083,,,Enhanced,1079,Annual,166,0,1,1,2,1245
103087,22,18-24,Female,Urban,SMS,0,,H103087,T103087,,,Enhanced,1230,Family,48,0,1,1,2,1278
103120,33,25-34,Female,Urban,Email,1,,H103120,T103120,,,Family,857,Annual,105,0,1,1,2,962
103140,50,45-54,Female,Rural,Email,0,,H103140,T103140,,,Family,1752,Annual,275,0,1,1,2,2027
103152,45,45-54,Female,Urban,Phone,2,,H103152,T103152,,,Core,625,Annual,290,0,1,1,2,915
103153,19,18-24,Male,Urban,Email,0,,H103153,T103153,,,Core,1496,Annual,271,0,1,1,2,1767
103157,50,45-54,Male,Urban,Phone,1,,H103157,T103157,,,Enhanced,1487,Family,64,0,1,1,2,1551
103163,23,18-24,Female,Rural,SMS,0,,H103163,T103163,,,Family,1489,Single Trip,96,0,1,1,2,1585
103184,52,45-54,Female,Rural,Email,1,,H103184,T103184,,,Core,850,Single Trip,344,0,1,1,2,1194
103191,18,18-24,Male,Urban,Phone,0,,H103191,T103191,,,Family,964,Single Trip,106,0,1,1,2,1070
103196,50,45-54,Female,Urban,Phone,1,,H103196,T103196,,,Enhanced,1041,Single Trip,74,0,1,1,2,1115
103197,45,45-54,Female,Rural,Phone,2,,H103197,T103197,,,Enhanced,791,Annual,406,0,1,1,2,1197
103198,46,45-54,Male,Rural,Phone,1,,H103198,T103198,,,Enhanced,1114,Annual,299,0,1,1,2,1413
103206,45,45-54,Male,Urban,Phone,2,,H103206,T103206,,,Core,1689,Single Trip,130,0,1,1,2,1819
103210,19,18-24,Female,Urban,Email,0,,H103210,T103210,,,Enhanced,1706,Annual,225,0,1,1,2,1931
103213,49,45-54,Female,Urban,Email,0,,H103213,T103213,,,Family,806,Family,384,0,1,1,2,1190
103236,21,18-24,Male,Urban,SMS,0,,H103236,T103236,,,Core,973,Annual,267,0,1,1,2,1240
103249,42,35-44,Male,Urban,Email,3,,H103249,T103249,,,Family,1263,Single Trip,190,0,1,1,2,1453
103255,18,18-24,Male,Urban,SMS,0,,H103255,T103255,,,Enhanced,1610,Single Trip,315,0,1,1,2,1925
103261,24,18-24,Female,Rural,Email,0,,H103261,T103261,,,Core,1411,Single Trip,185,0,1,1,2,1596
103267,49,45-54,Male,Urban,Email,0,,H103267,T103267,,,Core,1763,Single Trip,128,0,1,1,2,1891
103269,24,18-24,Female,Urban,Email,0,,H103269,T103269,,,Core,1519,Family,318,0,1,1,2,1837
103272,24,18-24,Female,Rural,SMS,0,,H103272,T103272,,,Core,1811,Family,397,0,1,1,2,2208
103284,19,18-24,Male,Urban,SMS,0,,H103284,T103284,,,Core,1360,Family,162,0,1,1,2,1522
103289,20,18-24,Male,Rural,Email,0,,H103289,T103289,,,Family,529,Single Trip,209,0,1,1,2,738
103292,54,45-54,Female,Urban,Phone,1,,H103292,T103292,,,Family,932,Family,343,0,1,1,2,1275
103295,21,18-24,Male,Rural,SMS,0,,H103295,T103295,,,Family,368,Single Trip,117,0,1,1,2,485
103303,52,45-54,Male,Rural,Email,1,,H103303,T103303,,,Enhanced,1181,Single Trip,323,0,1,1,2,1504
103314,23,18-24,Male,Urban,Email,0,,H103314,T103314,,,Family,355,Single Trip,198,0,1,1,2,553
103341,23,18-24,Female,Rural,Email,0,,H103341,T103341,,,Enhanced,684,Single Trip,153,0,1,1,2,837
103347,62,55-64,Male,Rural,Phone,1,,H103347,T103347,,,Core,384,Family,357,0,1,1,2,741
103351,50,45-54,Male,Rural,Email,1,,H103351,T103351,,,Enhanced,1687,Single Trip,345,0,1,1,2,2032
103354,54,45-54,Female,Rural,Email,0,,H103354,T103354,,,Core,1507,Single Trip,329,0,1,1,2,1836
103356,30,25-34,Male,Rural,Email,1,,H103356,T103356,,,Enhanced,1545,Single Trip,156,0,1,1,2,1701
103384,51,45-54,Female,Urban,Phone,2,,H103384,T103384,,,Family,1144,Single Trip,147,0,1,1,2,1291
103391,20,18-24,Female,Rural,Email,0,,H103391,T103391,,,Enhanced,952,Single Trip,145,0,1,1,2,1097
103400,41,35-44,Female,Urban,Email,1,,H103400,T103400,,,Core,780,Single Trip,146,0,1,1,2,926
103401,51,45-54,Female,Rural,Email,1,,H103401,T103401,,,Core,548,Annual,110,0,1,1,2,658
103405,53,45-54,Female,Urban,Phone,0,,H103405,T103405,,,Family,1842,Single Trip,310,0,1,1,2,2152
103411,20,18-24,Female,Urban,Email,0,,H103411,T103411,,,Core,1241,Single Trip,92,0,1,1,2,1333
103437,42,35-44,Female,Rural,Email,1,,H103437,T103437,,,Core,600,Annual,240,0,1,1,2,840
103442,56,55-64,Male,Rural,SMS,0,,H103442,T103442,,,Family,705,Annual,188,0,1,1,2,893
103454,20,18-24,Male,Urban,Email,0,,H103454,T103454,,,Family,826,Annual,374,0,1,1,2,1200
103457,23,18-24,Male,Urban,Email,0,,H103457,T103457,,,Core,1419,Annual,402,0,1,1,2,1821
103458,48,45-54,Male,Urban,Email,0,,H103458,T103458,,,Enhanced,972,Annual,66,0,1,1,2,1038
103463,53,45-54,Male,Urban,Phone,0,,H103463,T103463,,,Core,368,Single Trip,348,0,1,1,2,716
103475,66,65+,Female,Rural,Phone,0,,H103475,T103475,,,Enhanced,728,Single Trip,52,0,1,1,2,780
103492,48,45-54,Female,Urban,Phone,0,,H103492,T103492,,,Family,1097,Annual,145,0,1,1,2,1242
103498,22,18-24,Female,Urban,Email,0,,H103498,T103498,,,Enhanced,752,Annual,157,0,1,1,2,909
103504,51,45-54,Female,Urban,Email,1,,H103504,T103504,,,Core,467,Single Trip,335,0,1,1,2,802
103513,19,18-24,Male,Rural,Email,0,,H103513,T103513,,,Family,1789,Single Trip,308,0,1,1,2,2097
103514,48,45-54,Male,Urban,Email,3,,H103514,T103514,,,Core,1027,Annual,242,0,1,1,2,1269
103519,61,55-64,Male,Urban,SMS,0,,H103519,T103519,,,Enhanced,1606,Annual,350,0,1,1,2,1956
103520,49,45-54,Female,Rural,Phone,2,,H103520,T103520,,,Enhanced,1646,Single Trip,407,0,1,1,2,2053
103532,24,18-24,Male,Urban,Email,1,,H103532,T103532,,,Enhanced,795,Single Trip,343,0,1,1,2,1138
103533,53,45-54,Male,Urban,Email,2,,H103533,T103533,,,Family,1634,Single Trip,366,0,1,1,2,2000
103546,45,45-54,Male,Urban,Phone,0,,H103546,T103546,,,Family,1677,Single Trip,348,0,1,1,2,2025
103549,51,45-54,Male,Urban,SMS,1,,H103549,T103549,,,Core,1095,Single Trip,247,0,1,1,2,1342
103551,21,18-24,Female,Urban,Email,0,,H103551,T103551,,,Core,615,Single Trip,405,0,1,1,2,1020
103555,21,18-24,Male,Rural,SMS,0,,H103555,T103555,,,Enhanced,1408,Family,142,0,1,1,2,1550
103556,52,45-54,Non-binary,Urban,Phone,0,,H103556,T103556,,,Enhanced,758,Annual,71,0,1,1,2,829
103593,46,45-54,Male,Urban,Phone,0,,H103593,T103593,,,Enhanced,1165,Annual,316,0,1,1,2,1481
103609,49,45-54,Female,Urban,Phone,3,,H103609,T103609,,,Core,635,Single Trip,341,0,1,1,2,976
103619,50,45-54,Female,Urban,Phone,1,,H103619,T103619,,,Family,1708,Single Trip,73,0,1,1,2,1781
103622,45,45-54,Male,Rural,Email,1,,H103622,T103622,,,Enhanced,1598,Single Trip,127,0,1,1,2,1725
103623,36,35-44,Male,Rural,Phone,0,,H103623,T103623,,,Enhanced,412,Annual,130,0,1,1,2,542
103625,31,25-34,Male,Urban,Email,0,,H103625,T103625,,,Enhanced,1397,Annual,122,0,1,1,2,1519
103629,48,45-54,Female,Urban,Email,0,,H103629,T103629,,,Family,1462,Family,244,0,1,1,2,1706
103653,51,45-54,Male,Urban,SMS,1,,H103653,T103653,,,Family,942,Family,404,0,1,1,2,1346
103663,24,18-24,Male,Urban,Email,0,,H103663,T103663,,,Core,562,Family,112,0,1,1,2,674
103665,46,45-54,Male,Rural,Email,1,,H103665,T103665,,,Family,641,Single Trip,101,0,1,1,2,742
103683,23,18-24,Male,Rural,Phone,0,,H103683,T103683,,,Core,542,Annual,198,0,1,1,2,740
103685,49,45-54,Female,Rural,Email,1,,H103685,T103685,,,Core,1217,Family,381,0,1,1,2,1598
103689,31,25-34,Female,Rural,Email,0,,H103689,T103689,,,Core,1157,Annual,299,0,1,1,2,1456
103690,46,45-54,Female,Urban,Email,0,,H103690,T103690,,,Family,1290,Family,128,0,1,1,2,1418
103694,60,55-64,Female,Urban,Phone,0,,H103694,T103694,,,Enhanced,530,Single Trip,190,0,1,1,2,720
103708,71,65+,Male,Urban,Phone,0,,H103708,T103708,,,Core,656,Single Trip,251,0,1,1,2,907
103717,19,18-24,Male,Rural,SMS,0,,H103717,T103717,,,Family,1125,Single Trip,185,0,1,1,2,1310
103724,19,18-24,Female,Urban,Email,0,,H103724,T103724,,,Core,682,Annual,277,0,1,1,2,959
103727,45,45-54,Male,Rural,Email,0,,H103727,T103727,,,Family,389,Single Trip,168,0,1,1,2,557
103731,46,45-54,Female,Rural,Email,1,,H103731,T103731,,,Core,482,Single Trip,265,0,1,1,2,747
103733,53,45-54,Male,Rural,Phone,2,,H103733,T103733,,,Core,975,Family,91,0,1,1,2,1066
103736,49,45-54,Male,Urban,Phone,1,,H103736,T103736,,,Enhanced,902,Annual,152,0,1,1,2,1054
103737,18,18-24,Male,Rural,Email,0,,H103737,T103737,,,Enhanced,1289,Annual,203,0,1,1,2,1492
103738,52,45-54,Female,Urban,Email,1,,H103738,T103738,,,Family,825,Single Trip,307,0,1,1,2,1132
103739,24,18-24,Female,Rural,SMS,0,,H103739,T103739,,,Core,443,Single Trip,343,0,1,1,2,786
103759,46,45-54,Non-binary,Urban,Phone,0,,H103759,T103759,,,Core,1835,Single Trip,367,0,1,1,2,2202
103776,47,45-54,Female,Urban,Email,2,,H103776,T103776,,,Core,1127,Single Trip,330,0,1,1,2,1457
103784,23,18-24,Female,Urban,Email,0,,H103784,T103784,,,Enhanced,1796,Single Trip,113,0,1,1,2,1909
103785,23,18-24,Male,Urban,SMS,0,,H103785,T103785,,,Enhanced,1420,Annual,346,0,1,1,2,1766
103792,52,45-54,Female,Urban,Email,1,,H103792,T103792,,,Enhanced,739,Single Trip,219,0,1,1,2,958
103797,21,18-24,Male,Rural,Phone,0,,H103797,T103797,,,Enhanced,692,Single Trip,290,0,1,1,2,982
103799,22,18-24,Male,Rural,Email,0,,H103799,T103799,,,Core,527,Annual,370,0,1,1,2,897
103806,19,18-24,Male,Rural,Phone,0,,H103806,T103806,,,Enhanced,511,Single Trip,124,0,1,1,2,635
103833,22,18-24,Male,Urban,Email,0,,H103833,T103833,,,Family,1021,Annual,187,0,1,1,2,1208
103843,42,35-44,Female,Urban,Email,0,,H103843,T103843,,,Core,468,Annual,58,0,1,1,2,526
103845,55,55-64,Male,Urban,SMS,1,,H103845,T103845,,,Core,1510,Annual,91,0,1,1,2,1601
103846,48,45-54,Female,Rural,Phone,1,,H103846,T103846,,,Core,493,Annual,397,0,1,1,2,890
103867,51,45-54,Male,Rural,Email,1,,H103867,T103867,,,Core,1659,Family,77,0,1,1,2,1736
103877,50,45-54,Female,Rural,Phone,1,,H103877,T103877,,,Enhanced,1266,Annual,338,0,1,1,2,1604
103884,31,25-34,Female,Rural,Phone,0,,H103884,T103884,,,Family,470,Single Trip,190,0,1,1,2,660
103901,52,45-54,Male,Urban,SMS,0,,H103901,T103901,,,Core,1204,Single Trip,328,0,1,1,2,1532
103911,23,18-24,Non-binary,Rural,SMS,0,,H103911,T103911,,,Enhanced,1840,Family,404,0,1,1,2,2244
103915,22,18-24,Female,Rural,SMS,0,,H103915,T103915,,,Enhanced,834,Annual,415,0,1,1,2,1249
103950,45,45-54,Male,Rural,Email,0,,H103950,T103950,,,Enhanced,1060,Annual,400,0,1,1,2,1460
103968,44,35-44,Male,Urban,Phone,1,,H103968,T103968,,,Enhanced,1112,Annual,226,0,1,1,2,1338
103975,52,45-54,Female,Rural,Phone,1,,H103975,T103975,,,Core,998,Single Trip,171,0,1,1,2,1169
103996,46,45-54,Male,Urban,Email,1,,H103996,T103996,,,Enhanced,1331,Single Trip,379,0,1,1,2,1710
103997,50,45-54,Female,Urban,Email,1,,H103997,T103997,,,Core,476,Single Trip,53,0,1,1,2,529
104001,24,18-24,Male,Urban,SMS,0,,H104001,T104001,,,Core,1597,Annual,203,0,1,1,2,1800
104008,54,45-54,Female,Urban,Phone,0,,H104008,T104008,,,Family,524,Annual,303,0,1,1,2,827
104017,54,45-54,Male,Urban,Email,0,,H104017,T104017,,,Core,1270,Annual,154,0,1,1,2,1424
104020,23,18-24,Male,Urban,SMS,1,,H104020,T104020,,,Family,900,Annual,142,0,1,1,2,1042
104023,22,18-24,Male,Rural,Email,0,,H104023,T104023,,,Family,542,Single Trip,163,0,1,1,2,705
104024,19,18-24,Male,Urban,Email,0,,H104024,T104024,,,Core,1245,Family,167,0,1,1,2,1412
104029,69,65+,Male,Urban,Phone,3,,H104029,T104029,,,Enhanced,1535,Single Trip,304,0,1,1,2,1839
104040,47,45-54,Male,Urban,Email,1,,H104040,T104040,,,Core,619,Single Trip,116,0,1,1,2,735
104049,47,45-54,Female,Urban,Email,0,,H104049,T104049,,,Core,806,Single Trip,288,0,1,1,2,1094
100025,21,18-24,Male,Urban,Email,0,,H100025,,,,Family,1083,,,0,1,0,1,1083
100053,21,18-24,Female,Urban,SMS,0,,H100053,,,,Enhanced,1084,,,0,1,0,1,1084
100166,54,45-54,Male,Urban,SMS,1,,H100166,,,,Core,418,,,0,1,0,1,418
100274,19,18-24,Female,Urban,Phone,0,,H100274,,,,Enhanced,1387,,,0,1,0,1,1387
100292,47,45-54,Female,Rural,Email,1,,H100292,,,,Enhanced,418,,,0,1,0,1,418
100348,68,65+,Male,Urban,Phone,0,,H100348,,,,Enhanced,1087,,,0,1,0,1,1087
100596,54,45-54,Male,Rural,Phone,0,,H100596,,,,Family,903,,,0,1,0,1,903
100608,48,45-54,Female,Urban,Email,4,,H100608,,,,Core,748,,,0,1,0,1,748
100626,21,18-24,Female,Urban,Email,0,,H100626,,,,Enhanced,1462,,,0,1,0,1,1462
100676,23,18-24,Female,Urban,Email,0,,H100676,,,,Enhanced,1431,,,0,1,0,1,1431
100684,53,45-54,Male,Rural,Email,2,,H100684,,,,Core,881,,,0,1,0,1,881
100742,24,18-24,Female,Rural,Email,0,,H100742,,,,Family,1668,,,0,1,0,1,1668
100807,76,65+,Female,Rural,Phone,0,,H100807,,,,Family,820,,,0,1,0,1,820
100891,47,45-54,Male,Urban,Email,0,,H100891,,,,Core,1460,,,0,1,0,1,1460
100921,45,45-54,Male,Urban,Phone,0,,H100921,,,,Core,1166,,,0,1,0,1,1166
100970,64,55-64,Male,Urban,Phone,1,,H100970,,,,Core,1072,,,0,1,0,1,1072
101000,48,45-54,Male,Rural,Email,1,,H101000,,,,Core,462,,,0,1,0,1,462
101010,48,45-54,Male,Urban,Phone,3,,H101010,,,,Family,1412,,,0,1,0,1,1412
101027,20,18-24,Non-binary,Rural,SMS,0,,H101027,,,,Family,985,,,0,1,0,1,985
101042,49,45-54,Female,Rural,Phone,3,,H101042,,,,Core,1766,,,0,1,0,1,1766
101075,49,45-54,Female,Urban,Email,0,,H101075,,,,Enhanced,1397,,,0,1,0,1,1397
101110,29,25-34,Male,Urban,Email,0,,H101110,,,,Enhanced,1537,,,0,1,0,1,1537
101114,54,45-54,Female,Rural,Phone,0,,H101114,,,,Enhanced,1253,,,0,1,0,1,1253
101129,23,18-24,Female,Urban,Email,0,,H101129,,,,Family,1745,,,0,1,0,1,1745
101136,45,45-54,Male,Urban,Phone,1,,H101136,,,,Enhanced,1023,,,0,1,0,1,1023
101163,20,18-24,Female,Rural,Phone,0,,H101163,,,,Family,560,,,0,1,0,1,560
101195,22,18-24,Male,Urban,Email,0,,H101195,,,,Core,1521,,,0,1,0,1,1521
101250,21,18-24,Male,Rural,Phone,0,,H101250,,,,Enhanced,779,,,0,1,0,1,779
101262,20,18-24,Male,Urban,Email,0,,H101262,,,,Family,1840,,,0,1,0,1,1840
101267,52,45-54,Female,Urban,Phone,1,,H101267,,,,Enhanced,1804,,,0,1,0,1,1804
101298,30,25-34,Female,Urban,Email,1,,H101298,,,,Enhanced,405,,,0,1,0,1,405
101309,51,45-54,Female,Rural,Email,0,,H101309,,,,Core,593,,,0,1,0,1,593
101345,18,18-24,Male,Urban,Phone,0,,H101345,,,,Core,1034,,,0,1,0,1,1034
101372,62,55-64,Female,Rural,Email,0,,H101372,,,,Enhanced,1335,,,0,1,0,1,1335
101411,20,18-24,Female,Urban,Email,0,,H101411,,,,Core,773,,,0,1,0,1,773
101432,49,45-54,Male,Urban,Email,0,,H101432,,,,Core,1250,,,0,1,0,1,1250
101440,22,18-24,Male,Rural,Phone,0,,H101440,,,,Family,749,,,0,1,0,1,749
101458,79,65+,Male,Rural,Phone,1,,H101458,,,,Family,794,,,0,1,0,1,794
101626,21,18-24,Female,Urban,Email,0,,H101626,,,,Core,765,,,0,1,0,1,765
101637,18,18-24,Female,Urban,SMS,0,,H101637,,,,Core,1633,,,0,1,0,1,1633
101668,49,45-54,Female,Rural,Email,3,,H101668,,,,Core,1039,,,0,1,0,1,1039
101670,48,45-54,Male,Urban,Phone,2,,H101670,,,,Core,1592,,,0,1,0,1,1592
101691,51,45-54,Female,Urban,Phone,2,,H101691,,,,Core,511,,,0,1,0,1,511
101734,74,65+,Female,Rural,Phone,1,,H101734,,,,Enhanced,910,,,0,1,0,1,910
101737,23,18-24,Male,Rural,Phone,0,,H101737,,,,Family,832,,,0,1,0,1,832
101775,63,55-64,Male,Urban,Email,1,,H101775,,,,Core,1115,,,0,1,0,1,1115
101824,25,25-34,Male,Rural,Email,0,,H101824,,,,Enhanced,1122,,,0,1,0,1,1122
101859,29,25-34,Female,Rural,SMS,2,,H101859,,,,Enhanced,417,,,0,1,0,1,417
101878,47,45-54,Male,Urban,Email,3,,H101878,,,,Enhanced,1012,,,0,1,0,1,1012
101927,53,45-54,Female,Urban,Phone,0,,H101927,,,,Enhanced,1100,,,0,1,0,1,1100
101979,20,18-24,Female,Urban,Email,0,,H101979,,,,Family,1765,,,0,1,0,1,1765
100010,22,18-24,Female,Urban,Phone,0,,,T100010,,,,,Single Trip,318,0,0,1,1,318
100027,19,18-24,Female,Urban,Email,0,,,T100027,,,,,Annual,351,0,0,1,1,351
100158,53,45-54,Male,Urban,Email,0,,,T100158,,,,,Single Trip,372,0,0,1,1,372
100206,32,25-34,Male,Urban,Email,0,,,T100206,,,,,Annual,408,0,0,1,1,408
100211,46,45-54,Male,Urban,Email,0,,,T100211,,,,,Single Trip,282,0,0,1,1,282
100226,18,18-24,Male,Rural,Email,0,,,T100226,,,,,Single Trip,206,0,0,1,1,206
100360,54,45-54,Male,Rural,Phone,1,,,T100360,,,,,Annual,86,0,0,1,1,86
100501,48,45-54,Male,Rural,Phone,3,,,T100501,,,,,Annual,93,0,0,1,1,93
100508,23,18-24,Male,Urban,SMS,0,,,T100508,,,,,Single Trip,194,0,0,1,1,194
100547,47,45-54,Female,Urban,SMS,2,,,T100547,,,,,Family,220,0,0,1,1,220
100619,45,45-54,Female,Rural,Email,1,,,T100619,,,,,Annual,411,0,0,1,1,411
100799,25,25-34,Male,Rural,Email,0,,,T100799,,,,,Single Trip,183,0,0,1,1,183
100918,62,55-64,Male,Urban,Email,1,,,T100918,,,,,Single Trip,264,0,0,1,1,264
100951,18,18-24,Female,Urban,Email,0,,,T100951,,,,,Single Trip,360,0,0,1,1,360
100966,48,45-54,Female,Urban,Email,1,,,T100966,,,,,Annual,122,0,0,1,1,122
101138,47,45-54,Male,Rural,Phone,2,,,T101138,,,,,Annual,68,0,0,1,1,68
101194,53,45-54,Male,Urban,Email,2,,,T101194,,,,,Family,373,0,0,1,1,373
101244,18,18-24,Female,Urban,Email,0,,,T101244,,,,,Annual,100,0,0,1,1,100
101427,45,45-54,Male,Urban,Email,1,,,T101427,,,,,Annual,146,0,0,1,1,146
101433,19,18-24,Male,Urban,Email,1,,,T101433,,,,,Single Trip,252,0,0,1,1,252
101474,46,45-54,Female,Urban,SMS,0,,,T101474,,,,,Annual,239,0,0,1,1,239
101574,18,18-24,Male,Rural,Phone,0,,,T101574,,,,,Single Trip,84,0,0,1,1,84
101653,23,18-24,Female,Urban,Email,0,,,T101653,,,,,Family,251,0,0,1,1,251
101694,42,35-44,Female,Rural,Email,2,,,T101694,,,,,Single Trip,194,0,0,1,1,194
101720,45,45-54,Male,Urban,Phone,1,,,T101720,,,,,Family,89,0,0,1,1,89
101748,66,65+,Female,Urban,Phone,1,,,T101748,,,,,Annual,250,0,0,1,1,250
101799,24,18-24,Male,Urban,Email,0,,,T101799,,,,,Single Trip,210,0,0,1,1,210
101818,23,18-24,Male,Rural,Phone,0,,,T101818,,,,,Annual,114,0,0,1,1,114
101937,20,18-24,Female,Urban,Email,0,,,T101937,,,,,Annual,183,0,0,1,1,183
100065,42,35-44,Female,Rural,Email,2,,,,,,,,,,0,0,0,0,0
100072,51,45-54,Male,Rural,Email,2,,,,,,,,,,0,0,0,0,0
100112,22,18-24,Female,Rural,Email,0,,,,,,,,,,0,0,0,0,0
100138,21,18-24,Female,Urban,Email,0,,,,,,,,,,0,0,0,0,0
100151,53,45-54,Female,Urban,Phone,2,,,,,,,,,,0,0,0,0,0
100204,62,55-64,Male,Urban,Phone,2,,,,,,,,,,0,0,0,0,0
100223,50,45-54,Male,Rural,Phone,0,,,,,,,,,,0,0,0,0,0
100293,45,45-54,Female,Rural,Phone,1,,,,,,,,,,0,0,0,0,0
100335,46,45-54,Female,Urban,Email,0,,,,,,,,,,0,0,0,0,0
100374,51,45-54,Male,Urban,Email,0,,,,,,,,,,0,0,0,0,0
100389,60,55-64,Female,Rural,Phone,2,,,,,,,,,,0,0,0,0,0
100431,18,18-24,Female,Urban,Email,0,,,,,,,,,,0,0,0,0,0
100477,50,45-54,Female,Rural,Phone,1,,,,,,,,,,0,0,0,0,0
100479,49,45-54,Female,Rural,Email,1,,,,,,,,,,0,0,0,0,0
100507,25,25-34,Female,Urban,Email,0,,,,,,,,,,0,0,0,0,0
100536,49,45-54,Male,Urban,Email,1,,,,,,,,,,0,0,0,0,0
100586,50,45-54,Female,Urban,Phone,1,,,,,,,,,,0,0,0,0,0
100613,53,45-54,Female,Urban,Phone,2,,,,,,,,,,0,0,0,0,0
100657,76,65+,Male,Urban,Email,1,,,,,,,,,,0,0,0,0,0
100667,45,45-54,Female,Urban,Email,0,,,,,,,,,,0,0,0,0,0
100691,51,45-54,Male,Rural,Phone,2,,,,,,,,,,0,0,0,0,0
100710,23,18-24,Male,Rural,SMS,1,,,,,,,,,,0,0,0,0,0
100770,36,35-44,Female,Rural,Phone,3,,,,,,,,,,0,0,0,0,0
100884,24,18-24,Female,Urban,Email,0,,,,,,,,,,0,0,0,0,0
100902,47,45-54,Female,Urban,Email,2,,,,,,,,,,0,0,0,0,0
100909,50,45-54,Male,Urban,Phone,1,,,,,,,,,,0,0,0,0,0
100924,22,18-24,Female,Urban,Email,0,,,,,,,,,,0,0,0,0,0
100926,49,45-54,Male,Urban,Phone,0,,,,,,,,,,0,0,0,0,0
100950,21,18-24,Male,Rural,SMS,0,,,,,,,,,,0,0,0,0,0
100997,49,45-54,Female,Urban,Phone,0,,,,,,,,,,0,0,0,0,0
101044,45,45-54,Female,Rural,Phone,1,,,,,,,,,,0,0,0,0,0
101061,20,18-24,Male,Rural,Email,0,,,,,,,,,,0,0,0,0,0
101117,50,45-54,Female,Urban,Phone,2,,,,,,,,,,0,0,0,0,0
101180,18,18-24,Female,Urban,Email,0,,,,,,,,,,0,0,0,0,0
101191,18,18-24,Female,Urban,SMS,0,,,,,,,,,,0,0,0,0,0
101322,53,45-54,Male,Urban,SMS,2,,,,,,,,,,0,0,0,0,0
101343,20,18-24,Male,Rural,SMS,0,,,,,,,,,,0,0,0,0,0
101369,21,18-24,Female,Urban,SMS,0,,,,,,,,,,0,0,0,0,0
101457,46,45-54,Female,Urban,Phone,1,,,,,,,,,,0,0,0,0,0
101478,21,18-24,Female,Urban,SMS,0,,,,,,,,,,0,0,0,0,0
101480,24,18-24,Female,Urban,Phone,0,,,,,,,,,,0,0,0,0,0
101806,46,45-54,Female,Urban,Phone,1,,,,,,,,,,0,0,0,0,0
101809,63,55-64,Female,Urban,Phone,1,,,,,,,,,,0,0,0,0,0
101827,24,18-24,Male,Urban,Phone,0,,,,,,,,,,0,0,0,0,0
101847,22,18-24,Female,Urban,SMS,0,,,,,,,,,,0,0,0,0,0
101877,47,45-54,Female,Rural,Email,1,,,,,,,,,,0,0,0,0,0
101900,47,45-54,Female,Rural,Phone,2,,,,,,,,,,0,0,0,0,0
101909,46,45-54,Female,Urban,SMS,0,,,,,,,,,,0,0,0,0,0
101955,54,45-54,Male,Rural,Email,0,,,,,,,,,,0,0,0,0,0
101977,52,45-54,Male,Rural,Email,1,,,,,,,,,,0,0,0,0,0
102048,48,45-54,Female,Urban,Phone,1,,,,,,,,,,0,0,0,0,0
102082,47,45-54,Female,Rural,Email,0,,H102082,,,,Family,1058,,,0,1,0,1,1058
102204,54,45-54,Female,Urban,Phone,1,,H102204,,,,Core,1420,,,0,1,0,1,1420
102211,49,45-54,Female,Urban,Phone,0,,H102211,,,,Family,1428,,,0,1,0,1,1428
102300,54,45-54,Male,Rural,Email,0,,H102300,,,,Family,1249,,,0,1,0,1,1249
102310,54,45-54,Male,Urban,Email,1,,H102310,,,,Enhanced,926,,,0,1,0,1,926
102313,23,18-24,Male,Urban,SMS,1,,H102313,,,,Enhanced,1541,,,0,1,0,1,1541
102334,54,45-54,Female,Urban,Email,0,,H102334,,,,Family,1712,,,0,1,0,1,1712
102355,45,45-54,Male,Rural,Email,1,,H102355,,,,Core,741,,,0,1,0,1,741
102399,23,18-24,Male,Urban,Email,1,,H102399,,,,Core,1260,,,0,1,0,1,1260
102502,33,25-34,Female,Urban,SMS,0,,H102502,,,,Enhanced,609,,,0,1,0,1,609
102543,56,55-64,Male,Rural,Phone,0,,H102543,,,,Enhanced,1229,,,0,1,0,1,1229
102585,26,25-34,Female,Rural,Email,0,,H102585,,,,Enhanced,1234,,,0,1,0,1,1234
102683,23,18-24,Female,Rural,Email,0,,H102683,,,,Enhanced,1462,,,0,1,0,1,1462
102746,49,45-54,Male,Urban,Email,2,,H102746,,,,Enhanced,1187,,,0,1,0,1,1187
102763,23,18-24,Female,Urban,Email,0,,H102763,,,,Core,579,,,0,1,0,1,579
102768,50,45-54,Female,Urban,Email,1,,H102768,,,,Core,1138,,,0,1,0,1,1138
102774,46,45-54,Female,Rural,SMS,1,,H102774,,,,Family,764,,,0,1,0,1,764
102848,40,35-44,Female,Rural,Phone,2,,H102848,,,,Enhanced,1539,,,0,1,0,1,1539
102850,45,45-54,Male,Rural,Phone,2,,H102850,,,,Core,894,,,0,1,0,1,894
102921,49,45-54,Male,Rural,Email,0,,H102921,,,,Enhanced,899,,,0,1,0,1,899
103042,20,18-24,Male,Urban,SMS,0,,H103042,,,,Core,1186,,,0,1,0,1,1186
103065,19,18-24,Male,Urban,Email,0,,H103065,,,,Enhanced,1063,,,0,1,0,1,1063
103095,52,45-54,Male,Rural,Email,2,,H103095,,,,Enhanced,637,,,0,1,0,1,637
103133,19,18-24,Male,Urban,SMS,0,,H103133,,,,Core,1119,,,0,1,0,1,1119
103165,26,25-34,Female,Rural,Email,0,,H103165,,,,Core,995,,,0,1,0,1,995
103187,50,45-54,Male,Rural,Email,1,,H103187,,,,Enhanced,1338,,,0,1,0,1,1338
103283,36,35-44,Male,Rural,SMS,0,,H103283,,,,Core,1216,,,0,1,0,1,1216
103296,40,35-44,Male,Rural,Phone,1,,H103296,,,,Family,949,,,0,1,0,1,949
103331,46,45-54,Male,Urban,Phone,0,,H103331,,,,Enhanced,652,,,0,1,0,1,652
103338,53,45-54,Male,Urban,Phone,0,,H103338,,,,Enhanced,552,,,0,1,0,1,552
103383,44,35-44,Male,Urban,Phone,3,,H103383,,,,Family,496,,,0,1,0,1,496
103464,24,18-24,Female,Rural,Email,0,,H103464,,,,Core,1508,,,0,1,0,1,1508
103501,20,18-24,Male,Rural,Email,0,,H103501,,,,Enhanced,954,,,0,1,0,1,954
103567,48,45-54,Male,Urban,Email,2,,H103567,,,,Enhanced,754,,,0,1,0,1,754
103661,46,45-54,Female,Rural,SMS,1,,H103661,,,,Enhanced,1167,,,0,1,0,1,1167
103700,23,18-24,Male,Rural,Email,0,,H103700,,,,Core,1402,,,0,1,0,1,1402
103744,45,45-54,Male,Urban,Email,0,,H103744,,,,Enhanced,385,,,0,1,0,1,385
103748,54,45-54,Female,Urban,Email,1,,H103748,,,,Core,1094,,,0,1,0,1,1094
103753,45,45-54,Female,Urban,Phone,2,,H103753,,,,Core,1415,,,0,1,0,1,1415
103768,46,45-54,Male,Urban,Phone,0,,H103768,,,,Core,1688,,,0,1,0,1,1688
103821,47,45-54,Male,Urban,Email,1,,H103821,,,,Core,1508,,,0,1,0,1,1508
103872,21,18-24,Male,Urban,SMS,0,,H103872,,,,Core,539,,,0,1,0,1,539
103876,45,45-54,Male,Rural,Email,2,,H103876,,,,Family,478,,,0,1,0,1,478
103897,22,18-24,Male,Urban,SMS,0,,H103897,,,,Enhanced,1289,,,0,1,0,1,1289
103941,49,45-54,Female,Rural,Email,1,,H103941,,,,Family,1580,,,0,1,0,1,1580
103953,48,45-54,Male,Urban,SMS,1,,H103953,,,,Enhanced,580,,,0,1,0,1,580
104039,44,35-44,Female,Rural,Phone,2,,H104039,,,,Core,1533,,,0,1,0,1,1533
102102,27,25-34,Male,Rural,Email,0,,,T102102,,,,,Single Trip,219,0,0,1,1,219
102156,24,18-24,Male,Urban,SMS,0,,,T102156,,,,,Annual,118,0,0,1,1,118
102239,46,45-54,Male,Rural,Email,3,,,T102239,,,,,Annual,316,0,0,1,1,316
102358,45,45-54,Male,Rural,Phone,0,,,T102358,,,,,Single Trip,409,0,0,1,1,409
102385,26,25-34,Female,Urban,SMS,0,,,T102385,,,,,Single Trip,330,0,0,1,1,330
102477,48,45-54,Female,Urban,Email,2,,,T102477,,,,,Annual,130,0,0,1,1,130
102492,20,18-24,Non-binary,Rural,Phone,0,,,T102492,,,,,Family,308,0,0,1,1,308
102539,50,45-54,Female,Rural,Phone,1,,,T102539,,,,,Family,189,0,0,1,1,189
102641,18,18-24,Male,Rural,Phone,1,,,T102641,,,,,Family,108,0,0,1,1,108
102691,47,45-54,Male,Urban,Email,1,,,T102691,,,,,Family,346,0,0,1,1,346
102740,26,25-34,Male,Urban,Email,1,,,T102740,,,,,Annual,367,0,0,1,1,367
102743,53,45-54,Male,Rural,Phone,0,,,T102743,,,,,Annual,198,0,0,1,1,198
102758,20,18-24,Male,Rural,Email,0,,,T102758,,,,,Annual,109,0,0,1,1,109
102761,52,45-54,Male,Rural,SMS,0,,,T102761,,,,,Annual,305,0,0,1,1,305
102772,50,45-54,Female,Urban,Phone,2,,,T102772,,,,,Annual,159,0,0,1,1,159
102812,21,18-24,Male,Rural,SMS,0,,,T102812,,,,,Single Trip,178,0,0,1,1,178
102849,24,18-24,Male,Urban,SMS,0,,,T102849,,,,,Single Trip,419,0,0,1,1,419
102856,47,45-54,Male,Urban,Email,1,,,T102856,,,,,Single Trip,94,0,0,1,1,94
102952,49,45-54,Female,Rural,Phone,1,,,T102952,,,,,Annual,203,0,0,1,1,203
103003,53,45-54,Female,Urban,Phone,1,,,T103003,,,,,Single Trip,51,0,0,1,1,51
103030,22,18-24,Female,Rural,SMS,0,,,T103030,,,,,Single Trip,109,0,0,1,1,109
103071,59,55-64,Male,Urban,Phone,0,,,T103071,,,,,Annual,108,0,0,1,1,108
103116,45,45-54,Male,Urban,Email,2,,,T103116,,,,,Single Trip,157,0,0,1,1,157
103208,76,65+,Male,Urban,Phone,1,,,T103208,,,,,Single Trip,79,0,0,1,1,79
103222,79,65+,Female,Urban,Email,1,,,T103222,,,,,Single Trip,164,0,0,1,1,164
103313,27,25-34,Female,Urban,Email,0,,,T103313,,,,,Annual,307,0,0,1,1,307
103333,50,45-54,Male,Urban,Phone,1,,,T103333,,,,,Single Trip,225,0,0,1,1,225
103377,49,45-54,Female,Urban,Phone,0,,,T103377,,,,,Family,161,0,0,1,1,161
103408,45,45-54,Male,Rural,SMS,0,,,T103408,,,,,Single Trip,249,0,0,1,1,249
103617,22,18-24,Female,Urban,Email,0,,,T103617,,,,,Family,81,0,0,1,1,81
103639,22,18-24,Male,Urban,Phone,0,,,T103639,,,,,Family,392,0,0,1,1,392
103647,47,45-54,Male,Urban,Email,3,,,T103647,,,,,Single Trip,297,0,0,1,1,297
103651,20,18-24,Male,Rural,SMS,0,,,T103651,,,,,Annual,328,0,0,1,1,328
103662,18,18-24,Male,Rural,Email,0,,,T103662,,,,,Single Trip,274,0,0,1,1,274
103848,29,25-34,Female,Rural,SMS,1,,,T103848,,,,,Annual,145,0,0,1,1,145
104075,21,18-24,Female,Urban,Email,0,,,T104075,,,,,Family,313,0,0,1,1,313
102079,23,18-24,Male,Rural,Email,0,,,,,,,,,,0,0,0,0,0
102093,50,45-54,Male,Urban,Email,1,,,,,,,,,,0,0,0,0,0
102100,39,35-44,Male,Rural,Phone,1,,,,,,,,,,0,0,0,0,0
102105,54,45-54,Male,Rural,Phone,2,,,,,,,,,,0,0,0,0,0
102110,24,18-24,Female,Urban,Email,0,,,,,,,,,,0,0,0,0,0
102140,23,18-24,Female,Rural,Email,1,,,,,,,,,,0,0,0,0,0
102164,49,45-54,Female,Rural,Email,2,,,,,,,,,,0,0,0,0,0
102189,47,45-54,Male,Rural,Email,2,,,,,,,,,,0,0,0,0,0
102232,20,18-24,Female,Rural,Email,0,,,,,,,,,,0,0,0,0,0
102301,57,55-64,Female,Urban,Phone,1,,,,,,,,,,0,0,0,0,0
102352,49,45-54,Female,Urban,Email,0,,,,,,,,,,0,0,0,0,0
102390,19,18-24,Male,Rural,Email,0,,,,,,,,,,0,0,0,0,0
102422,51,45-54,Male,Rural,Phone,2,,,,,,,,,,0,0,0,0,0
102515,58,55-64,Female,Urban,Phone,1,,,,,,,,,,0,0,0,0,0
102545,43,35-44,Male,Urban,Email,2,,,,,,,,,,0,0,0,0,0
102565,53,45-54,Female,Urban,Phone,3,,,,,,,,,,0,0,0,0,0
102573,50,45-54,Female,Urban,Phone,4,,,,,,,,,,0,0,0,0,0
102674,53,45-54,Female,Rural,Email,0,,,,,,,,,,0,0,0,0,0
102680,21,18-24,Female,Rural,Email,0,,,,,,,,,,0,0,0,0,0
102723,45,45-54,Female,Urban,Phone,5,,,,,,,,,,0,0,0,0,0
102871,52,45-54,Male,Urban,Email,0,,,,,,,,,,0,0,0,0,0
102948,21,18-24,Male,Rural,Email,0,,,,,,,,,,0,0,0,0,0
103005,21,18-24,Female,Rural,SMS,0,,,,,,,,,,0,0,0,0,0
103010,50,45-54,Male,Rural,Phone,0,,,,,,,,,,0,0,0,0,0
103011,21,18-24,Female,Urban,Email,0,,,,,,,,,,0,0,0,0,0
103021,53,45-54,Male,Urban,Phone,4,,,,,,,,,,0,0,0,0,0
103023,22,18-24,Female,Urban,SMS,0,,,,,,,,,,0,0,0,0,0
103027,18,18-24,Female,Urban,SMS,0,,,,,,,,,,0,0,0,0,0
103081,49,45-54,Male,Urban,Email,1,,,,,,,,,,0,0,0,0,0
103167,53,45-54,Female,Urban,SMS,0,,,,,,,,,,0,0,0,0,0
103207,63,55-64,Male,Rural,Phone,2,,,,,,,,,,0,0,0,0,0
103276,27,25-34,Male,Urban,Phone,0,,,,,,,,,,0,0,0,0,0
103317,20,18-24,Male,Urban,Email,0,,,,,,,,,,0,0,0,0,0
103323,24,18-24,Male,Urban,SMS,0,,,,,,,,,,0,0,0,0,0
103339,54,45-54,Female,Rural,Email,0,,,,,,,,,,0,0,0,0,0
103382,21,18-24,Female,Urban,Email,0,,,,,,,,,,0,0,0,0,0
103424,46,45-54,Female,Rural,Email,0,,,,,,,,,,0,0,0,0,0
103529,54,45-54,Male,Urban,Phone,2,,,,,,,,,,0,0,0,0,0
103548,28,25-34,Female,Rural,Email,1,,,,,,,,,,0,0,0,0,0
103550,54,45-54,Female,Urban,Email,1,,,,,,,,,,0,0,0,0,0
103561,53,45-54,Female,Urban,Phone,1,,,,,,,,,,0,0,0,0,0
103777,47,45-54,Female,Rural,Email,3,,,,,,,,,,0,0,0,0,0
103860,54,45-54,Male,Rural,Email,1,,,,,,,,,,0,0,0,0,0
103862,46,45-54,Female,Urban,SMS,1,,,,,,,,,,0,0,0,0,0
103896,50,45-54,Female,Rural,Phone,0,,,,,,,,,,0,0,0,0,0
103913,38,35-44,Male,Urban,Phone,2,,,,,,,,,,0,0,0,0,0
103978,35,35-44,Male,Urban,SMS,0,,,,,,,,,,0,0,0,0,0
104051,25,25-34,Female,Urban,Email,0,,,,,,,,,,0,0,0,0,0
104083,20,18-24,Female,Urban,Email,0,,,,,,,,,,0,0,0,0,0
